step,raw_cmd_vel_lx,raw_cmd_vel_ly,raw_cmd_vel_lz,raw_cmd_vel_ax,raw_cmd_vel_ay,raw_cmd_vel_az,raw_back_joint,raw_left_shoulder_yaw,raw_left_shoulder_pitch,raw_left_elbow_pitch,raw_left_wrist_pitch,raw_left_wrist_roll,raw_left_gripper,raw_right_shoulder_yaw,raw_right_shoulder_pitch,raw_right_elbow_pitch,raw_right_wrist_pitch,raw_right_wrist_roll,raw_right_gripper,raw_head_yaw,raw_head_pitch,raw_head_roll,normalized_cmd_vel_lx,normalized_cmd_vel_ly,normalized_cmd_vel_lz,normalized_cmd_vel_ax,normalized_cmd_vel_ay,normalized_cmd_vel_az,normalized_back_joint,normalized_left_shoulder_yaw,normalized_left_shoulder_pitch,normalized_left_elbow_pitch,normalized_left_wrist_pitch,normalized_left_wrist_roll,normalized_left_gripper,normalized_right_shoulder_yaw,normalized_right_shoulder_pitch,normalized_right_elbow_pitch,normalized_right_wrist_pitch,normalized_right_wrist_roll,normalized_right_gripper,normalized_head_yaw,normalized_head_pitch,normalized_head_roll,denorm_if_raw_is_raw_cmd_vel_lx,denorm_if_raw_is_raw_cmd_vel_ly,denorm_if_raw_is_raw_cmd_vel_lz,denorm_if_raw_is_raw_cmd_vel_ax,denorm_if_raw_is_raw_cmd_vel_ay,denorm_if_raw_is_raw_cmd_vel_az,denorm_if_raw_is_raw_back_joint,denorm_if_raw_is_raw_left_shoulder_yaw,denorm_if_raw_is_raw_left_shoulder_pitch,denorm_if_raw_is_raw_left_elbow_pitch,denorm_if_raw_is_raw_left_wrist_pitch,denorm_if_raw_is_raw_left_wrist_roll,denorm_if_raw_is_raw_left_gripper,denorm_if_raw_is_raw_right_shoulder_yaw,denorm_if_raw_is_raw_right_shoulder_pitch,denorm_if_raw_is_raw_right_elbow_pitch,denorm_if_raw_is_raw_right_wrist_pitch,denorm_if_raw_is_raw_right_wrist_roll,denorm_if_raw_is_raw_right_gripper,denorm_if_raw_is_raw_head_yaw,denorm_if_raw_is_raw_head_pitch,denorm_if_raw_is_raw_head_roll,denorm_if_raw_is_normalized_cmd_vel_lx,denorm_if_raw_is_normalized_cmd_vel_ly,denorm_if_raw_is_normalized_cmd_vel_lz,denorm_if_raw_is_normalized_cmd_vel_ax,denorm_if_raw_is_normalized_cmd_vel_ay,denorm_if_raw_is_normalized_cmd_vel_az,denorm_if_raw_is_normalized_back_joint,denorm_if_raw_is_normalized_left_shoulder_yaw,denorm_if_raw_is_normalized_left_shoulder_pitch,denorm_if_raw_is_normalized_left_elbow_pitch,denorm_if_raw_is_normalized_left_wrist_pitch,denorm_if_raw_is_normalized_left_wrist_roll,denorm_if_raw_is_normalized_left_gripper,denorm_if_raw_is_normalized_right_shoulder_yaw,denorm_if_raw_is_normalized_right_shoulder_pitch,denorm_if_raw_is_normalized_right_elbow_pitch,denorm_if_raw_is_normalized_right_wrist_pitch,denorm_if_raw_is_normalized_right_wrist_roll,denorm_if_raw_is_normalized_right_gripper,denorm_if_raw_is_normalized_head_yaw,denorm_if_raw_is_normalized_head_pitch,denorm_if_raw_is_normalized_head_roll
0,-0.0,0.0,0.0,0.0,0.0,0.0,0.10000000149011612,0.0,0.10737865418195724,-1.4848934412002563,-0.14419420063495636,-0.0,-0.0,0.0,0.10737865418195724,-1.4848934412002563,-0.14419420063495636,-0.0,-0.0,-0.12118448317050934,-0.03528155758976936,0.004601942375302315,-0.3286009132862091,-0.00332721252925694,0.0,0.0,0.0,-0.04250015318393707,-0.9998122453689575,0.0,-0.99986732006073,-0.9998070001602173,-1.0001758337020874,-0.0,-0.0,-0.3946073651313782,-0.6581684350967407,-0.9468866586685181,0.298265665769577,0.1643766313791275,-0.481687992811203,0.21020983159542084,2.539543390274048,-1.0708856582641602,-0.0,0.0,0.0,0.0,0.0,0.0,0.10000000149011612,0.0,0.10737865418195724,-1.4848934412002563,-0.14419420063495636,-0.0,-0.0,0.0,0.10737865418195724,-1.4848934412002563,-0.14419420063495636,-0.0,-0.0,-0.12118448317050934,-0.03528155758976936,0.004601942375302315,0.012632614001631737,2.450196916470304e-05,0.0,0.0,0.0,0.005789338145405054,0.10004892200231552,0.0,0.10741472989320755,-1.4850562810897827,-0.14416742324829102,0.0,0.0,0.06892840564250946,0.3509591519832611,-1.9470815658569336,-0.2944178283214569,-0.01989131048321724,0.14634501934051514,-0.25628936290740967,-0.9611251950263977,0.061818432062864304
1,-0.0,0.0,0.0,0.0,0.0,0.0,0.10000000149011612,0.0,0.10737865418195724,-1.4848934412002563,-0.14419420063495636,-0.0,-0.0,0.0,0.10737865418195724,-1.4848934412002563,-0.14419420063495636,-0.0,-0.0,-0.12118448317050934,-0.03374757617712021,0.004601942375302315,-0.3286009132862091,-0.00332721252925694,0.0,0.0,0.0,-0.04250015318393707,-0.9998122453689575,0.0,-0.99986732006073,-0.9998070001602173,-1.0001758337020874,-0.0,-0.0,-0.3946073651313782,-0.6581684350967407,-0.9468866586685181,0.298265665769577,0.1643766313791275,-0.481687992811203,0.21020983159542084,2.543809413909912,-1.0708856582641602,-0.0,0.0,0.0,0.0,0.0,0.0,0.10000000149011612,0.0,0.10737865418195724,-1.4848934412002563,-0.14419420063495636,-0.0,-0.0,0.0,0.10737865418195724,-1.4848934412002563,-0.14419420063495636,-0.0,-0.0,-0.12118448317050934,-0.03374757617712021,0.004601942375302315,0.012632614001631737,2.450196916470304e-05,0.0,0.0,0.0,0.005789338145405054,0.10004892200231552,0.0,0.10741472989320755,-1.4850562810897827,-0.14416742324829102,0.0,0.0,0.06892840564250946,0.3509591519832611,-1.9470815658569336,-0.2944178283214569,-0.01989131048321724,0.14634501934051514,-0.25628936290740967,-0.9605736136436462,0.061818432062864304
2,-0.0,0.0,0.0,0.0,0.0,0.0,0.10000000149011612,0.0,0.10737865418195724,-1.4848934412002563,-0.14419420063495636,-0.0,-0.0,0.0,0.10737865418195724,-1.4848934412002563,-0.14419420063495636,-0.0,-0.0,-0.11965049803256989,-0.032213594764471054,0.004601942375302315,-0.3286009132862091,-0.00332721252925694,0.0,0.0,0.0,-0.04250015318393707,-0.9998122453689575,0.0,-0.99986732006073,-0.9998070001602173,-1.0001758337020874,-0.0,-0.0,-0.3946073651313782,-0.6581684350967407,-0.9468866586685181,0.298265665769577,0.1643766313791275,-0.481687992811203,0.21397249400615692,2.5480754375457764,-1.0708856582641602,-0.0,0.0,0.0,0.0,0.0,0.0,0.10000000149011612,0.0,0.10737865418195724,-1.4848934412002563,-0.14419420063495636,-0.0,-0.0,0.0,0.10737865418195724,-1.4848934412002563,-0.14419420063495636,-0.0,-0.0,-0.11965049803256989,-0.032213594764471054,0.004601942375302315,0.012632614001631737,2.450196916470304e-05,0.0,0.0,0.0,0.005789338145405054,0.10004892200231552,0.0,0.10741472989320755,-1.4850562810897827,-0.14416742324829102,0.0,0.0,0.06892840564250946,0.3509591519832611,-1.9470815658569336,-0.2944178283214569,-0.01989131048321724,0.14634501934051514,-0.25566399097442627,-0.9600220322608948,0.061818432062864304
3,-0.0,0.0,0.0,0.0,0.0,0.0,0.10000000149011612,0.0,0.10737865418195724,-1.4848934412002563,-0.14419420063495636,-0.0,-0.0,0.0,0.10737865418195724,-1.4848934412002563,-0.14419420063495636,-0.0,-0.0,-0.11965049803256989,-0.032213594764471054,0.004601942375302315,-0.3286009132862091,-0.00332721252925694,0.0,0.0,0.0,-0.04250015318393707,-0.9998122453689575,0.0,-0.99986732006073,-0.9998070001602173,-1.0001758337020874,-0.0,-0.0,-0.3946073651313782,-0.6581684350967407,-0.9468866586685181,0.298265665769577,0.1643766313791275,-0.481687992811203,0.21397249400615692,2.5480754375457764,-1.0708856582641602,-0.0,0.0,0.0,0.0,0.0,0.0,0.10000000149011612,0.0,0.10737865418195724,-1.4848934412002563,-0.14419420063495636,-0.0,-0.0,0.0,0.10737865418195724,-1.4848934412002563,-0.14419420063495636,-0.0,-0.0,-0.11965049803256989,-0.032213594764471054,0.004601942375302315,0.012632614001631737,2.450196916470304e-05,0.0,0.0,0.0,0.005789338145405054,0.10004892200231552,0.0,0.10741472989320755,-1.4850562810897827,-0.14416742324829102,0.0,0.0,0.06892840564250946,0.3509591519832611,-1.9470815658569336,-0.2944178283214569,-0.01989131048321724,0.14634501934051514,-0.25566399097442627,-0.9600220322608948,0.061818432062864304
4,-0.0,0.0,0.0,0.0,0.0,0.0,0.10000000149011612,0.0,0.10737865418195724,-1.4848934412002563,-0.14419420063495636,-0.0,-0.0,0.0,0.10737865418195724,-1.4848934412002563,-0.14419420063495636,-0.0,-0.0,-0.11811652034521103,-0.041417479515075684,0.006135923322290182,-0.3286009132862091,-0.00332721252925694,0.0,0.0,0.0,-0.04250015318393707,-0.9998122453689575,0.0,-0.99986732006073,-0.9998070001602173,-1.0001758337020874,-0.0,-0.0,-0.3946073651313782,-0.6581684350967407,-0.9468866586685181,0.298265665769577,0.1643766313791275,-0.481687992811203,0.2177351415157318,2.5224788188934326,-1.0420517921447754,-0.0,0.0,0.0,0.0,0.0,0.0,0.10000000149011612,0.0,0.10737865418195724,-1.4848934412002563,-0.14419420063495636,-0.0,-0.0,0.0,0.10737865418195724,-1.4848934412002563,-0.14419420063495636,-0.0,-0.0,-0.11811652034521103,-0.041417479515075684,0.006135923322290182,0.012632614001631737,2.450196916470304e-05,0.0,0.0,0.0,0.005789338145405054,0.10004892200231552,0.0,0.10741472989320755,-1.4850562810897827,-0.14416742324829102,0.0,0.0,0.06892840564250946,0.3509591519832611,-1.9470815658569336,-0.2944178283214569,-0.01989131048321724,0.14634501934051514,-0.25503861904144287,-0.9633315205574036,0.06190004199743271
5,-0.0,0.0,0.0,0.0,0.0,0.0,0.10000000149011612,0.0,0.10737865418195724,-1.4848934412002563,-0.14419420063495636,-0.0,-0.0,0.0,0.10737865418195724,-1.4848934412002563,-0.14419420063495636,-0.0,-0.0,-0.11658254265785217,-0.05215534567832947,0.004601942375302315,-0.3286009132862091,-0.00332721252925694,0.0,0.0,0.0,-0.04250015318393707,-0.9998122453689575,0.0,-0.99986732006073,-0.9998070001602173,-1.0001758337020874,-0.0,-0.0,-0.3946073651313782,-0.6581684350967407,-0.9468866586685181,0.298265665769577,0.1643766313791275,-0.481687992811203,0.2214977741241455,2.4926164150238037,-1.0708856582641602,-0.0,0.0,0.0,0.0,0.0,0.0,0.10000000149011612,0.0,0.10737865418195724,-1.4848934412002563,-0.14419420063495636,-0.0,-0.0,0.0,0.10737865418195724,-1.4848934412002563,-0.14419420063495636,-0.0,-0.0,-0.11658254265785217,-0.05215534567832947,0.004601942375302315,0.012632614001631737,2.450196916470304e-05,0.0,0.0,0.0,0.005789338145405054,0.10004892200231552,0.0,0.10741472989320755,-1.4850562810897827,-0.14416742324829102,0.0,0.0,0.06892840564250946,0.3509591519832611,-1.9470815658569336,-0.2944178283214569,-0.01989131048321724,0.14634501934051514,-0.2544132173061371,-0.9671925902366638,0.061818432062864304
6,-0.0,0.0,0.0,0.0,0.0,0.0,0.10000000149011612,0.0,0.10737865418195724,-1.4848934412002563,-0.14419420063495636,-0.0,-0.0,0.0,0.10737865418195724,-1.4848934412002563,-0.14419420063495636,-0.0,-0.0,-0.11198059469461441,-0.08897088468074799,0.0015339808305725455,-0.3286009132862091,-0.00332721252925694,0.0,0.0,0.0,-0.04250015318393707,-0.9998122453689575,0.0,-0.99986732006073,-0.9998070001602173,-1.0001758337020874,-0.0,-0.0,-0.3946073651313782,-0.6581684350967407,-0.9468866586685181,0.298265665769577,0.1643766313791275,-0.481687992811203,0.23278574645519257,2.390230178833008,-1.1285535097122192,-0.0,0.0,0.0,0.0,0.0,0.0,0.10000000149011612,0.0,0.10737865418195724,-1.4848934412002563,-0.14419420063495636,-0.0,-0.0,0.0,0.10737865418195724,-1.4848934412002563,-0.14419420063495636,-0.0,-0.0,-0.11198059469461441,-0.08897088468074799,0.0015339808305725455,0.012632614001631737,2.450196916470304e-05,0.0,0.0,0.0,0.005789338145405054,0.10004892200231552,0.0,0.10741472989320755,-1.4850562810897827,-0.14416742324829102,0.0,0.0,0.06892840564250946,0.3509591519832611,-1.9470815658569336,-0.2944178283214569,-0.01989131048321724,0.14634501934051514,-0.2525370717048645,-0.980430543422699,0.06165521591901779
7,-0.0,0.0,0.0,0.0,0.0,0.0,0.10000000149011612,0.0,0.10737865418195724,-1.4848934412002563,-0.14419420063495636,-0.0,-0.0,0.0,0.10737865418195724,-1.4848934412002563,-0.14419420063495636,-0.0,-0.0,-0.09817477315664291,-0.1595340073108673,-0.0,-0.3286009132862091,-0.00332721252925694,0.0,0.0,0.0,-0.04250015318393707,-0.9998122453689575,0.0,-0.99986732006073,-0.9998070001602173,-1.0001758337020874,-0.0,-0.0,-0.3946073651313782,-0.6581684350967407,-0.9468866586685181,0.298265665769577,0.1643766313791275,-0.481687992811203,0.2666495740413666,2.1939899921417236,-1.1573874950408936,-0.0,0.0,0.0,0.0,0.0,0.0,0.10000000149011612,0.0,0.10737865418195724,-1.4848934412002563,-0.14419420063495636,-0.0,-0.0,0.0,0.10737865418195724,-1.4848934412002563,-0.14419420063495636,-0.0,-0.0,-0.09817477315664291,-0.1595340073108673,-0.0,0.012632614001631737,2.450196916470304e-05,0.0,0.0,0.0,0.005789338145405054,0.10004892200231552,0.0,0.10741472989320755,-1.4850562810897827,-0.14416742324829102,0.0,0.0,0.06892840564250946,0.3509591519832611,-1.9470815658569336,-0.2944178283214569,-0.01989131048321724,0.14634501934051514,-0.24690863490104675,-1.0058033466339111,0.06157360598444939
8,-0.0,0.0,0.0,0.0,0.0,0.0,0.10000000149011612,0.0,0.10737865418195724,-1.4848934412002563,-0.14419420063495636,-0.0,-0.0,0.0,0.10737865418195724,-1.4848934412002563,-0.14419420063495636,-0.0,-0.0,-0.08743690699338913,-0.20555342733860016,-0.003067961661145091,-0.3286009132862091,-0.00332721252925694,0.0,0.0,0.0,-0.04250015318393707,-0.9998122453689575,0.0,-0.99986732006073,-0.9998070001602173,-1.0001758337020874,-0.0,-0.0,-0.3946073651313782,-0.6581684350967407,-0.9468866586685181,0.298265665769577,0.1643766313791275,-0.481687992811203,0.2929881513118744,2.066007375717163,-1.2150553464889526,-0.0,0.0,0.0,0.0,0.0,0.0,0.10000000149011612,0.0,0.10737865418195724,-1.4848934412002563,-0.14419420063495636,-0.0,-0.0,0.0,0.10737865418195724,-1.4848934412002563,-0.14419420063495636,-0.0,-0.0,-0.08743690699338913,-0.20555342733860016,-0.003067961661145091,0.012632614001631737,2.450196916470304e-05,0.0,0.0,0.0,0.005789338145405054,0.10004892200231552,0.0,0.10741472989320755,-1.4850562810897827,-0.14416742324829102,0.0,0.0,0.06892840564250946,0.3509591519832611,-1.9470815658569336,-0.2944178283214569,-0.01989131048321724,0.14634501934051514,-0.242530956864357,-1.022350788116455,0.061410389840602875
9,-0.0,0.0,0.0,0.0,0.0,0.0,0.10000000149011612,0.0,0.10737865418195724,-1.4848934412002563,-0.14419420063495636,-0.0,-0.0,0.0,0.10737865418195724,-1.4848934412002563,-0.14419420063495636,-0.0,-0.0,-0.0782330185174942,-0.29145634174346924,-0.012271846644580364,-0.3286009132862091,-0.00332721252925694,0.0,0.0,0.0,-0.04250015318393707,-0.9998122453689575,0.0,-0.99986732006073,-0.9998070001602173,-1.0001758337020874,-0.0,-0.0,-0.3946073651313782,-0.6581684350967407,-0.9468866586685181,0.298265665769577,0.1643766313791275,-0.481687992811203,0.3155640661716461,1.8271063566207886,-1.388059139251709,-0.0,0.0,0.0,0.0,0.0,0.0,0.10000000149011612,0.0,0.10737865418195724,-1.4848934412002563,-0.14419420063495636,-0.0,-0.0,0.0,0.10737865418195724,-1.4848934412002563,-0.14419420063495636,-0.0,-0.0,-0.0782330185174942,-0.29145634174346924,-0.012271846644580364,0.012632614001631737,2.450196916470304e-05,0.0,0.0,0.0,0.005789338145405054,0.10004892200231552,0.0,0.10741472989320755,-1.4850562810897827,-0.14416742324829102,0.0,0.0,0.06892840564250946,0.3509591519832611,-1.9470815658569336,-0.2944178283214569,-0.01989131048321724,0.14634501934051514,-0.23877865076065063,-1.053239345550537,0.06092073768377304
10,-0.0,0.0,0.0,0.0,0.0,0.0,0.10000000149011612,0.0,0.10737865418195724,-1.4848934412002563,-0.14419420063495636,-0.0,-0.0,0.0,0.10737865418195724,-1.4848934412002563,-0.14419420063495636,-0.0,-0.0,-0.07516505569219589,-0.34821364283561707,-0.013805827125906944,-0.3286009132862091,-0.00332721252925694,0.0,0.0,0.0,-0.04250015318393707,-0.9998122453689575,0.0,-0.99986732006073,-0.9998070001602173,-1.0001758337020874,-0.0,-0.0,-0.3946073651313782,-0.6581684350967407,-0.9468866586685181,0.298265665769577,0.1643766313791275,-0.481687992811203,0.3230893909931183,1.66926109790802,-1.4168930053710938,-0.0,0.0,0.0,0.0,0.0,0.0,0.10000000149011612,0.0,0.10737865418195724,-1.4848934412002563,-0.14419420063495636,-0.0,-0.0,0.0,0.10737865418195724,-1.4848934412002563,-0.14419420063495636,-0.0,-0.0,-0.07516505569219589,-0.34821364283561707,-0.013805827125906944,0.012632614001631737,2.450196916470304e-05,0.0,0.0,0.0,0.005789338145405054,0.10004892200231552,0.0,0.10741472989320755,-1.4850562810897827,-0.14416742324829102,0.0,0.0,0.06892840564250946,0.3509591519832611,-1.9470815658569336,-0.2944178283214569,-0.01989131048321724,0.14634501934051514,-0.23752789199352264,-1.0736478567123413,0.060839127749204636
11,-0.0,0.0,0.0,0.0,0.0,0.0,0.10000000149011612,0.0,0.10737865418195724,-1.4848934412002563,-0.14419420063495636,-0.0,-0.0,0.0,0.10737865418195724,-1.4848934412002563,-0.14419420063495636,-0.0,-0.0,-0.06442718952894211,-0.44025248289108276,-0.02147573046386242,-0.3286009132862091,-0.00332721252925694,0.0,0.0,0.0,-0.04250015318393707,-0.9998122453689575,0.0,-0.99986732006073,-0.9998070001602173,-1.0001758337020874,-0.0,-0.0,-0.3946073651313782,-0.6581684350967407,-0.9468866586685181,0.298265665769577,0.1643766313791275,-0.481687992811203,0.3494279384613037,1.4132956266403198,-1.5610628128051758,-0.0,0.0,0.0,0.0,0.0,0.0,0.10000000149011612,0.0,0.10737865418195724,-1.4848934412002563,-0.14419420063495636,-0.0,-0.0,0.0,0.10737865418195724,-1.4848934412002563,-0.14419420063495636,-0.0,-0.0,-0.06442718952894211,-0.44025248289108276,-0.02147573046386242,0.012632614001631737,2.450196916470304e-05,0.0,0.0,0.0,0.005789338145405054,0.10004892200231552,0.0,0.10741472989320755,-1.4850562810897827,-0.14416742324829102,0.0,0.0,0.06892840564250946,0.3509591519832611,-1.9470815658569336,-0.2944178283214569,-0.01989131048321724,0.14634501934051514,-0.23315021395683289,-1.1067427396774292,0.06043108552694321
12,-0.0,0.0,0.0,0.0,0.0,0.0,0.10000000149011612,0.0,0.10737865418195724,-1.4848934412002563,-0.14419420063495636,-0.0,-0.0,0.0,0.10737865418195724,-1.4848934412002563,-0.14419420063495636,-0.0,-0.0,-0.05368932709097862,-0.5553010702133179,-0.029145635664463043,-0.3286009132862091,-0.00332721252925694,0.0,0.0,0.0,-0.04250015318393707,-0.9998122453689575,0.0,-0.99986732006073,-0.9998070001602173,-1.0001758337020874,-0.0,-0.0,-0.3946073651313782,-0.6581684350967407,-0.9468866586685181,0.298265665769577,0.1643766313791275,-0.481687992811203,0.37576645612716675,1.0933388471603394,-1.7052325010299683,-0.0,0.0,0.0,0.0,0.0,0.0,0.10000000149011612,0.0,0.10737865418195724,-1.4848934412002563,-0.14419420063495636,-0.0,-0.0,0.0,0.10737865418195724,-1.4848934412002563,-0.14419420063495636,-0.0,-0.0,-0.05368932709097862,-0.5553010702133179,-0.029145635664463043,0.012632614001631737,2.450196916470304e-05,0.0,0.0,0.0,0.005789338145405054,0.10004892200231552,0.0,0.10741472989320755,-1.4850562810897827,-0.14416742324829102,0.0,0.0,0.06892840564250946,0.3509591519832611,-1.9470815658569336,-0.2944178283214569,-0.01989131048321724,0.14634501934051514,-0.22877252101898193,-1.1481114625930786,0.06002304330468178
13,-0.0,0.0,0.0,0.0,0.0,0.0,0.10000000149011612,0.0,0.10737865418195724,-1.4848934412002563,-0.14419420063495636,-0.0,-0.0,0.0,0.10737865418195724,-1.4848934412002563,-0.14419420063495636,-0.0,-0.0,-0.05368932709097862,-0.6013204455375671,-0.03067961521446705,-0.3286009132862091,-0.00332721252925694,0.0,0.0,0.0,-0.04250015318393707,-0.9998122453689575,0.0,-0.99986732006073,-0.9998070001602173,-1.0001758337020874,-0.0,-0.0,-0.3946073651313782,-0.6581684350967407,-0.9468866586685181,0.298265665769577,0.1643766313791275,-0.481687992811203,0.37576645612716675,0.9653563499450684,-1.7340664863586426,-0.0,0.0,0.0,0.0,0.0,0.0,0.10000000149011612,0.0,0.10737865418195724,-1.4848934412002563,-0.14419420063495636,-0.0,-0.0,0.0,0.10737865418195724,-1.4848934412002563,-0.14419420063495636,-0.0,-0.0,-0.05368932709097862,-0.6013204455375671,-0.03067961521446705,0.012632614001631737,2.450196916470304e-05,0.0,0.0,0.0,0.005789338145405054,0.10004892200231552,0.0,0.10741472989320755,-1.4850562810897827,-0.14416742324829102,0.0,0.0,0.06892840564250946,0.3509591519832611,-1.9470815658569336,-0.2944178283214569,-0.01989131048321724,0.14634501934051514,-0.22877252101898193,-1.1646589040756226,0.05994143337011337
14,-0.0,0.0,0.0,0.0,0.0,0.0,0.10000000149011612,0.0,0.10737865418195724,-1.4848934412002563,-0.14419420063495636,-0.0,-0.0,0.0,0.10737865418195724,-1.4848934412002563,-0.14419420063495636,-0.0,-0.0,-0.04908738657832146,-0.6688156127929688,-0.03374757617712021,-0.3286009132862091,-0.00332721252925694,0.0,0.0,0.0,-0.04250015318393707,-0.9998122453689575,0.0,-0.99986732006073,-0.9998070001602173,-1.0001758337020874,-0.0,-0.0,-0.3946073651313782,-0.6581684350967407,-0.9468866586685181,0.298265665769577,0.1643766313791275,-0.481687992811203,0.3870544135570526,0.7776483297348022,-1.7917343378067017,-0.0,0.0,0.0,0.0,0.0,0.0,0.10000000149011612,0.0,0.10737865418195724,-1.4848934412002563,-0.14419420063495636,-0.0,-0.0,0.0,0.10737865418195724,-1.4848934412002563,-0.14419420063495636,-0.0,-0.0,-0.04908738657832146,-0.6688156127929688,-0.03374757617712021,0.012632614001631737,2.450196916470304e-05,0.0,0.0,0.0,0.005789338145405054,0.10004892200231552,0.0,0.10741472989320755,-1.4850562810897827,-0.14416742324829102,0.0,0.0,0.06892840564250946,0.3509591519832611,-1.9470815658569336,-0.2944178283214569,-0.01989131048321724,0.14634501934051514,-0.22689637541770935,-1.188928484916687,0.05977821722626686
15,-0.0,0.0,0.0,0.0,0.0,0.0,0.10000000149011612,0.0,0.10737865418195724,-1.4848934412002563,-0.14419420063495636,-0.0,-0.0,0.0,0.10737865418195724,-1.4848934412002563,-0.14419420063495636,-0.0,-0.0,-0.05215534567832947,-0.7010292410850525,-0.03834952041506767,-0.3286009132862091,-0.00332721252925694,0.0,0.0,0.0,-0.04250015318393707,-0.9998122453689575,0.0,-0.99986732006073,-0.9998070001602173,-1.0001758337020874,-0.0,-0.0,-0.3946073651313782,-0.6581684350967407,-0.9468866586685181,0.298265665769577,0.1643766313791275,-0.481687992811203,0.37952911853790283,0.6880604028701782,-1.8782362937927246,-0.0,0.0,0.0,0.0,0.0,0.0,0.10000000149011612,0.0,0.10737865418195724,-1.4848934412002563,-0.14419420063495636,-0.0,-0.0,0.0,0.10737865418195724,-1.4848934412002563,-0.14419420063495636,-0.0,-0.0,-0.05215534567832947,-0.7010292410850525,-0.03834952041506767,0.012632614001631737,2.450196916470304e-05,0.0,0.0,0.0,0.005789338145405054,0.10004892200231552,0.0,0.10741472989320755,-1.4850562810897827,-0.14416742324829102,0.0,0.0,0.06892840564250946,0.3509591519832611,-1.9470815658569336,-0.2944178283214569,-0.01989131048321724,0.14634501934051514,-0.22814714908599854,-1.2005116939544678,0.059533391147851944
16,-0.0,0.0,0.0,0.0,0.0,0.0,0.10000000149011612,0.0,0.10737865418195724,-1.4848934412002563,-0.14419420063495636,-0.0,-0.0,0.0,0.10737865418195724,-1.4848934412002563,-0.14419420063495636,-0.0,-0.0,-0.05982524901628494,-0.8007379770278931,-0.0475534051656723,-0.3286009132862091,-0.00332721252925694,0.0,0.0,0.0,-0.04250015318393707,-0.9998122453689575,0.0,-0.99986732006073,-0.9998070001602173,-1.0001758337020874,-0.0,-0.0,-0.3946073651313782,-0.6581684350967407,-0.9468866586685181,0.298265665769577,0.1643766313791275,-0.481687992811203,0.3607158362865448,0.4107646048069,-2.0512399673461914,-0.0,0.0,0.0,0.0,0.0,0.0,0.10000000149011612,0.0,0.10737865418195724,-1.4848934412002563,-0.14419420063495636,-0.0,-0.0,0.0,0.10737865418195724,-1.4848934412002563,-0.14419420063495636,-0.0,-0.0,-0.05982524901628494,-0.8007379770278931,-0.0475534051656723,0.012632614001631737,2.450196916470304e-05,0.0,0.0,0.0,0.005789338145405054,0.10004892200231552,0.0,0.10741472989320755,-1.4850562810897827,-0.14416742324829102,0.0,0.0,0.06892840564250946,0.3509591519832611,-1.9470815658569336,-0.2944178283214569,-0.01989131048321724,0.14634501934051514,-0.2312740534543991,-1.236364483833313,0.05904373899102211
17,-0.0,0.0,0.0,0.0,0.0,0.0,0.10000000149011612,0.0,0.10737865418195724,-1.4848934412002563,-0.14419420063495636,-0.0,-0.0,0.0,0.10737865418195724,-1.4848934412002563,-0.14419420063495636,-0.0,-0.0,-0.06289321184158325,-0.8482913970947266,-0.04908738657832146,-0.3286009132862091,-0.00332721252925694,0.0,0.0,0.0,-0.04250015318393707,-0.9998122453689575,0.0,-0.99986732006073,-0.9998070001602173,-1.0001758337020874,-0.0,-0.0,-0.3946073651313782,-0.6581684350967407,-0.9468866586685181,0.298265665769577,0.1643766313791275,-0.481687992811203,0.3531905710697174,0.2785157859325409,-2.080073833465576,-0.0,0.0,0.0,0.0,0.0,0.0,0.10000000149011612,0.0,0.10737865418195724,-1.4848934412002563,-0.14419420063495636,-0.0,-0.0,0.0,0.10737865418195724,-1.4848934412002563,-0.14419420063495636,-0.0,-0.0,-0.06289321184158325,-0.8482913970947266,-0.04908738657832146,0.012632614001631737,2.450196916470304e-05,0.0,0.0,0.0,0.005789338145405054,0.10004892200231552,0.0,0.10741472989320755,-1.4850562810897827,-0.14416742324829102,0.0,0.0,0.06892840564250946,0.3509591519832611,-1.9470815658569336,-0.2944178283214569,-0.01989131048321724,0.14634501934051514,-0.2325248271226883,-1.2534635066986084,0.058962132781744
18,-0.0,0.0,0.0,0.0,0.0,0.0,0.10000000149011612,0.0,0.10737865418195724,-1.4848934412002563,-0.14419420063495636,-0.0,-0.0,0.0,0.10737865418195724,-1.4848934412002563,-0.14419420063495636,-0.0,-0.0,-0.07669904083013535,-0.9387962222099304,-0.05522330850362778,-0.3286009132862091,-0.00332721252925694,0.0,0.0,0.0,-0.04250015318393707,-0.9998122453689575,0.0,-0.99986732006073,-0.9998070001602173,-1.0001758337020874,-0.0,-0.0,-0.3946073651313782,-0.6581684350967407,-0.9468866586685181,0.298265665769577,0.1643766313791275,-0.481687992811203,0.3193267285823822,0.026816632598638535,-2.1954095363616943,-0.0,0.0,0.0,0.0,0.0,0.0,0.10000000149011612,0.0,0.10737865418195724,-1.4848934412002563,-0.14419420063495636,-0.0,-0.0,0.0,0.10737865418195724,-1.4848934412002563,-0.14419420063495636,-0.0,-0.0,-0.07669904083013535,-0.9387962222099304,-0.05522330850362778,0.012632614001631737,2.450196916470304e-05,0.0,0.0,0.0,0.005789338145405054,0.10004892200231552,0.0,0.10741472989320755,-1.4850562810897827,-0.14416742324829102,0.0,0.0,0.06892840564250946,0.3509591519832611,-1.9470815658569336,-0.2944178283214569,-0.01989131048321724,0.14634501934051514,-0.23815327882766724,-1.2860068082809448,0.05863569676876068
19,-0.0,0.0,0.0,0.0,0.0,0.0,0.10000000149011612,0.0,0.10737865418195724,-1.4848934412002563,-0.14419420063495636,-0.0,-0.0,0.0,0.10737865418195724,-1.4848934412002563,-0.14419420063495636,-0.0,-0.0,-0.08590292185544968,-0.983281672000885,-0.05982524901628494,-0.3286009132862091,-0.00332721252925694,0.0,0.0,0.0,-0.04250015318393707,-0.9998122453689575,0.0,-0.99986732006073,-0.9998070001602173,-1.0001758337020874,-0.0,-0.0,-0.3946073651313782,-0.6581684350967407,-0.9468866586685181,0.298265665769577,0.1643766313791275,-0.481687992811203,0.2967508137226105,-0.09689997881650925,-2.2819113731384277,-0.0,0.0,0.0,0.0,0.0,0.0,0.10000000149011612,0.0,0.10737865418195724,-1.4848934412002563,-0.14419420063495636,-0.0,-0.0,0.0,0.10737865418195724,-1.4848934412002563,-0.14419420063495636,-0.0,-0.0,-0.08590292185544968,-0.983281672000885,-0.05982524901628494,0.012632614001631737,2.450196916470304e-05,0.0,0.0,0.0,0.005789338145405054,0.10004892200231552,0.0,0.10741472989320755,-1.4850562810897827,-0.14416742324829102,0.0,0.0,0.06892840564250946,0.3509591519832611,-1.9470815658569336,-0.2944178283214569,-0.01989131048321724,0.14634501934051514,-0.2419055700302124,-1.3020026683807373,0.058390870690345764
20,-0.0,0.0,0.0,0.0,0.0,0.0,0.10000000149011612,0.0,0.10737865418195724,-1.4848934412002563,-0.14419420063495636,-0.0,-0.0,0.0,0.10737865418195724,-1.4848934412002563,-0.14419420063495636,-0.0,-0.0,-0.1089126393198967,-1.0507768392562866,-0.05982524901628494,-0.3286009132862091,-0.00332721252925694,0.0,0.0,0.0,-0.04250015318393707,-0.9998122453689575,0.0,-0.99986732006073,-0.9998070001602173,-1.0001758337020874,-0.0,-0.0,-0.3946073651313782,-0.6581684350967407,-0.9468866586685181,0.298265665769577,0.1643766313791275,-0.481687992811203,0.24031102657318115,-0.2846079468727112,-2.2819113731384277,-0.0,0.0,0.0,0.0,0.0,0.0,0.10000000149011612,0.0,0.10737865418195724,-1.4848934412002563,-0.14419420063495636,-0.0,-0.0,0.0,0.10737865418195724,-1.4848934412002563,-0.14419420063495636,-0.0,-0.0,-0.1089126393198967,-1.0507768392562866,-0.05982524901628494,0.012632614001631737,2.450196916470304e-05,0.0,0.0,0.0,0.005789338145405054,0.10004892200231552,0.0,0.10741472989320755,-1.4850562810897827,-0.14416742324829102,0.0,0.0,0.06892840564250946,0.3509591519832611,-1.9470815658569336,-0.2944178283214569,-0.01989131048321724,0.14634501934051514,-0.2512863278388977,-1.3262722492218018,0.058390870690345764
21,-0.0,0.0,0.0,0.0,0.0,0.0,0.10000000149011612,0.0,0.10737865418195724,-1.4848934412002563,-0.14419420063495636,-0.0,-0.0,0.0,0.10737865418195724,-1.4848934412002563,-0.14419420063495636,-0.0,-0.0,-0.13499030470848083,-1.0983302593231201,-0.05675728991627693,-0.3286009132862091,-0.00332721252925694,0.0,0.0,0.0,-0.04250015318393707,-0.9998122453689575,0.0,-0.99986732006073,-0.9998070001602173,-1.0001758337020874,-0.0,-0.0,-0.3946073651313782,-0.6581684350967407,-0.9468866586685181,0.298265665769577,0.1643766313791275,-0.481687992811203,0.17634598910808563,-0.4168567657470703,-2.224243640899658,-0.0,0.0,0.0,0.0,0.0,0.0,0.10000000149011612,0.0,0.10737865418195724,-1.4848934412002563,-0.14419420063495636,-0.0,-0.0,0.0,0.10737865418195724,-1.4848934412002563,-0.14419420063495636,-0.0,-0.0,-0.13499030470848083,-1.0983302593231201,-0.05675728991627693,0.012632614001631737,2.450196916470304e-05,0.0,0.0,0.0,0.005789338145405054,0.10004892200231552,0.0,0.10741472989320755,-1.4850562810897827,-0.14416742324829102,0.0,0.0,0.06892840564250946,0.3509591519832611,-1.9470815658569336,-0.2944178283214569,-0.01989131048321724,0.14634501934051514,-0.2619178295135498,-1.3433713912963867,0.058554090559482574
22,-0.0,0.0,0.0,0.0,0.0,0.0,0.10000000149011612,0.0,0.10737865418195724,-1.4848934412002563,-0.14419420063495636,-0.0,-0.0,0.0,0.10737865418195724,-1.4848934412002563,-0.14419420063495636,-0.0,-0.0,-0.15186409652233124,-1.1106021404266357,-0.05368932709097862,-0.3286009132862091,-0.00332721252925694,0.0,0.0,0.0,-0.04250015318393707,-0.9998122453689575,0.0,-0.99986732006073,-0.9998070001602173,-1.0001758337020874,-0.0,-0.0,-0.3946073651313782,-0.6581684350967407,-0.9468866586685181,0.298265665769577,0.1643766313791275,-0.481687992811203,0.13495682179927826,-0.4509855806827545,-2.1665756702423096,-0.0,0.0,0.0,0.0,0.0,0.0,0.10000000149011612,0.0,0.10737865418195724,-1.4848934412002563,-0.14419420063495636,-0.0,-0.0,0.0,0.10737865418195724,-1.4848934412002563,-0.14419420063495636,-0.0,-0.0,-0.15186409652233124,-1.1106021404266357,-0.05368932709097862,0.012632614001631737,2.450196916470304e-05,0.0,0.0,0.0,0.005789338145405054,0.10004892200231552,0.0,0.10741472989320755,-1.4850562810897827,-0.14416742324829102,0.0,0.0,0.06892840564250946,0.3509591519832611,-1.9470815658569336,-0.2944178283214569,-0.01989131048321724,0.14634501934051514,-0.26879703998565674,-1.3477840423583984,0.058717306703329086
23,-0.0,0.0,0.0,0.0,0.0,0.0,0.10000000149011612,0.0,0.10737865418195724,-1.4848934412002563,-0.14419420063495636,-0.0,-0.0,0.0,0.10737865418195724,-1.4848934412002563,-0.14419420063495636,-0.0,-0.0,-0.2178252786397934,-1.165825366973877,-0.0475534051656723,-0.3286009132862091,-0.00332721252925694,0.0,0.0,0.0,-0.04250015318393707,-0.9998122453689575,0.0,-0.99986732006073,-0.9998070001602173,-1.0001758337020874,-0.0,-0.0,-0.3946073651313782,-0.6581684350967407,-0.9468866586685181,0.298265665769577,0.1643766313791275,-0.481687992811203,-0.0268371794372797,-0.6045645475387573,-2.0512399673461914,-0.0,0.0,0.0,0.0,0.0,0.0,0.10000000149011612,0.0,0.10737865418195724,-1.4848934412002563,-0.14419420063495636,-0.0,-0.0,0.0,0.10737865418195724,-1.4848934412002563,-0.14419420063495636,-0.0,-0.0,-0.2178252786397934,-1.165825366973877,-0.0475534051656723,0.012632614001631737,2.450196916470304e-05,0.0,0.0,0.0,0.005789338145405054,0.10004892200231552,0.0,0.10741472989320755,-1.4850562810897827,-0.14416742324829102,0.0,0.0,0.06892840564250946,0.3509591519832611,-1.9470815658569336,-0.2944178283214569,-0.01989131048321724,0.14634501934051514,-0.2956885099411011,-1.3676409721374512,0.05904373899102211
24,-0.0,0.0,0.0,0.0,0.0,0.0,0.10000000149011612,0.0,0.10737865418195724,-1.4848934412002563,-0.14419420063495636,-0.0,-0.0,0.0,0.10737865418195724,-1.4848934412002563,-0.14419420063495636,-0.0,-0.0,-0.30833014845848083,-1.1719613075256348,-0.01840776950120926,-0.3286009132862091,-0.00332721252925694,0.0,0.0,0.0,-0.04250015318393707,-0.9998122453689575,0.0,-0.99986732006073,-0.9998070001602173,-1.0001758337020874,-0.0,-0.0,-0.3946073651313782,-0.6581684350967407,-0.9468866586685181,0.298265665769577,0.1643766313791275,-0.481687992811203,-0.2488335818052292,-0.621628999710083,-1.5033948421478271,-0.0,0.0,0.0,0.0,0.0,0.0,0.10000000149011612,0.0,0.10737865418195724,-1.4848934412002563,-0.14419420063495636,-0.0,-0.0,0.0,0.10737865418195724,-1.4848934412002563,-0.14419420063495636,-0.0,-0.0,-0.30833014845848083,-1.1719613075256348,-0.01840776950120926,0.012632614001631737,2.450196916470304e-05,0.0,0.0,0.0,0.005789338145405054,0.10004892200231552,0.0,0.10741472989320755,-1.4850562810897827,-0.14416742324829102,0.0,0.0,0.06892840564250946,0.3509591519832611,-1.9470815658569336,-0.2944178283214569,-0.01989131048321724,0.14634501934051514,-0.3325860798358917,-1.369847297668457,0.06059430167078972
25,-0.0,0.0,0.0,0.0,0.0,0.0,0.10000000149011612,0.0,0.10737865418195724,-1.4848934412002563,-0.14419420063495636,-0.0,-0.0,0.0,0.10737865418195724,-1.4848934412002563,-0.14419420063495636,-0.0,-0.0,-0.41264083981513977,-1.1566214561462402,0.023009711876511574,-0.3286009132862091,-0.00332721252925694,0.0,0.0,0.0,-0.04250015318393707,-0.9998122453689575,0.0,-0.99986732006073,-0.9998070001602173,-1.0001758337020874,-0.0,-0.0,-0.3946073651313782,-0.6581684350967407,-0.9468866586685181,0.298265665769577,0.1643766313791275,-0.481687992811203,-0.5046938061714172,-0.5789679884910583,-0.7248782515525818,-0.0,0.0,0.0,0.0,0.0,0.0,0.10000000149011612,0.0,0.10737865418195724,-1.4848934412002563,-0.14419420063495636,-0.0,-0.0,0.0,0.10737865418195724,-1.4848934412002563,-0.14419420063495636,-0.0,-0.0,-0.41264083981513977,-1.1566214561462402,0.023009711876511574,0.012632614001631737,2.450196916470304e-05,0.0,0.0,0.0,0.005789338145405054,0.10004892200231552,0.0,0.10741472989320755,-1.4850562810897827,-0.14416742324829102,0.0,0.0,0.06892840564250946,0.3509591519832611,-1.9470815658569336,-0.2944178283214569,-0.01989131048321724,0.14634501934051514,-0.3751121163368225,-1.3643314838409424,0.06279773265123367
26,-0.0,0.0,0.0,0.0,0.0,0.0,0.10000000149011612,0.0,0.10737865418195724,-1.4848934412002563,-0.14419420063495636,-0.0,-0.0,0.0,0.10737865418195724,-1.4848934412002563,-0.14419420063495636,-0.0,-0.0,-0.4770680367946625,-1.1520196199417114,0.04601942375302315,-0.3286009132862091,-0.00332721252925694,0.0,0.0,0.0,-0.04250015318393707,-0.9998122453689575,0.0,-0.99986732006073,-0.9998070001602173,-1.0001758337020874,-0.0,-0.0,-0.3946073651313782,-0.6581684350967407,-0.9468866586685181,0.298265665769577,0.1643766313791275,-0.481687992811203,-0.6627252101898193,-0.5661699771881104,-0.2923690378665924,-0.0,0.0,0.0,0.0,0.0,0.0,0.10000000149011612,0.0,0.10737865418195724,-1.4848934412002563,-0.14419420063495636,-0.0,-0.0,0.0,0.10737865418195724,-1.4848934412002563,-0.14419420063495636,-0.0,-0.0,-0.4770680367946625,-1.1520196199417114,0.04601942375302315,0.012632614001631737,2.450196916470304e-05,0.0,0.0,0.0,0.005789338145405054,0.10004892200231552,0.0,0.10741472989320755,-1.4850562810897827,-0.14416742324829102,0.0,0.0,0.06892840564250946,0.3509591519832611,-1.9470815658569336,-0.2944178283214569,-0.01989131048321724,0.14634501934051514,-0.40137818455696106,-1.362676739692688,0.06402186304330826
27,-0.0,0.0,0.0,0.0,0.0,0.0,0.10000000149011612,0.0,0.10737865418195724,-1.4848934412002563,-0.14419420063495636,-0.0,-0.0,0.0,0.10737865418195724,-1.4848934412002563,-0.14419420063495636,-0.0,-0.0,-0.5322913527488708,-1.1458836793899536,0.06749515235424042,-0.3286009132862091,-0.00332721252925694,0.0,0.0,0.0,-0.04250015318393707,-0.9998122453689575,0.0,-0.99986732006073,-0.9998070001602173,-1.0001758337020874,-0.0,-0.0,-0.3946073651313782,-0.6581684350967407,-0.9468866586685181,0.298265665769577,0.1643766313791275,-0.481687992811203,-0.7981805801391602,-0.5491055846214294,0.11130619794130325,-0.0,0.0,0.0,0.0,0.0,0.0,0.10000000149011612,0.0,0.10737865418195724,-1.4848934412002563,-0.14419420063495636,-0.0,-0.0,0.0,0.10737865418195724,-1.4848934412002563,-0.14419420063495636,-0.0,-0.0,-0.5322913527488708,-1.1458836793899536,0.06749515235424042,0.012632614001631737,2.450196916470304e-05,0.0,0.0,0.0,0.005789338145405054,0.10004892200231552,0.0,0.10741472989320755,-1.4850562810897827,-0.14416742324829102,0.0,0.0,0.06892840564250946,0.3509591519832611,-1.9470815658569336,-0.2944178283214569,-0.01989131048321724,0.14634501934051514,-0.42389196157455444,-1.3604704141616821,0.06516437977552414
28,-0.0,0.0,0.0,0.0,0.0,0.0,0.10000000149011612,0.0,0.10737865418195724,-1.4848934412002563,-0.14419420063495636,-0.0,-0.0,0.0,0.10737865418195724,-1.4848934412002563,-0.14419420063495636,-0.0,-0.0,-0.6396700143814087,-1.1290098428726196,0.1089126393198967,-0.3286009132862091,-0.00332721252925694,0.0,0.0,0.0,-0.04250015318393707,-0.9998122453689575,0.0,-0.99986732006073,-0.9998070001602173,-1.0001758337020874,-0.0,-0.0,-0.3946073651313782,-0.6581684350967407,-0.9468866586685181,0.298265665769577,0.1643766313791275,-0.481687992811203,-1.0615661144256592,-0.5021784901618958,0.8898229598999023,-0.0,0.0,0.0,0.0,0.0,0.0,0.10000000149011612,0.0,0.10737865418195724,-1.4848934412002563,-0.14419420063495636,-0.0,-0.0,0.0,0.10737865418195724,-1.4848934412002563,-0.14419420063495636,-0.0,-0.0,-0.6396700143814087,-1.1290098428726196,0.1089126393198967,0.012632614001631737,2.450196916470304e-05,0.0,0.0,0.0,0.005789338145405054,0.10004892200231552,0.0,0.10741472989320755,-1.4850562810897827,-0.14416742324829102,0.0,0.0,0.06892840564250946,0.3509591519832611,-1.9470815658569336,-0.2944178283214569,-0.01989131048321724,0.14634501934051514,-0.4676687717437744,-1.354403018951416,0.06736781448125839
29,-0.0,0.0,0.0,0.0,0.0,0.0,0.10000000149011612,0.0,0.10737865418195724,-1.4848934412002563,-0.14419420063495636,-0.0,-0.0,0.0,0.10737865418195724,-1.4848934412002563,-0.14419420063495636,-0.0,-0.0,-0.7225049734115601,-1.1075341701507568,0.12885437905788422,-0.3286009132862091,-0.00332721252925694,0.0,0.0,0.0,-0.04250015318393707,-0.9998122453689575,0.0,-0.99986732006073,-0.9998070001602173,-1.0001758337020874,-0.0,-0.0,-0.3946073651313782,-0.6581684350967407,-0.9468866586685181,0.298265665769577,0.1643766313791275,-0.481687992811203,-1.26474928855896,-0.44245338439941406,1.2646640539169312,-0.0,0.0,0.0,0.0,0.0,0.0,0.10000000149011612,0.0,0.10737865418195724,-1.4848934412002563,-0.14419420063495636,-0.0,-0.0,0.0,0.10737865418195724,-1.4848934412002563,-0.14419420063495636,-0.0,-0.0,-0.7225049734115601,-1.1075341701507568,0.12885437905788422,0.012632614001631737,2.450196916470304e-05,0.0,0.0,0.0,0.005789338145405054,0.10004892200231552,0.0,0.10741472989320755,-1.4850562810897827,-0.14416742324829102,0.0,0.0,0.06892840564250946,0.3509591519832611,-1.9470815658569336,-0.2944178283214569,-0.01989131048321724,0.14634501934051514,-0.5014394521713257,-1.3466808795928955,0.06842872500419617
30,-0.0,0.0,0.0,0.0,0.0,0.0,0.10000000149011612,0.0,0.10737865418195724,-1.4848934412002563,-0.14419420063495636,-0.0,-0.0,0.0,0.10737865418195724,-1.4848934412002563,-0.14419420063495636,-0.0,-0.0,-0.7516505718231201,-1.0998642444610596,0.13345633447170258,-0.3286009132862091,-0.00332721252925694,0.0,0.0,0.0,-0.04250015318393707,-0.9998122453689575,0.0,-0.99986732006073,-0.9998070001602173,-1.0001758337020874,-0.0,-0.0,-0.3946073651313782,-0.6581684350967407,-0.9468866586685181,0.298265665769577,0.1643766313791275,-0.481687992811203,-1.3362395763397217,-0.42112287878990173,1.3511661291122437,-0.0,0.0,0.0,0.0,0.0,0.0,0.10000000149011612,0.0,0.10737865418195724,-1.4848934412002563,-0.14419420063495636,-0.0,-0.0,0.0,0.10737865418195724,-1.4848934412002563,-0.14419420063495636,-0.0,-0.0,-0.7516505718231201,-1.0998642444610596,0.13345633447170258,0.012632614001631737,2.450196916470304e-05,0.0,0.0,0.0,0.005789338145405054,0.10004892200231552,0.0,0.10741472989320755,-1.4850562810897827,-0.14416742324829102,0.0,0.0,0.06892840564250946,0.3509591519832611,-1.9470815658569336,-0.2944178283214569,-0.01989131048321724,0.14634501934051514,-0.5133216977119446,-1.3439229726791382,0.06867355108261108
31,-0.0,0.0,0.0,0.0,0.0,0.0,0.10000000149011612,0.0,0.10737865418195724,-1.4848934412002563,-0.14419420063495636,-0.0,-0.0,0.0,0.10737865418195724,-1.4848934412002563,-0.14419420063495636,-0.0,-0.0,-0.8130097985267639,-1.0829904079437256,0.13805827498435974,-0.3286009132862091,-0.00332721252925694,0.0,0.0,0.0,-0.04250015318393707,-0.9998122453689575,0.0,-0.99986732006073,-0.9998070001602173,-1.0001758337020874,-0.0,-0.0,-0.3946073651313782,-0.6581684350967407,-0.9468866586685181,0.298265665769577,0.1643766313791275,-0.481687992811203,-1.4867455959320068,-0.37419575452804565,1.437667965888977,-0.0,0.0,0.0,0.0,0.0,0.0,0.10000000149011612,0.0,0.10737865418195724,-1.4848934412002563,-0.14419420063495636,-0.0,-0.0,0.0,0.10737865418195724,-1.4848934412002563,-0.14419420063495636,-0.0,-0.0,-0.8130097985267639,-1.0829904079437256,0.13805827498435974,0.012632614001631737,2.450196916470304e-05,0.0,0.0,0.0,0.005789338145405054,0.10004892200231552,0.0,0.10741472989320755,-1.4850562810897827,-0.14416742324829102,0.0,0.0,0.06892840564250946,0.3509591519832611,-1.9470815658569336,-0.2944178283214569,-0.01989131048321724,0.14634501934051514,-0.538336992263794,-1.337855577468872,0.068918377161026
32,-0.0,0.0,0.0,0.0,0.0,0.0,0.10000000149011612,0.0,0.10737865418195724,-1.4848934412002563,-0.14419420063495636,-0.0,-0.0,0.0,0.10737865418195724,-1.4848934412002563,-0.14419420063495636,-0.0,-0.0,-0.8406214714050293,-1.0737864971160889,0.13499030470848083,-0.3286009132862091,-0.00332721252925694,0.0,0.0,0.0,-0.04250015318393707,-0.9998122453689575,0.0,-0.99986732006073,-0.9998070001602173,-1.0001758337020874,-0.0,-0.0,-0.3946073651313782,-0.6581684350967407,-0.9468866586685181,0.298265665769577,0.1643766313791275,-0.481687992811203,-1.5544732809066772,-0.3485991358757019,1.3799998760223389,-0.0,0.0,0.0,0.0,0.0,0.0,0.10000000149011612,0.0,0.10737865418195724,-1.4848934412002563,-0.14419420063495636,-0.0,-0.0,0.0,0.10737865418195724,-1.4848934412002563,-0.14419420063495636,-0.0,-0.0,-0.8406214714050293,-1.0737864971160889,0.13499030470848083,0.012632614001631737,2.450196916470304e-05,0.0,0.0,0.0,0.005789338145405054,0.10004892200231552,0.0,0.10741472989320755,-1.4850562810897827,-0.14416742324829102,0.0,0.0,0.06892840564250946,0.3509591519832611,-1.9470815658569336,-0.2944178283214569,-0.01989131048321724,0.14634501934051514,-0.5495939254760742,-1.3345460891723633,0.06875515729188919
33,-0.0,0.0,0.0,0.0,0.0,0.0,0.10000000149011612,0.0,0.10737865418195724,-1.4848934412002563,-0.14419420063495636,-0.0,-0.0,0.0,0.10737865418195724,-1.4848934412002563,-0.14419420063495636,-0.0,-0.0,-0.9004467129707336,-1.055378794670105,0.13038836419582367,-0.3286009132862091,-0.00332721252925694,0.0,0.0,0.0,-0.04250015318393707,-0.9998122453689575,0.0,-0.99986732006073,-0.9998070001602173,-1.0001758337020874,-0.0,-0.0,-0.3946073651313782,-0.6581684350967407,-0.9468866586685181,0.298265665769577,0.1643766313791275,-0.481687992811203,-1.701216697692871,-0.29740625619888306,1.2934980392456055,-0.0,0.0,0.0,0.0,0.0,0.0,0.10000000149011612,0.0,0.10737865418195724,-1.4848934412002563,-0.14419420063495636,-0.0,-0.0,0.0,0.10737865418195724,-1.4848934412002563,-0.14419420063495636,-0.0,-0.0,-0.9004467129707336,-1.055378794670105,0.13038836419582367,0.012632614001631737,2.450196916470304e-05,0.0,0.0,0.0,0.005789338145405054,0.10004892200231552,0.0,0.10741472989320755,-1.4850562810897827,-0.14416742324829102,0.0,0.0,0.06892840564250946,0.3509591519832611,-1.9470815658569336,-0.2944178283214569,-0.01989131048321724,0.14634501934051514,-0.5739838480949402,-1.3279271125793457,0.06851033121347427
34,-0.0,0.0,0.0,0.0,0.0,0.0,0.10000000149011612,0.0,0.10737865418195724,-1.4848934412002563,-0.14419420063495636,-0.0,-0.0,0.0,0.10737865418195724,-1.4848934412002563,-0.14419420063495636,-0.0,-0.0,-0.9387962222099304,-1.0507768392562866,0.13499030470848083,-0.3286009132862091,-0.00332721252925694,0.0,0.0,0.0,-0.04250015318393707,-0.9998122453689575,0.0,-0.99986732006073,-0.9998070001602173,-1.0001758337020874,-0.0,-0.0,-0.3946073651313782,-0.6581684350967407,-0.9468866586685181,0.298265665769577,0.1643766313791275,-0.481687992811203,-1.7952829599380493,-0.2846079468727112,1.3799998760223389,-0.0,0.0,0.0,0.0,0.0,0.0,0.10000000149011612,0.0,0.10737865418195724,-1.4848934412002563,-0.14419420063495636,-0.0,-0.0,0.0,0.10737865418195724,-1.4848934412002563,-0.14419420063495636,-0.0,-0.0,-0.9387962222099304,-1.0507768392562866,0.13499030470848083,0.012632614001631737,2.450196916470304e-05,0.0,0.0,0.0,0.005789338145405054,0.10004892200231552,0.0,0.10741472989320755,-1.4850562810897827,-0.14416742324829102,0.0,0.0,0.06892840564250946,0.3509591519832611,-1.9470815658569336,-0.2944178283214569,-0.01989131048321724,0.14634501934051514,-0.5896183848381042,-1.3262722492218018,0.06875515729188919
35,-0.0,0.0,0.0,0.0,0.0,0.0,0.10000000149011612,0.0,0.10737865418195724,-1.4848934412002563,-0.14419420063495636,-0.0,-0.0,0.0,0.10737865418195724,-1.4848934412002563,-0.14419420063495636,-0.0,-0.0,-1.0124273300170898,-1.0369709730148315,0.13345633447170258,-0.3286009132862091,-0.00332721252925694,0.0,0.0,0.0,-0.04250015318393707,-0.9998122453689575,0.0,-0.99986732006073,-0.9998070001602173,-1.0001758337020874,-0.0,-0.0,-0.3946073651313782,-0.6581684350967407,-0.9468866586685181,0.298265665769577,0.1643766313791275,-0.481687992811203,-1.9758902788162231,-0.24621303379535675,1.3511661291122437,-0.0,0.0,0.0,0.0,0.0,0.0,0.10000000149011612,0.0,0.10737865418195724,-1.4848934412002563,-0.14419420063495636,-0.0,-0.0,0.0,0.10737865418195724,-1.4848934412002563,-0.14419420063495636,-0.0,-0.0,-1.0124273300170898,-1.0369709730148315,0.13345633447170258,0.012632614001631737,2.450196916470304e-05,0.0,0.0,0.0,0.005789338145405054,0.10004892200231552,0.0,0.10741472989320755,-1.4850562810897827,-0.14416742324829102,0.0,0.0,0.06892840564250946,0.3509591519832611,-1.9470815658569336,-0.2944178283214569,-0.01989131048321724,0.14634501934051514,-0.6196367740631104,-1.3213081359863281,0.06867355108261108
36,-0.0,0.0,0.0,0.0,0.0,0.0,0.10000000149011612,0.0,0.10737865418195724,-1.4848934412002563,-0.14419420063495636,-0.0,-0.0,0.0,0.10737865418195724,-1.4848934412002563,-0.14419420063495636,-0.0,-0.0,-1.0768544673919678,-1.023165225982666,0.13038836419582367,-0.3286009132862091,-0.00332721252925694,0.0,0.0,0.0,-0.04250015318393707,-0.9998122453689575,0.0,-0.99986732006073,-0.9998070001602173,-1.0001758337020874,-0.0,-0.0,-0.3946073651313782,-0.6581684350967407,-0.9468866586685181,0.298265665769577,0.1643766313791275,-0.481687992811203,-2.1339213848114014,-0.20781846344470978,1.2934980392456055,-0.0,0.0,0.0,0.0,0.0,0.0,0.10000000149011612,0.0,0.10737865418195724,-1.4848934412002563,-0.14419420063495636,-0.0,-0.0,0.0,0.10737865418195724,-1.4848934412002563,-0.14419420063495636,-0.0,-0.0,-1.0768544673919678,-1.023165225982666,0.13038836419582367,0.012632614001631737,2.450196916470304e-05,0.0,0.0,0.0,0.005789338145405054,0.10004892200231552,0.0,0.10741472989320755,-1.4850562810897827,-0.14416742324829102,0.0,0.0,0.06892840564250946,0.3509591519832611,-1.9470815658569336,-0.2944178283214569,-0.01989131048321724,0.14634501934051514,-0.6459028124809265,-1.316343903541565,0.06851033121347427
37,-0.0,0.0,0.0,0.0,0.0,0.0,0.10000000149011612,0.0,0.10737865418195724,-1.4848934412002563,-0.14419420063495636,-0.0,-0.0,0.0,0.10737865418195724,-1.4848934412002563,-0.14419420063495636,-0.0,-0.0,-1.1075341701507568,-1.0124273300170898,0.12732040882110596,-0.3286009132862091,-0.00332721252925694,0.0,0.0,0.0,-0.04250015318393707,-0.9998122453689575,0.0,-0.99986732006073,-0.9998070001602173,-1.0001758337020874,-0.0,-0.0,-0.3946073651313782,-0.6581684350967407,-0.9468866586685181,0.298265665769577,0.1643766313791275,-0.481687992811203,-2.209174633026123,-0.1779557466506958,1.235830307006836,-0.0,0.0,0.0,0.0,0.0,0.0,0.10000000149011612,0.0,0.10737865418195724,-1.4848934412002563,-0.14419420063495636,-0.0,-0.0,0.0,0.10737865418195724,-1.4848934412002563,-0.14419420063495636,-0.0,-0.0,-1.1075341701507568,-1.0124273300170898,0.12732040882110596,0.012632614001631737,2.450196916470304e-05,0.0,0.0,0.0,0.005789338145405054,0.10004892200231552,0.0,0.10741472989320755,-1.4850562810897827,-0.14416742324829102,0.0,0.0,0.06892840564250946,0.3509591519832611,-1.9470815658569336,-0.2944178283214569,-0.01989131048321724,0.14634501934051514,-0.6584105491638184,-1.3124828338623047,0.06834711879491806
38,-0.0,0.0,0.0,0.0,0.0,0.0,0.10000000149011612,0.0,0.10737865418195724,-1.4848934412002563,-0.14419420063495636,-0.0,-0.0,0.0,0.10737865418195724,-1.4848934412002563,-0.14419420063495636,-0.0,-0.0,-1.1566214561462402,-0.9909515976905823,0.1227184608578682,-0.3286009132862091,-0.00332721252925694,0.0,0.0,0.0,-0.04250015318393707,-0.9998122453689575,0.0,-0.99986732006073,-0.9998070001602173,-1.0001758337020874,-0.0,-0.0,-0.3946073651313782,-0.6581684350967407,-0.9468866586685181,0.298265665769577,0.1643766313791275,-0.481687992811203,-2.3295791149139404,-0.11823049187660217,1.149328351020813,-0.0,0.0,0.0,0.0,0.0,0.0,0.10000000149011612,0.0,0.10737865418195724,-1.4848934412002563,-0.14419420063495636,-0.0,-0.0,0.0,0.10737865418195724,-1.4848934412002563,-0.14419420063495636,-0.0,-0.0,-1.1566214561462402,-0.9909515976905823,0.1227184608578682,0.012632614001631737,2.450196916470304e-05,0.0,0.0,0.0,0.005789338145405054,0.10004892200231552,0.0,0.10741472989320755,-1.4850562810897827,-0.14416742324829102,0.0,0.0,0.06892840564250946,0.3509591519832611,-1.9470815658569336,-0.2944178283214569,-0.01989131048321724,0.14634501934051514,-0.678422749042511,-1.3047606945037842,0.06810229271650314
39,-0.0,0.0,0.0,0.0,0.0,0.0,0.10000000149011612,0.0,0.10737865418195724,-1.4848934412002563,-0.14419420063495636,-0.0,-0.0,0.0,0.10737865418195724,-1.4848934412002563,-0.14419420063495636,-0.0,-0.0,-1.2041748762130737,-0.9710098505020142,0.11811652034521103,-0.3286009132862091,-0.00332721252925694,0.0,0.0,0.0,-0.04250015318393707,-0.9998122453689575,0.0,-0.99986732006073,-0.9998070001602173,-1.0001758337020874,-0.0,-0.0,-0.3946073651313782,-0.6581684350967407,-0.9468866586685181,0.298265665769577,0.1643766313791275,-0.481687992811203,-2.446221351623535,-0.06277133524417877,1.0628265142440796,-0.0,0.0,0.0,0.0,0.0,0.0,0.10000000149011612,0.0,0.10737865418195724,-1.4848934412002563,-0.14419420063495636,-0.0,-0.0,0.0,0.10737865418195724,-1.4848934412002563,-0.14419420063495636,-0.0,-0.0,-1.2041748762130737,-0.9710098505020142,0.11811652034521103,0.012632614001631737,2.450196916470304e-05,0.0,0.0,0.0,0.005789338145405054,0.10004892200231552,0.0,0.10741472989320755,-1.4850562810897827,-0.14416742324829102,0.0,0.0,0.06892840564250946,0.3509591519832611,-1.9470815658569336,-0.2944178283214569,-0.01989131048321724,0.14634501934051514,-0.697809636592865,-1.2975900173187256,0.06785746663808823
40,-0.0,0.0,0.0,0.0,0.0,0.0,0.10000000149011612,0.0,0.10737865418195724,-1.4848934412002563,-0.14419420063495636,-0.0,-0.0,0.0,0.10737865418195724,-1.4848934412002563,-0.14419420063495636,-0.0,-0.0,-1.2271846532821655,-0.9664078950881958,0.12118448317050934,-0.3286009132862091,-0.00332721252925694,0.0,0.0,0.0,-0.04250015318393707,-0.9998122453689575,0.0,-0.99986732006073,-0.9998070001602173,-1.0001758337020874,-0.0,-0.0,-0.3946073651313782,-0.6581684350967407,-0.9468866586685181,0.298265665769577,0.1643766313791275,-0.481687992811203,-2.5026614665985107,-0.049973029643297195,1.1204944849014282,-0.0,0.0,0.0,0.0,0.0,0.0,0.10000000149011612,0.0,0.10737865418195724,-1.4848934412002563,-0.14419420063495636,-0.0,-0.0,0.0,0.10737865418195724,-1.4848934412002563,-0.14419420063495636,-0.0,-0.0,-1.2271846532821655,-0.9664078950881958,0.12118448317050934,0.012632614001631737,2.450196916470304e-05,0.0,0.0,0.0,0.005789338145405054,0.10004892200231552,0.0,0.10741472989320755,-1.4850562810897827,-0.14416742324829102,0.0,0.0,0.06892840564250946,0.3509591519832611,-1.9470815658569336,-0.2944178283214569,-0.01989131048321724,0.14634501934051514,-0.7071903944015503,-1.2959353923797607,0.06802067905664444
41,-0.0,0.0,0.0,0.0,0.0,0.0,0.10000000149011612,0.0,0.10737865418195724,-1.4848934412002563,-0.14419420063495636,-0.0,-0.0,0.0,0.10737865418195724,-1.4848934412002563,-0.14419420063495636,-0.0,-0.0,-1.2501943111419678,-0.9480001330375671,0.11658254265785217,-0.3286009132862091,-0.00332721252925694,0.0,0.0,0.0,-0.04250015318393707,-0.9998122453689575,0.0,-0.99986732006073,-0.9998070001602173,-1.0001758337020874,-0.0,-0.0,-0.3946073651313782,-0.6581684350967407,-0.9468866586685181,0.298265665769577,0.1643766313791275,-0.481687992811203,-2.559100866317749,0.0012200227938592434,1.0339926481246948,-0.0,0.0,0.0,0.0,0.0,0.0,0.10000000149011612,0.0,0.10737865418195724,-1.4848934412002563,-0.14419420063495636,-0.0,-0.0,0.0,0.10737865418195724,-1.4848934412002563,-0.14419420063495636,-0.0,-0.0,-1.2501943111419678,-0.9480001330375671,0.11658254265785217,0.012632614001631737,2.450196916470304e-05,0.0,0.0,0.0,0.005789338145405054,0.10004892200231552,0.0,0.10741472989320755,-1.4850562810897827,-0.14416742324829102,0.0,0.0,0.06892840564250946,0.3509591519832611,-1.9470815658569336,-0.2944178283214569,-0.01989131048321724,0.14634501934051514,-0.7165710926055908,-1.2893164157867432,0.06777586042881012
42,-0.0,0.0,0.0,0.0,0.0,0.0,0.10000000149011612,0.0,0.10737865418195724,-1.4848934412002563,-0.14419420063495636,-0.0,-0.0,0.0,0.10737865418195724,-1.4848934412002563,-0.14419420063495636,-0.0,-0.0,-1.2532622814178467,-0.9387962222099304,0.1089126393198967,-0.3286009132862091,-0.00332721252925694,0.0,0.0,0.0,-0.04250015318393707,-0.9998122453689575,0.0,-0.99986732006073,-0.9998070001602173,-1.0001758337020874,-0.0,-0.0,-0.3946073651313782,-0.6581684350967407,-0.9468866586685181,0.298265665769577,0.1643766313791275,-0.481687992811203,-2.5666263103485107,0.026816632598638535,0.8898229598999023,-0.0,0.0,0.0,0.0,0.0,0.0,0.10000000149011612,0.0,0.10737865418195724,-1.4848934412002563,-0.14419420063495636,-0.0,-0.0,0.0,0.10737865418195724,-1.4848934412002563,-0.14419420063495636,-0.0,-0.0,-1.2532622814178467,-0.9387962222099304,0.1089126393198967,0.012632614001631737,2.450196916470304e-05,0.0,0.0,0.0,0.005789338145405054,0.10004892200231552,0.0,0.10741472989320755,-1.4850562810897827,-0.14416742324829102,0.0,0.0,0.06892840564250946,0.3509591519832611,-1.9470815658569336,-0.2944178283214569,-0.01989131048321724,0.14634501934051514,-0.7178218960762024,-1.2860068082809448,0.06736781448125839
43,-0.0,0.0,0.0,0.0,0.0,0.0,0.10000000149011612,0.0,0.10737865418195724,-1.4848934412002563,-0.14419420063495636,-0.0,-0.0,0.0,0.10737865418195724,-1.4848934412002563,-0.14419420063495636,-0.0,-0.0,-1.2455923557281494,-0.9188544750213623,0.09050486981868744,-0.3286009132862091,-0.00332721252925694,0.0,0.0,0.0,-0.04250015318393707,-0.9998122453689575,0.0,-0.99986732006073,-0.9998070001602173,-1.0001758337020874,-0.0,-0.0,-0.3946073651313782,-0.6581684350967407,-0.9468866586685181,0.298265665769577,0.1643766313791275,-0.481687992811203,-2.5478129386901855,0.08227578550577164,0.543815553188324,-0.0,0.0,0.0,0.0,0.0,0.0,0.10000000149011612,0.0,0.10737865418195724,-1.4848934412002563,-0.14419420063495636,-0.0,-0.0,0.0,0.10737865418195724,-1.4848934412002563,-0.14419420063495636,-0.0,-0.0,-1.2455923557281494,-0.9188544750213623,0.09050486981868744,0.012632614001631737,2.450196916470304e-05,0.0,0.0,0.0,0.005789338145405054,0.10004892200231552,0.0,0.10741472989320755,-1.4850562810897827,-0.14416742324829102,0.0,0.0,0.06892840564250946,0.3509591519832611,-1.9470815658569336,-0.2944178283214569,-0.01989131048321724,0.14634501934051514,-0.7146949768066406,-1.2788362503051758,0.06638851016759872
44,-0.0,0.0,0.0,0.0,0.0,0.0,0.10000000149011612,0.0,0.10737865418195724,-1.4848934412002563,-0.14419420063495636,-0.0,-0.0,0.0,0.10737865418195724,-1.4848934412002563,-0.14419420063495636,-0.0,-0.0,-1.240990400314331,-0.9111846089363098,0.08590292185544968,-0.3286009132862091,-0.00332721252925694,0.0,0.0,0.0,-0.04250015318393707,-0.9998122453689575,0.0,-0.99986732006073,-0.9998070001602173,-1.0001758337020874,-0.0,-0.0,-0.3946073651313782,-0.6581684350967407,-0.9468866586685181,0.298265665769577,0.1643766313791275,-0.481687992811203,-2.536525011062622,0.10360612720251083,0.457313597202301,-0.0,0.0,0.0,0.0,0.0,0.0,0.10000000149011612,0.0,0.10737865418195724,-1.4848934412002563,-0.14419420063495636,-0.0,-0.0,0.0,0.10737865418195724,-1.4848934412002563,-0.14419420063495636,-0.0,-0.0,-1.240990400314331,-0.9111846089363098,0.08590292185544968,0.012632614001631737,2.450196916470304e-05,0.0,0.0,0.0,0.005789338145405054,0.10004892200231552,0.0,0.10741472989320755,-1.4850562810897827,-0.14416742324829102,0.0,0.0,0.06892840564250946,0.3509591519832611,-1.9470815658569336,-0.2944178283214569,-0.01989131048321724,0.14634501934051514,-0.7128188014030457,-1.2760783433914185,0.06614368408918381
45,-0.0,0.0,0.0,0.0,0.0,0.0,0.10000000149011612,0.0,0.10737865418195724,-1.4848934412002563,-0.14419420063495636,-0.0,-0.0,0.0,0.10737865418195724,-1.4848934412002563,-0.14419420063495636,-0.0,-0.0,-1.2363885641098022,-0.9019806981086731,0.08283495903015137,-0.3286009132862091,-0.00332721252925694,0.0,0.0,0.0,-0.04250015318393707,-0.9998122453689575,0.0,-0.99986732006073,-0.9998070001602173,-1.0001758337020874,-0.0,-0.0,-0.3946073651313782,-0.6581684350967407,-0.9468866586685181,0.298265665769577,0.1643766313791275,-0.481687992811203,-2.5252373218536377,0.129202738404274,0.3996456563472748,-0.0,0.0,0.0,0.0,0.0,0.0,0.10000000149011612,0.0,0.10737865418195724,-1.4848934412002563,-0.14419420063495636,-0.0,-0.0,0.0,0.10737865418195724,-1.4848934412002563,-0.14419420063495636,-0.0,-0.0,-1.2363885641098022,-0.9019806981086731,0.08283495903015137,0.012632614001631737,2.450196916470304e-05,0.0,0.0,0.0,0.005789338145405054,0.10004892200231552,0.0,0.10741472989320755,-1.4850562810897827,-0.14416742324829102,0.0,0.0,0.06892840564250946,0.3509591519832611,-1.9470815658569336,-0.2944178283214569,-0.01989131048321724,0.14634501934051514,-0.7109426856040955,-1.2727688550949097,0.065980464220047
46,-0.0,0.0,0.0,0.0,0.0,0.0,0.10000000149011612,0.0,0.10737865418195724,-1.4848934412002563,-0.14419420063495636,-0.0,-0.0,0.0,0.10737865418195724,-1.4848934412002563,-0.14419420063495636,-0.0,-0.0,-1.225650668144226,-0.9019806981086731,0.08130098134279251,-0.3286009132862091,-0.00332721252925694,0.0,0.0,0.0,-0.04250015318393707,-0.9998122453689575,0.0,-0.99986732006073,-0.9998070001602173,-1.0001758337020874,-0.0,-0.0,-0.3946073651313782,-0.6581684350967407,-0.9468866586685181,0.298265665769577,0.1643766313791275,-0.481687992811203,-2.49889874458313,0.129202738404274,0.37081179022789,-0.0,0.0,0.0,0.0,0.0,0.0,0.10000000149011612,0.0,0.10737865418195724,-1.4848934412002563,-0.14419420063495636,-0.0,-0.0,0.0,0.10737865418195724,-1.4848934412002563,-0.14419420063495636,-0.0,-0.0,-1.225650668144226,-0.9019806981086731,0.08130098134279251,0.012632614001631737,2.450196916470304e-05,0.0,0.0,0.0,0.005789338145405054,0.10004892200231552,0.0,0.10741472989320755,-1.4850562810897827,-0.14416742324829102,0.0,0.0,0.06892840564250946,0.3509591519832611,-1.9470815658569336,-0.2944178283214569,-0.01989131048321724,0.14634501934051514,-0.7065650224685669,-1.2727688550949097,0.06589885801076889
47,-0.0,0.0,0.0,0.0,0.0,0.0,0.10000000149011612,0.0,0.10737865418195724,-1.4848934412002563,-0.14419420063495636,-0.0,-0.0,0.0,0.10737865418195724,-1.4848934412002563,-0.14419420063495636,-0.0,-0.0,-1.2210487127304077,-0.9019806981086731,0.08130098134279251,-0.3286009132862091,-0.00332721252925694,0.0,0.0,0.0,-0.04250015318393707,-0.9998122453689575,0.0,-0.99986732006073,-0.9998070001602173,-1.0001758337020874,-0.0,-0.0,-0.3946073651313782,-0.6581684350967407,-0.9468866586685181,0.298265665769577,0.1643766313791275,-0.481687992811203,-2.4876108169555664,0.129202738404274,0.37081179022789,-0.0,0.0,0.0,0.0,0.0,0.0,0.10000000149011612,0.0,0.10737865418195724,-1.4848934412002563,-0.14419420063495636,-0.0,-0.0,0.0,0.10737865418195724,-1.4848934412002563,-0.14419420063495636,-0.0,-0.0,-1.2210487127304077,-0.9019806981086731,0.08130098134279251,0.012632614001631737,2.450196916470304e-05,0.0,0.0,0.0,0.005789338145405054,0.10004892200231552,0.0,0.10741472989320755,-1.4850562810897827,-0.14416742324829102,0.0,0.0,0.06892840564250946,0.3509591519832611,-1.9470815658569336,-0.2944178283214569,-0.01989131048321724,0.14634501934051514,-0.7046888470649719,-1.2727688550949097,0.06589885801076889
48,-0.0,0.0,0.0,0.0,0.0,0.0,0.10000000149011612,0.0,0.10737865418195724,-1.4848934412002563,-0.14419420063495636,-0.0,-0.0,0.0,0.10737865418195724,-1.4848934412002563,-0.14419420063495636,-0.0,-0.0,-1.21491277217865,-0.8989127278327942,0.08436894416809082,-0.3286009132862091,-0.00332721252925694,0.0,0.0,0.0,-0.04250015318393707,-0.9998122453689575,0.0,-0.99986732006073,-0.9998070001602173,-1.0001758337020874,-0.0,-0.0,-0.3946073651313782,-0.6581684350967407,-0.9468866586685181,0.298265665769577,0.1643766313791275,-0.481687992811203,-2.472560167312622,0.13773493468761444,0.42847970128059387,-0.0,0.0,0.0,0.0,0.0,0.0,0.10000000149011612,0.0,0.10737865418195724,-1.4848934412002563,-0.14419420063495636,-0.0,-0.0,0.0,0.10737865418195724,-1.4848934412002563,-0.14419420063495636,-0.0,-0.0,-1.21491277217865,-0.8989127278327942,0.08436894416809082,0.012632614001631737,2.450196916470304e-05,0.0,0.0,0.0,0.005789338145405054,0.10004892200231552,0.0,0.10741472989320755,-1.4850562810897827,-0.14416742324829102,0.0,0.0,0.06892840564250946,0.3509591519832611,-1.9470815658569336,-0.2944178283214569,-0.01989131048321724,0.14634501934051514,-0.7021872997283936,-1.2716656923294067,0.0660620778799057
49,-0.0,0.0,0.0,0.0,0.0,0.0,0.10000000149011612,0.0,0.10737865418195724,-1.4848934412002563,-0.14419420063495636,-0.0,-0.0,0.0,0.10737865418195724,-1.4848934412002563,-0.14419420063495636,-0.0,-0.0,-1.21491277217865,-0.8958447575569153,0.08436894416809082,-0.3286009132862091,-0.00332721252925694,0.0,0.0,0.0,-0.04250015318393707,-0.9998122453689575,0.0,-0.99986732006073,-0.9998070001602173,-1.0001758337020874,-0.0,-0.0,-0.3946073651313782,-0.6581684350967407,-0.9468866586685181,0.298265665769577,0.1643766313791275,-0.481687992811203,-2.472560167312622,0.1462671458721161,0.42847970128059387,-0.0,0.0,0.0,0.0,0.0,0.0,0.10000000149011612,0.0,0.10737865418195724,-1.4848934412002563,-0.14419420063495636,-0.0,-0.0,0.0,0.10737865418195724,-1.4848934412002563,-0.14419420063495636,-0.0,-0.0,-1.21491277217865,-0.8958447575569153,0.08436894416809082,0.012632614001631737,2.450196916470304e-05,0.0,0.0,0.0,0.005789338145405054,0.10004892200231552,0.0,0.10741472989320755,-1.4850562810897827,-0.14416742324829102,0.0,0.0,0.06892840564250946,0.3509591519832611,-1.9470815658569336,-0.2944178283214569,-0.01989131048321724,0.14634501934051514,-0.7021872997283936,-1.2705625295639038,0.0660620778799057
50,-0.0,0.0,0.0,0.0,0.0,0.0,0.10000000149011612,0.0,0.10737865418195724,-1.4848934412002563,-0.14419420063495636,-0.0,-0.0,0.0,0.10737865418195724,-1.4848934412002563,-0.14419420063495636,-0.0,-0.0,-1.2133787870407104,-0.8958447575569153,0.08743690699338913,-0.3286009132862091,-0.00332721252925694,0.0,0.0,0.0,-0.04250015318393707,-0.9998122453689575,0.0,-0.99986732006073,-0.9998070001602173,-1.0001758337020874,-0.0,-0.0,-0.3946073651313782,-0.6581684350967407,-0.9468866586685181,0.298265665769577,0.1643766313791275,-0.481687992811203,-2.468797445297241,0.1462671458721161,0.48614761233329773,-0.0,0.0,0.0,0.0,0.0,0.0,0.10000000149011612,0.0,0.10737865418195724,-1.4848934412002563,-0.14419420063495636,-0.0,-0.0,0.0,0.10737865418195724,-1.4848934412002563,-0.14419420063495636,-0.0,-0.0,-1.2133787870407104,-0.8958447575569153,0.08743690699338913,0.012632614001631737,2.450196916470304e-05,0.0,0.0,0.0,0.005789338145405054,0.10004892200231552,0.0,0.10741472989320755,-1.4850562810897827,-0.14416742324829102,0.0,0.0,0.06892840564250946,0.3509591519832611,-1.9470815658569336,-0.2944178283214569,-0.01989131048321724,0.14634501934051514,-0.7015619277954102,-1.2705625295639038,0.06622529029846191
51,-0.0,0.0,0.0,0.0,0.0,0.0,0.10000000149011612,0.0,0.10737865418195724,-1.4848934412002563,-0.14419420063495636,-0.0,-0.0,0.0,0.10737865418195724,-1.4848934412002563,-0.14419420063495636,-0.0,-0.0,-1.211844801902771,-0.8943107724189758,0.09050486981868744,-0.3286009132862091,-0.00332721252925694,0.0,0.0,0.0,-0.04250015318393707,-0.9998122453689575,0.0,-0.99986732006073,-0.9998070001602173,-1.0001758337020874,-0.0,-0.0,-0.3946073651313782,-0.6581684350967407,-0.9468866586685181,0.298265665769577,0.1643766313791275,-0.481687992811203,-2.4650347232818604,0.15053324401378632,0.543815553188324,-0.0,0.0,0.0,0.0,0.0,0.0,0.10000000149011612,0.0,0.10737865418195724,-1.4848934412002563,-0.14419420063495636,-0.0,-0.0,0.0,0.10737865418195724,-1.4848934412002563,-0.14419420063495636,-0.0,-0.0,-1.211844801902771,-0.8943107724189758,0.09050486981868744,0.012632614001631737,2.450196916470304e-05,0.0,0.0,0.0,0.005789338145405054,0.10004892200231552,0.0,0.10741472989320755,-1.4850562810897827,-0.14416742324829102,0.0,0.0,0.06892840564250946,0.3509591519832611,-1.9470815658569336,-0.2944178283214569,-0.01989131048321724,0.14634501934051514,-0.7009365558624268,-1.2700109481811523,0.06638851016759872
52,-0.0,0.0,0.0,0.0,0.0,0.0,0.10000000149011612,0.0,0.10737865418195724,-1.4848934412002563,-0.14419420063495636,-0.0,-0.0,0.0,0.10737865418195724,-1.4848934412002563,-0.14419420063495636,-0.0,-0.0,-1.2133787870407104,-0.8912428617477417,0.0920388475060463,-0.3286009132862091,-0.00332721252925694,0.0,0.0,0.0,-0.04250015318393707,-0.9998122453689575,0.0,-0.99986732006073,-0.9998070001602173,-1.0001758337020874,-0.0,-0.0,-0.3946073651313782,-0.6581684350967407,-0.9468866586685181,0.298265665769577,0.1643766313791275,-0.481687992811203,-2.468797445297241,0.15906527638435364,0.5726494193077087,-0.0,0.0,0.0,0.0,0.0,0.0,0.10000000149011612,0.0,0.10737865418195724,-1.4848934412002563,-0.14419420063495636,-0.0,-0.0,0.0,0.10737865418195724,-1.4848934412002563,-0.14419420063495636,-0.0,-0.0,-1.2133787870407104,-0.8912428617477417,0.0920388475060463,0.012632614001631737,2.450196916470304e-05,0.0,0.0,0.0,0.005789338145405054,0.10004892200231552,0.0,0.10741472989320755,-1.4850562810897827,-0.14416742324829102,0.0,0.0,0.06892840564250946,0.3509591519832611,-1.9470815658569336,-0.2944178283214569,-0.01989131048321724,0.14634501934051514,-0.7015619277954102,-1.2689077854156494,0.06647011637687683
53,-0.0,0.0,0.0,0.0,0.0,0.0,0.10000000149011612,0.0,0.10737865418195724,-1.4848934412002563,-0.14419420063495636,-0.0,-0.0,0.0,0.10737865418195724,-1.4848934412002563,-0.14419420063495636,-0.0,-0.0,-1.2164467573165894,-0.8912428617477417,0.09357282519340515,-0.3286009132862091,-0.00332721252925694,0.0,0.0,0.0,-0.04250015318393707,-0.9998122453689575,0.0,-0.99986732006073,-0.9998070001602173,-1.0001758337020874,-0.0,-0.0,-0.3946073651313782,-0.6581684350967407,-0.9468866586685181,0.298265665769577,0.1643766313791275,-0.481687992811203,-2.476322650909424,0.15906527638435364,0.6014833450317383,-0.0,0.0,0.0,0.0,0.0,0.0,0.10000000149011612,0.0,0.10737865418195724,-1.4848934412002563,-0.14419420063495636,-0.0,-0.0,0.0,0.10737865418195724,-1.4848934412002563,-0.14419420063495636,-0.0,-0.0,-1.2164467573165894,-0.8912428617477417,0.09357282519340515,0.012632614001631737,2.450196916470304e-05,0.0,0.0,0.0,0.005789338145405054,0.10004892200231552,0.0,0.10741472989320755,-1.4850562810897827,-0.14416742324829102,0.0,0.0,0.06892840564250946,0.3509591519832611,-1.9470815658569336,-0.2944178283214569,-0.01989131048321724,0.14634501934051514,-0.702812671661377,-1.2689077854156494,0.06655173003673553
54,-0.0,0.0,0.0,0.0,0.0,0.0,0.10000000149011612,0.0,0.10737865418195724,-1.4848934412002563,-0.14419420063495636,-0.0,-0.0,0.0,0.10737865418195724,-1.4848934412002563,-0.14419420063495636,-0.0,-0.0,-1.2210487127304077,-0.8912428617477417,0.09664078801870346,-0.3286009132862091,-0.00332721252925694,0.0,0.0,0.0,-0.04250015318393707,-0.9998122453689575,0.0,-0.99986732006073,-0.9998070001602173,-1.0001758337020874,-0.0,-0.0,-0.3946073651313782,-0.6581684350967407,-0.9468866586685181,0.298265665769577,0.1643766313791275,-0.481687992811203,-2.4876108169555664,0.15906527638435364,0.6591512560844421,-0.0,0.0,0.0,0.0,0.0,0.0,0.10000000149011612,0.0,0.10737865418195724,-1.4848934412002563,-0.14419420063495636,-0.0,-0.0,0.0,0.10737865418195724,-1.4848934412002563,-0.14419420063495636,-0.0,-0.0,-1.2210487127304077,-0.8912428617477417,0.09664078801870346,0.012632614001631737,2.450196916470304e-05,0.0,0.0,0.0,0.005789338145405054,0.10004892200231552,0.0,0.10741472989320755,-1.4850562810897827,-0.14416742324829102,0.0,0.0,0.06892840564250946,0.3509591519832611,-1.9470815658569336,-0.2944178283214569,-0.01989131048321724,0.14634501934051514,-0.7046888470649719,-1.2689077854156494,0.06671494245529175
55,-0.0,0.0,0.0,0.0,0.0,0.0,0.10000000149011612,0.0,0.10737865418195724,-1.4848934412002563,-0.14419420063495636,-0.0,-0.0,0.0,0.10737865418195724,-1.4848934412002563,-0.14419420063495636,-0.0,-0.0,-1.225650668144226,-0.8912428617477417,0.0951068103313446,-0.3286009132862091,-0.00332721252925694,0.0,0.0,0.0,-0.04250015318393707,-0.9998122453689575,0.0,-0.99986732006073,-0.9998070001602173,-1.0001758337020874,-0.0,-0.0,-0.3946073651313782,-0.6581684350967407,-0.9468866586685181,0.298265665769577,0.1643766313791275,-0.481687992811203,-2.49889874458313,0.15906527638435364,0.6303173303604126,-0.0,0.0,0.0,0.0,0.0,0.0,0.10000000149011612,0.0,0.10737865418195724,-1.4848934412002563,-0.14419420063495636,-0.0,-0.0,0.0,0.10737865418195724,-1.4848934412002563,-0.14419420063495636,-0.0,-0.0,-1.225650668144226,-0.8912428617477417,0.0951068103313446,0.012632614001631737,2.450196916470304e-05,0.0,0.0,0.0,0.005789338145405054,0.10004892200231552,0.0,0.10741472989320755,-1.4850562810897827,-0.14416742324829102,0.0,0.0,0.06892840564250946,0.3509591519832611,-1.9470815658569336,-0.2944178283214569,-0.01989131048321724,0.14634501934051514,-0.7065650224685669,-1.2689077854156494,0.06663333624601364
56,-0.0,0.0,0.0,0.0,0.0,0.0,0.10000000149011612,0.0,0.10737865418195724,-1.4848934412002563,-0.14419420063495636,-0.0,-0.0,0.0,0.10737865418195724,-1.4848934412002563,-0.14419420063495636,-0.0,-0.0,-1.228718638420105,-0.8943107724189758,0.09817477315664291,-0.3286009132862091,-0.00332721252925694,0.0,0.0,0.0,-0.04250015318393707,-0.9998122453689575,0.0,-0.99986732006073,-0.9998070001602173,-1.0001758337020874,-0.0,-0.0,-0.3946073651313782,-0.6581684350967407,-0.9468866586685181,0.298265665769577,0.1643766313791275,-0.481687992811203,-2.5064239501953125,0.15053324401378632,0.6879853010177612,-0.0,0.0,0.0,0.0,0.0,0.0,0.10000000149011612,0.0,0.10737865418195724,-1.4848934412002563,-0.14419420063495636,-0.0,-0.0,0.0,0.10737865418195724,-1.4848934412002563,-0.14419420063495636,-0.0,-0.0,-1.228718638420105,-0.8943107724189758,0.09817477315664291,0.012632614001631737,2.450196916470304e-05,0.0,0.0,0.0,0.005789338145405054,0.10004892200231552,0.0,0.10741472989320755,-1.4850562810897827,-0.14416742324829102,0.0,0.0,0.06892840564250946,0.3509591519832611,-1.9470815658569336,-0.2944178283214569,-0.01989131048321724,0.14634501934051514,-0.7078157663345337,-1.2700109481811523,0.06679655611515045
57,-0.0,0.0,0.0,0.0,0.0,0.134296715259552,0.10000000149011612,0.0,0.10737865418195724,-1.4848934412002563,-0.14419420063495636,-0.0,-0.0,0.0,0.10737865418195724,-1.4848934412002563,-0.14419420063495636,-0.0,-0.0,-1.228718638420105,-0.8912428617477417,0.09970875084400177,-0.3286009132862091,-0.00332721252925694,0.0,0.0,0.0,0.943386435508728,-0.9998122453689575,0.0,-0.99986732006073,-0.9998070001602173,-1.0001758337020874,-0.0,-0.0,-0.3946073651313782,-0.6581684350967407,-0.9468866586685181,0.298265665769577,0.1643766313791275,-0.481687992811203,-2.5064239501953125,0.15906527638435364,0.716819167137146,-0.0,0.0,0.0,0.0,0.0,0.134296715259552,0.10000000149011612,0.0,0.10737865418195724,-1.4848934412002563,-0.14419420063495636,-0.0,-0.0,0.0,0.10737865418195724,-1.4848934412002563,-0.14419420063495636,-0.0,-0.0,-1.228718638420105,-0.8912428617477417,0.09970875084400177,0.012632614001631737,2.450196916470304e-05,0.0,0.0,0.0,0.024083133786916733,0.10004892200231552,0.0,0.10741472989320755,-1.4850562810897827,-0.14416742324829102,0.0,0.0,0.06892840564250946,0.3509591519832611,-1.9470815658569336,-0.2944178283214569,-0.01989131048321724,0.14634501934051514,-0.7078157663345337,-1.2689077854156494,0.06687816232442856
58,-0.0,0.0,0.0,0.0,0.0,0.31952881813049316,0.10000000149011612,0.0,0.10737865418195724,-1.4848934412002563,-0.14419420063495636,-0.0,-0.0,0.0,0.10737865418195724,-1.4848934412002563,-0.14419420063495636,-0.0,-0.0,-1.2302526235580444,-0.8866409063339233,0.09817477315664291,-0.3286009132862091,-0.00332721252925694,0.0,0.0,0.0,2.3031952381134033,-0.9998122453689575,0.0,-0.99986732006073,-0.9998070001602173,-1.0001758337020874,-0.0,-0.0,-0.3946073651313782,-0.6581684350967407,-0.9468866586685181,0.298265665769577,0.1643766313791275,-0.481687992811203,-2.5101866722106934,0.1718635857105255,0.6879853010177612,-0.0,0.0,0.0,0.0,0.0,0.31952881813049316,0.10000000149011612,0.0,0.10737865418195724,-1.4848934412002563,-0.14419420063495636,-0.0,-0.0,0.0,0.10737865418195724,-1.4848934412002563,-0.14419420063495636,-0.0,-0.0,-1.2302526235580444,-0.8866409063339233,0.09817477315664291,0.012632614001631737,2.450196916470304e-05,0.0,0.0,0.0,0.04931531101465225,0.10004892200231552,0.0,0.10741472989320755,-1.4850562810897827,-0.14416742324829102,0.0,0.0,0.06892840564250946,0.3509591519832611,-1.9470815658569336,-0.2944178283214569,-0.01989131048321724,0.14634501934051514,-0.7084411382675171,-1.267253041267395,0.06679655611515045
59,-0.0,0.0,0.0,0.0,0.0,0.32009339332580566,0.10000000149011612,0.0,0.10737865418195724,-1.4848934412002563,-0.14419420063495636,-0.0,-0.0,0.0,0.10737865418195724,-1.4848934412002563,-0.14419420063495636,-0.0,-0.0,-1.2348545789718628,-0.8851069211959839,0.09970875084400177,-0.3286009132862091,-0.00332721252925694,0.0,0.0,0.0,2.307339668273926,-0.9998122453689575,0.0,-0.99986732006073,-0.9998070001602173,-1.0001758337020874,-0.0,-0.0,-0.3946073651313782,-0.6581684350967407,-0.9468866586685181,0.298265665769577,0.1643766313791275,-0.481687992811203,-2.521474599838257,0.17612968385219574,0.716819167137146,-0.0,0.0,0.0,0.0,0.0,0.32009339332580566,0.10000000149011612,0.0,0.10737865418195724,-1.4848934412002563,-0.14419420063495636,-0.0,-0.0,0.0,0.10737865418195724,-1.4848934412002563,-0.14419420063495636,-0.0,-0.0,-1.2348545789718628,-0.8851069211959839,0.09970875084400177,0.012632614001631737,2.450196916470304e-05,0.0,0.0,0.0,0.0493922159075737,0.10004892200231552,0.0,0.10741472989320755,-1.4850562810897827,-0.14416742324829102,0.0,0.0,0.06892840564250946,0.3509591519832611,-1.9470815658569336,-0.2944178283214569,-0.01989131048321724,0.14634501934051514,-0.7103173136711121,-1.2667014598846436,0.06687816232442856
60,-0.0,0.0,0.0,0.0,0.0,0.32836389541625977,0.10000000149011612,0.0,0.10737865418195724,-1.4848934412002563,-0.14419420063495636,-0.0,-0.0,0.0,0.10737865418195724,-1.4848934412002563,-0.14419420063495636,-0.0,-0.0,-1.2363885641098022,-0.8851069211959839,0.10124272853136063,-0.3286009132862091,-0.00332721252925694,0.0,0.0,0.0,2.3680543899536133,-0.9998122453689575,0.0,-0.99986732006073,-0.9998070001602173,-1.0001758337020874,-0.0,-0.0,-0.3946073651313782,-0.6581684350967407,-0.9468866586685181,0.298265665769577,0.1643766313791275,-0.481687992811203,-2.5252373218536377,0.17612968385219574,0.7456530332565308,-0.0,0.0,0.0,0.0,0.0,0.32836389541625977,0.10000000149011612,0.0,0.10737865418195724,-1.4848934412002563,-0.14419420063495636,-0.0,-0.0,0.0,0.10737865418195724,-1.4848934412002563,-0.14419420063495636,-0.0,-0.0,-1.2363885641098022,-0.8851069211959839,0.10124272853136063,0.012632614001631737,2.450196916470304e-05,0.0,0.0,0.0,0.05051881819963455,0.10004892200231552,0.0,0.10741472989320755,-1.4850562810897827,-0.14416742324829102,0.0,0.0,0.06892840564250946,0.3509591519832611,-1.9470815658569336,-0.2944178283214569,-0.01989131048321724,0.14634501934051514,-0.7109426856040955,-1.2667014598846436,0.06695976853370667
61,-0.0,0.0,0.0,0.0,0.0,0.33074432611465454,0.10000000149011612,0.0,0.10737865418195724,-1.4848934412002563,-0.14419420063495636,-0.0,-0.0,0.0,0.10737865418195724,-1.4848934412002563,-0.14419420063495636,-0.0,-0.0,-1.2363885641098022,-0.882038950920105,0.10124272853136063,-0.3286009132862091,-0.00332721252925694,0.0,0.0,0.0,2.3855295181274414,-0.9998122453689575,0.0,-0.99986732006073,-0.9998070001602173,-1.0001758337020874,-0.0,-0.0,-0.3946073651313782,-0.6581684350967407,-0.9468866586685181,0.298265665769577,0.1643766313791275,-0.481687992811203,-2.5252373218536377,0.1846618950366974,0.7456530332565308,-0.0,0.0,0.0,0.0,0.0,0.33074432611465454,0.10000000149011612,0.0,0.10737865418195724,-1.4848934412002563,-0.14419420063495636,-0.0,-0.0,0.0,0.10737865418195724,-1.4848934412002563,-0.14419420063495636,-0.0,-0.0,-1.2363885641098022,-0.882038950920105,0.10124272853136063,0.012632614001631737,2.450196916470304e-05,0.0,0.0,0.0,0.05084307864308357,0.10004892200231552,0.0,0.10741472989320755,-1.4850562810897827,-0.14416742324829102,0.0,0.0,0.06892840564250946,0.3509591519832611,-1.9470815658569336,-0.2944178283214569,-0.01989131048321724,0.14634501934051514,-0.7109426856040955,-1.2655982971191406,0.06695976853370667
62,-0.0,0.0,0.0,0.0,0.0,0.33077484369277954,0.10000000149011612,0.0,0.10737865418195724,-1.4848934412002563,-0.14419420063495636,-0.0,-0.0,0.0,0.10737865418195724,-1.4848934412002563,-0.14419420063495636,-0.0,-0.0,-1.2363885641098022,-0.8759030103683472,0.10277671366930008,-0.3286009132862091,-0.00332721252925694,0.0,0.0,0.0,2.3857533931732178,-0.9998122453689575,0.0,-0.99986732006073,-0.9998070001602173,-1.0001758337020874,-0.0,-0.0,-0.3946073651313782,-0.6581684350967407,-0.9468866586685181,0.298265665769577,0.1643766313791275,-0.481687992811203,-2.5252373218536377,0.2017263025045395,0.7744870781898499,-0.0,0.0,0.0,0.0,0.0,0.33077484369277954,0.10000000149011612,0.0,0.10737865418195724,-1.4848934412002563,-0.14419420063495636,-0.0,-0.0,0.0,0.10737865418195724,-1.4848934412002563,-0.14419420063495636,-0.0,-0.0,-1.2363885641098022,-0.8759030103683472,0.10277671366930008,0.012632614001631737,2.450196916470304e-05,0.0,0.0,0.0,0.050847236067056656,0.10004892200231552,0.0,0.10741472989320755,-1.4850562810897827,-0.14416742324829102,0.0,0.0,0.06892840564250946,0.3509591519832611,-1.9470815658569336,-0.2944178283214569,-0.01989131048321724,0.14634501934051514,-0.7109426856040955,-1.2633919715881348,0.06704138219356537
63,-0.0,0.0,0.0,0.0,0.0,0.3311716318130493,0.10000000149011612,0.0,0.10737865418195724,-1.4848934412002563,-0.14419420063495636,-0.0,-0.0,0.0,0.10737865418195724,-1.4848934412002563,-0.14419420063495636,-0.0,-0.0,-1.2363885641098022,-0.8743690252304077,0.10431069135665894,-0.3286009132862091,-0.00332721252925694,0.0,0.0,0.0,2.3886663913726807,-0.9998122453689575,0.0,-0.99986732006073,-0.9998070001602173,-1.0001758337020874,-0.0,-0.0,-0.3946073651313782,-0.6581684350967407,-0.9468866586685181,0.298265665769577,0.1643766313791275,-0.481687992811203,-2.5252373218536377,0.20599240064620972,0.8033210039138794,-0.0,0.0,0.0,0.0,0.0,0.3311716318130493,0.10000000149011612,0.0,0.10737865418195724,-1.4848934412002563,-0.14419420063495636,-0.0,-0.0,0.0,0.10737865418195724,-1.4848934412002563,-0.14419420063495636,-0.0,-0.0,-1.2363885641098022,-0.8743690252304077,0.10431069135665894,0.012632614001631737,2.450196916470304e-05,0.0,0.0,0.0,0.05090128630399704,0.10004892200231552,0.0,0.10741472989320755,-1.4850562810897827,-0.14416742324829102,0.0,0.0,0.06892840564250946,0.3509591519832611,-1.9470815658569336,-0.2944178283214569,-0.01989131048321724,0.14634501934051514,-0.7109426856040955,-1.2628403902053833,0.06712298840284348
64,-0.0,0.0,0.0,0.0,0.0,0.3314768075942993,0.10000000149011612,0.0,0.10737865418195724,-1.4848934412002563,-0.14419420063495636,-0.0,-0.0,0.0,0.10737865418195724,-1.4848934412002563,-0.14419420063495636,-0.0,-0.0,-1.2363885641098022,-0.8759030103683472,0.10737865418195724,-0.3286009132862091,-0.00332721252925694,0.0,0.0,0.0,2.390906572341919,-0.9998122453689575,0.0,-0.99986732006073,-0.9998070001602173,-1.0001758337020874,-0.0,-0.0,-0.3946073651313782,-0.6581684350967407,-0.9468866586685181,0.298265665769577,0.1643766313791275,-0.481687992811203,-2.5252373218536377,0.2017263025045395,0.8609889149665833,-0.0,0.0,0.0,0.0,0.0,0.3314768075942993,0.10000000149011612,0.0,0.10737865418195724,-1.4848934412002563,-0.14419420063495636,-0.0,-0.0,0.0,0.10737865418195724,-1.4848934412002563,-0.14419420063495636,-0.0,-0.0,-1.2363885641098022,-0.8759030103683472,0.10737865418195724,0.012632614001631737,2.450196916470304e-05,0.0,0.0,0.0,0.050942856818437576,0.10004892200231552,0.0,0.10741472989320755,-1.4850562810897827,-0.14416742324829102,0.0,0.0,0.06892840564250946,0.3509591519832611,-1.9470815658569336,-0.2944178283214569,-0.01989131048321724,0.14634501934051514,-0.7109426856040955,-1.2633919715881348,0.06728620827198029
65,-0.0,0.0,0.0,0.0,0.0,0.3336130976676941,0.10000000149011612,0.0,0.10737865418195724,-1.4848934412002563,-0.14419420063495636,-0.0,-0.0,0.0,0.10737865418195724,-1.4848934412002563,-0.14419420063495636,-0.0,-0.0,-1.2333205938339233,-0.8743690252304077,0.10584467649459839,-0.3286009132862091,-0.00332721252925694,0.0,0.0,0.0,2.4065892696380615,-0.9998122453689575,0.0,-0.99986732006073,-0.9998070001602173,-1.0001758337020874,-0.0,-0.0,-0.3946073651313782,-0.6581684350967407,-0.9468866586685181,0.298265665769577,0.1643766313791275,-0.481687992811203,-2.517712116241455,0.20599240064620972,0.8321549892425537,-0.0,0.0,0.0,0.0,0.0,0.3336130976676941,0.10000000149011612,0.0,0.10737865418195724,-1.4848934412002563,-0.14419420063495636,-0.0,-0.0,0.0,0.10737865418195724,-1.4848934412002563,-0.14419420063495636,-0.0,-0.0,-1.2333205938339233,-0.8743690252304077,0.10584467649459839,0.012632614001631737,2.450196916470304e-05,0.0,0.0,0.0,0.05123386159539223,0.10004892200231552,0.0,0.10741472989320755,-1.4850562810897827,-0.14416742324829102,0.0,0.0,0.06892840564250946,0.3509591519832611,-1.9470815658569336,-0.2944178283214569,-0.01989131048321724,0.14634501934051514,-0.7096919417381287,-1.2628403902053833,0.06720459461212158
66,-0.0,0.0,0.0,0.0,0.0,0.34644609689712524,0.10000000149011612,0.0,0.10737865418195724,-1.4848934412002563,-0.14419420063495636,-0.0,-0.0,0.0,0.10737865418195724,-1.4848934412002563,-0.14419420063495636,-0.0,-0.0,-1.228718638420105,-0.8743690252304077,0.1089126393198967,-0.3286009132862091,-0.00332721252925694,0.0,0.0,0.0,2.500797748565674,-0.9998122453689575,0.0,-0.99986732006073,-0.9998070001602173,-1.0001758337020874,-0.0,-0.0,-0.3946073651313782,-0.6581684350967407,-0.9468866586685181,0.298265665769577,0.1643766313791275,-0.481687992811203,-2.5064239501953125,0.20599240064620972,0.8898229598999023,-0.0,0.0,0.0,0.0,0.0,0.34644609689712524,0.10000000149011612,0.0,0.10737865418195724,-1.4848934412002563,-0.14419420063495636,-0.0,-0.0,0.0,0.10737865418195724,-1.4848934412002563,-0.14419420063495636,-0.0,-0.0,-1.228718638420105,-0.8743690252304077,0.1089126393198967,0.012632614001631737,2.450196916470304e-05,0.0,0.0,0.0,0.05298196151852608,0.10004892200231552,0.0,0.10741472989320755,-1.4850562810897827,-0.14416742324829102,0.0,0.0,0.06892840564250946,0.3509591519832611,-1.9470815658569336,-0.2944178283214569,-0.01989131048321724,0.14634501934051514,-0.7078157663345337,-1.2628403902053833,0.06736781448125839
67,-0.0,0.0,0.0,0.0,0.0,0.3802301287651062,0.10000000149011612,0.0,0.10737865418195724,-1.4848934412002563,-0.14419420063495636,-0.0,-0.0,0.0,0.10737865418195724,-1.4848934412002563,-0.14419420063495636,-0.0,-0.0,-1.2271846532821655,-0.8697671294212341,0.10737865418195724,-0.3286009132862091,-0.00332721252925694,0.0,0.0,0.0,2.748810052871704,-0.9998122453689575,0.0,-0.99986732006073,-0.9998070001602173,-1.0001758337020874,-0.0,-0.0,-0.3946073651313782,-0.6581684350967407,-0.9468866586685181,0.298265665769577,0.1643766313791275,-0.481687992811203,-2.5026614665985107,0.21879054605960846,0.8609889149665833,-0.0,0.0,0.0,0.0,0.0,0.3802301287651062,0.10000000149011612,0.0,0.10737865418195724,-1.4848934412002563,-0.14419420063495636,-0.0,-0.0,0.0,0.10737865418195724,-1.4848934412002563,-0.14419420063495636,-0.0,-0.0,-1.2271846532821655,-0.8697671294212341,0.10737865418195724,0.012632614001631737,2.450196916470304e-05,0.0,0.0,0.0,0.057583995163440704,0.10004892200231552,0.0,0.10741472989320755,-1.4850562810897827,-0.14416742324829102,0.0,0.0,0.06892840564250946,0.3509591519832611,-1.9470815658569336,-0.2944178283214569,-0.01989131048321724,0.14634501934051514,-0.7071903944015503,-1.261185646057129,0.06728620827198029
68,-0.0,0.0,0.0,0.0,0.0,0.4306313991546631,0.10000000149011612,0.0,0.10737865418195724,-1.4848934412002563,-0.14419420063495636,-0.0,-0.0,0.0,0.10737865418195724,-1.4848934412002563,-0.14419420063495636,-0.0,-0.0,-1.225650668144226,-0.8666991591453552,0.10737865418195724,-0.3286009132862091,-0.00332721252925694,0.0,0.0,0.0,3.1188111305236816,-0.9998122453689575,0.0,-0.99986732006073,-0.9998070001602173,-1.0001758337020874,-0.0,-0.0,-0.3946073651313782,-0.6581684350967407,-0.9468866586685181,0.298265665769577,0.1643766313791275,-0.481687992811203,-2.49889874458313,0.2273227423429489,0.8609889149665833,-0.0,0.0,0.0,0.0,0.0,0.4306313991546631,0.10000000149011612,0.0,0.10737865418195724,-1.4848934412002563,-0.14419420063495636,-0.0,-0.0,0.0,0.10737865418195724,-1.4848934412002563,-0.14419420063495636,-0.0,-0.0,-1.225650668144226,-0.8666991591453552,0.10737865418195724,0.012632614001631737,2.450196916470304e-05,0.0,0.0,0.0,0.06444961577653885,0.10004892200231552,0.0,0.10741472989320755,-1.4850562810897827,-0.14416742324829102,0.0,0.0,0.06892840564250946,0.3509591519832611,-1.9470815658569336,-0.2944178283214569,-0.01989131048321724,0.14634501934051514,-0.7065650224685669,-1.260082483291626,0.06728620827198029
69,-0.0,0.0,0.0,0.0,0.0,0.4375896453857422,0.10000000149011612,0.0,0.10737865418195724,-1.4848934412002563,-0.14419420063495636,-0.0,-0.0,0.0,0.10737865418195724,-1.4848934412002563,-0.14419420063495636,-0.0,-0.0,-1.2241166830062866,-0.8651651740074158,0.10584467649459839,-0.3286009132862091,-0.00332721252925694,0.0,0.0,0.0,3.1698923110961914,-0.9998122453689575,0.0,-0.99986732006073,-0.9998070001602173,-1.0001758337020874,-0.0,-0.0,-0.3946073651313782,-0.6581684350967407,-0.9468866586685181,0.298265665769577,0.1643766313791275,-0.481687992811203,-2.495136022567749,0.23158884048461914,0.8321549892425537,-0.0,0.0,0.0,0.0,0.0,0.4375896453857422,0.10000000149011612,0.0,0.10737865418195724,-1.4848934412002563,-0.14419420063495636,-0.0,-0.0,0.0,0.10737865418195724,-1.4848934412002563,-0.14419420063495636,-0.0,-0.0,-1.2241166830062866,-0.8651651740074158,0.10584467649459839,0.012632614001631737,2.450196916470304e-05,0.0,0.0,0.0,0.0653974637389183,0.10004892200231552,0.0,0.10741472989320755,-1.4850562810897827,-0.14416742324829102,0.0,0.0,0.06892840564250946,0.3509591519832611,-1.9470815658569336,-0.2944178283214569,-0.01989131048321724,0.14634501934051514,-0.7059395909309387,-1.2595309019088745,0.06720459461212158
70,-0.0,0.0,0.0,0.0,0.0,0.4742423892021179,0.10000000149011612,0.0,0.10737865418195724,-1.4848934412002563,-0.14419420063495636,-0.0,-0.0,0.0,0.10737865418195724,-1.4848934412002563,-0.14419420063495636,-0.0,-0.0,-1.2210487127304077,-0.8697671294212341,0.10431069135665894,-0.3286009132862091,-0.00332721252925694,0.0,0.0,0.0,3.4389641284942627,-0.9998122453689575,0.0,-0.99986732006073,-0.9998070001602173,-1.0001758337020874,-0.0,-0.0,-0.3946073651313782,-0.6581684350967407,-0.9468866586685181,0.298265665769577,0.1643766313791275,-0.481687992811203,-2.4876108169555664,0.21879054605960846,0.8033210039138794,-0.0,0.0,0.0,0.0,0.0,0.4742423892021179,0.10000000149011612,0.0,0.10737865418195724,-1.4848934412002563,-0.14419420063495636,-0.0,-0.0,0.0,0.10737865418195724,-1.4848934412002563,-0.14419420063495636,-0.0,-0.0,-1.2210487127304077,-0.8697671294212341,0.10431069135665894,0.012632614001631737,2.450196916470304e-05,0.0,0.0,0.0,0.07039027661085129,0.10004892200231552,0.0,0.10741472989320755,-1.4850562810897827,-0.14416742324829102,0.0,0.0,0.06892840564250946,0.3509591519832611,-1.9470815658569336,-0.2944178283214569,-0.01989131048321724,0.14634501934051514,-0.7046888470649719,-1.261185646057129,0.06712298840284348
71,-0.0,0.0,0.0,0.0,0.0,0.4756004810333252,0.10000000149011612,0.0,0.10737865418195724,-1.4848934412002563,-0.14419420063495636,-0.0,-0.0,0.0,0.10737865418195724,-1.4848934412002563,-0.14419420063495636,-0.0,-0.0,-1.2195147275924683,-0.8759030103683472,0.10431069135665894,-0.3286009132862091,-0.00332721252925694,0.0,0.0,0.0,3.4489340782165527,-0.9998122453689575,0.0,-0.99986732006073,-0.9998070001602173,-1.0001758337020874,-0.0,-0.0,-0.3946073651313782,-0.6581684350967407,-0.9468866586685181,0.298265665769577,0.1643766313791275,-0.481687992811203,-2.4838480949401855,0.2017263025045395,0.8033210039138794,-0.0,0.0,0.0,0.0,0.0,0.4756004810333252,0.10000000149011612,0.0,0.10737865418195724,-1.4848934412002563,-0.14419420063495636,-0.0,-0.0,0.0,0.10737865418195724,-1.4848934412002563,-0.14419420063495636,-0.0,-0.0,-1.2195147275924683,-0.8759030103683472,0.10431069135665894,0.012632614001631737,2.450196916470304e-05,0.0,0.0,0.0,0.0705752745270729,0.10004892200231552,0.0,0.10741472989320755,-1.4850562810897827,-0.14416742324829102,0.0,0.0,0.06892840564250946,0.3509591519832611,-1.9470815658569336,-0.2944178283214569,-0.01989131048321724,0.14634501934051514,-0.7040634751319885,-1.2633919715881348,0.06712298840284348
72,-0.0,0.0,0.0,0.0,0.0,0.4757988452911377,0.10000000149011612,0.0,0.10737865418195724,-1.4848934412002563,-0.14419420063495636,-0.0,-0.0,0.0,0.10737865418195724,-1.4848934412002563,-0.14419420063495636,-0.0,-0.0,-1.2164467573165894,-0.8743690252304077,0.10124272853136063,-0.3286009132862091,-0.00332721252925694,0.0,0.0,0.0,3.450390100479126,-0.9998122453689575,0.0,-0.99986732006073,-0.9998070001602173,-1.0001758337020874,-0.0,-0.0,-0.3946073651313782,-0.6581684350967407,-0.9468866586685181,0.298265665769577,0.1643766313791275,-0.481687992811203,-2.476322650909424,0.20599240064620972,0.7456530332565308,-0.0,0.0,0.0,0.0,0.0,0.4757988452911377,0.10000000149011612,0.0,0.10737865418195724,-1.4848934412002563,-0.14419420063495636,-0.0,-0.0,0.0,0.10737865418195724,-1.4848934412002563,-0.14419420063495636,-0.0,-0.0,-1.2164467573165894,-0.8743690252304077,0.10124272853136063,0.012632614001631737,2.450196916470304e-05,0.0,0.0,0.0,0.07060229033231735,0.10004892200231552,0.0,0.10741472989320755,-1.4850562810897827,-0.14416742324829102,0.0,0.0,0.06892840564250946,0.3509591519832611,-1.9470815658569336,-0.2944178283214569,-0.01989131048321724,0.14634501934051514,-0.702812671661377,-1.2628403902053833,0.06695976853370667
73,-0.0,0.0,0.0,0.0,0.0,0.4762871265411377,0.10000000149011612,0.0,0.10737865418195724,-1.4848934412002563,-0.14419420063495636,-0.0,-0.0,0.0,0.10737865418195724,-1.4848934412002563,-0.14419420063495636,-0.0,-0.0,-1.2164467573165894,-0.8743690252304077,0.10124272853136063,-0.3286009132862091,-0.00332721252925694,0.0,0.0,0.0,3.453974723815918,-0.9998122453689575,0.0,-0.99986732006073,-0.9998070001602173,-1.0001758337020874,-0.0,-0.0,-0.3946073651313782,-0.6581684350967407,-0.9468866586685181,0.298265665769577,0.1643766313791275,-0.481687992811203,-2.476322650909424,0.20599240064620972,0.7456530332565308,-0.0,0.0,0.0,0.0,0.0,0.4762871265411377,0.10000000149011612,0.0,0.10737865418195724,-1.4848934412002563,-0.14419420063495636,-0.0,-0.0,0.0,0.10737865418195724,-1.4848934412002563,-0.14419420063495636,-0.0,-0.0,-1.2164467573165894,-0.8743690252304077,0.10124272853136063,0.012632614001631737,2.450196916470304e-05,0.0,0.0,0.0,0.07066880911588669,0.10004892200231552,0.0,0.10741472989320755,-1.4850562810897827,-0.14416742324829102,0.0,0.0,0.06892840564250946,0.3509591519832611,-1.9470815658569336,-0.2944178283214569,-0.01989131048321724,0.14634501934051514,-0.702812671661377,-1.2628403902053833,0.06695976853370667
74,-0.0,0.0,0.0,0.0,0.0,0.4762871265411377,0.10000000149011612,0.0,0.10737865418195724,-1.4848934412002563,-0.14419420063495636,-0.0,-0.0,0.0,0.10737865418195724,-1.4848934412002563,-0.14419420063495636,-0.0,-0.0,-1.21491277217865,-0.8713011145591736,0.09817477315664291,-0.3286009132862091,-0.00332721252925694,0.0,0.0,0.0,3.453974723815918,-0.9998122453689575,0.0,-0.99986732006073,-0.9998070001602173,-1.0001758337020874,-0.0,-0.0,-0.3946073651313782,-0.6581684350967407,-0.9468866586685181,0.298265665769577,0.1643766313791275,-0.481687992811203,-2.472560167312622,0.21452443301677704,0.6879853010177612,-0.0,0.0,0.0,0.0,0.0,0.4762871265411377,0.10000000149011612,0.0,0.10737865418195724,-1.4848934412002563,-0.14419420063495636,-0.0,-0.0,0.0,0.10737865418195724,-1.4848934412002563,-0.14419420063495636,-0.0,-0.0,-1.21491277217865,-0.8713011145591736,0.09817477315664291,0.012632614001631737,2.450196916470304e-05,0.0,0.0,0.0,0.07066880911588669,0.10004892200231552,0.0,0.10741472989320755,-1.4850562810897827,-0.14416742324829102,0.0,0.0,0.06892840564250946,0.3509591519832611,-1.9470815658569336,-0.2944178283214569,-0.01989131048321724,0.14634501934051514,-0.7021872997283936,-1.2617372274398804,0.06679655611515045
75,-0.0,0.0,0.0,0.0,0.0,0.4762871265411377,0.10000000149011612,0.0,0.10737865418195724,-1.4848934412002563,-0.14419420063495636,-0.0,-0.0,0.0,0.10737865418195724,-1.4848934412002563,-0.14419420063495636,-0.0,-0.0,-1.2133787870407104,-0.8743690252304077,0.09970875084400177,-0.3286009132862091,-0.00332721252925694,0.0,0.0,0.0,3.453974723815918,-0.9998122453689575,0.0,-0.99986732006073,-0.9998070001602173,-1.0001758337020874,-0.0,-0.0,-0.3946073651313782,-0.6581684350967407,-0.9468866586685181,0.298265665769577,0.1643766313791275,-0.481687992811203,-2.468797445297241,0.20599240064620972,0.716819167137146,-0.0,0.0,0.0,0.0,0.0,0.4762871265411377,0.10000000149011612,0.0,0.10737865418195724,-1.4848934412002563,-0.14419420063495636,-0.0,-0.0,0.0,0.10737865418195724,-1.4848934412002563,-0.14419420063495636,-0.0,-0.0,-1.2133787870407104,-0.8743690252304077,0.09970875084400177,0.012632614001631737,2.450196916470304e-05,0.0,0.0,0.0,0.07066880911588669,0.10004892200231552,0.0,0.10741472989320755,-1.4850562810897827,-0.14416742324829102,0.0,0.0,0.06892840564250946,0.3509591519832611,-1.9470815658569336,-0.2944178283214569,-0.01989131048321724,0.14634501934051514,-0.7015619277954102,-1.2628403902053833,0.06687816232442856
76,-0.0,0.0,0.0,0.0,0.0,0.4762871265411377,0.10000000149011612,0.0,0.10737865418195724,-1.4848934412002563,-0.14419420063495636,-0.0,-0.0,0.0,0.10737865418195724,-1.4848934412002563,-0.14419420063495636,-0.0,-0.0,-1.2041748762130737,-0.8713011145591736,0.09817477315664291,-0.3286009132862091,-0.00332721252925694,0.0,0.0,0.0,3.453974723815918,-0.9998122453689575,0.0,-0.99986732006073,-0.9998070001602173,-1.0001758337020874,-0.0,-0.0,-0.3946073651313782,-0.6581684350967407,-0.9468866586685181,0.298265665769577,0.1643766313791275,-0.481687992811203,-2.446221351623535,0.21452443301677704,0.6879853010177612,-0.0,0.0,0.0,0.0,0.0,0.4762871265411377,0.10000000149011612,0.0,0.10737865418195724,-1.4848934412002563,-0.14419420063495636,-0.0,-0.0,0.0,0.10737865418195724,-1.4848934412002563,-0.14419420063495636,-0.0,-0.0,-1.2041748762130737,-0.8713011145591736,0.09817477315664291,0.012632614001631737,2.450196916470304e-05,0.0,0.0,0.0,0.07066880911588669,0.10004892200231552,0.0,0.10741472989320755,-1.4850562810897827,-0.14416742324829102,0.0,0.0,0.06892840564250946,0.3509591519832611,-1.9470815658569336,-0.2944178283214569,-0.01989131048321724,0.14634501934051514,-0.697809636592865,-1.2617372274398804,0.06679655611515045
77,-0.0,0.0,0.0,0.0,0.0,0.4762871265411377,0.10000000149011612,0.0,0.10737865418195724,-1.4848934412002563,-0.14419420063495636,-0.0,-0.0,0.0,0.10737865418195724,-1.4848934412002563,-0.14419420063495636,-0.0,-0.0,-1.196505069732666,-0.8666991591453552,0.09357282519340515,-0.3286009132862091,-0.00332721252925694,0.0,0.0,0.0,3.453974723815918,-0.9998122453689575,0.0,-0.99986732006073,-0.9998070001602173,-1.0001758337020874,-0.0,-0.0,-0.3946073651313782,-0.6581684350967407,-0.9468866586685181,0.298265665769577,0.1643766313791275,-0.481687992811203,-2.427408456802368,0.2273227423429489,0.6014833450317383,-0.0,0.0,0.0,0.0,0.0,0.4762871265411377,0.10000000149011612,0.0,0.10737865418195724,-1.4848934412002563,-0.14419420063495636,-0.0,-0.0,0.0,0.10737865418195724,-1.4848934412002563,-0.14419420063495636,-0.0,-0.0,-1.196505069732666,-0.8666991591453552,0.09357282519340515,0.012632614001631737,2.450196916470304e-05,0.0,0.0,0.0,0.07066880911588669,0.10004892200231552,0.0,0.10741472989320755,-1.4850562810897827,-0.14416742324829102,0.0,0.0,0.06892840564250946,0.3509591519832611,-1.9470815658569336,-0.2944178283214569,-0.01989131048321724,0.14634501934051514,-0.6946827173233032,-1.260082483291626,0.06655173003673553
78,-0.0,0.0,0.0,0.0,0.0,0.4762871265411377,0.10000000149011612,0.0,0.10737865418195724,-1.4848934412002563,-0.14419420063495636,-0.0,-0.0,0.0,0.10737865418195724,-1.4848934412002563,-0.14419420063495636,-0.0,-0.0,-1.1903691291809082,-0.8651651740074158,0.09357282519340515,-0.3286009132862091,-0.00332721252925694,0.0,0.0,0.0,3.453974723815918,-0.9998122453689575,0.0,-0.99986732006073,-0.9998070001602173,-1.0001758337020874,-0.0,-0.0,-0.3946073651313782,-0.6581684350967407,-0.9468866586685181,0.298265665769577,0.1643766313791275,-0.481687992811203,-2.412357807159424,0.23158884048461914,0.6014833450317383,-0.0,0.0,0.0,0.0,0.0,0.4762871265411377,0.10000000149011612,0.0,0.10737865418195724,-1.4848934412002563,-0.14419420063495636,-0.0,-0.0,0.0,0.10737865418195724,-1.4848934412002563,-0.14419420063495636,-0.0,-0.0,-1.1903691291809082,-0.8651651740074158,0.09357282519340515,0.012632614001631737,2.450196916470304e-05,0.0,0.0,0.0,0.07066880911588669,0.10004892200231552,0.0,0.10741472989320755,-1.4850562810897827,-0.14416742324829102,0.0,0.0,0.06892840564250946,0.3509591519832611,-1.9470815658569336,-0.2944178283214569,-0.01989131048321724,0.14634501934051514,-0.6921812295913696,-1.2595309019088745,0.06655173003673553
79,-0.0,0.0,0.0,0.0,0.0,0.4762871265411377,0.10000000149011612,0.0,0.10737865418195724,-1.4848934412002563,-0.14419420063495636,-0.0,-0.0,0.0,0.10737865418195724,-1.4848934412002563,-0.14419420063495636,-0.0,-0.0,-1.1734952926635742,-0.8620972037315369,0.0920388475060463,-0.3286009132862091,-0.00332721252925694,0.0,0.0,0.0,3.453974723815918,-0.9998122453689575,0.0,-0.99986732006073,-0.9998070001602173,-1.0001758337020874,-0.0,-0.0,-0.3946073651313782,-0.6581684350967407,-0.9468866586685181,0.298265665769577,0.1643766313791275,-0.481687992811203,-2.3709685802459717,0.2401210516691208,0.5726494193077087,-0.0,0.0,0.0,0.0,0.0,0.4762871265411377,0.10000000149011612,0.0,0.10737865418195724,-1.4848934412002563,-0.14419420063495636,-0.0,-0.0,0.0,0.10737865418195724,-1.4848934412002563,-0.14419420063495636,-0.0,-0.0,-1.1734952926635742,-0.8620972037315369,0.0920388475060463,0.012632614001631737,2.450196916470304e-05,0.0,0.0,0.0,0.07066880911588669,0.10004892200231552,0.0,0.10741472989320755,-1.4850562810897827,-0.14416742324829102,0.0,0.0,0.06892840564250946,0.3509591519832611,-1.9470815658569336,-0.2944178283214569,-0.01989131048321724,0.14634501934051514,-0.6853019595146179,-1.2584277391433716,0.06647011637687683
80,-0.0,0.0,0.0,0.0,0.0,0.4762871265411377,0.10000000149011612,0.0,0.10737865418195724,-1.4848934412002563,-0.14419420063495636,-0.0,-0.0,0.0,0.10737865418195724,-1.4848934412002563,-0.14419420063495636,-0.0,-0.0,-1.1612234115600586,-0.8605632185935974,0.09050486981868744,-0.3286009132862091,-0.00332721252925694,0.0,0.0,0.0,3.453974723815918,-0.9998122453689575,0.0,-0.99986732006073,-0.9998070001602173,-1.0001758337020874,-0.0,-0.0,-0.3946073651313782,-0.6581684350967407,-0.9468866586685181,0.298265665769577,0.1643766313791275,-0.481687992811203,-2.340867280960083,0.24438714981079102,0.543815553188324,-0.0,0.0,0.0,0.0,0.0,0.4762871265411377,0.10000000149011612,0.0,0.10737865418195724,-1.4848934412002563,-0.14419420063495636,-0.0,-0.0,0.0,0.10737865418195724,-1.4848934412002563,-0.14419420063495636,-0.0,-0.0,-1.1612234115600586,-0.8605632185935974,0.09050486981868744,0.012632614001631737,2.450196916470304e-05,0.0,0.0,0.0,0.07066880911588669,0.10004892200231552,0.0,0.10741472989320755,-1.4850562810897827,-0.14416742324829102,0.0,0.0,0.06892840564250946,0.3509591519832611,-1.9470815658569336,-0.2944178283214569,-0.01989131048321724,0.14634501934051514,-0.680298924446106,-1.2578761577606201,0.06638851016759872
81,-0.0,0.0,0.0,0.0,0.0,0.4762871265411377,0.10000000149011612,0.0,0.10737865418195724,-1.4848934412002563,-0.14419420063495636,-0.0,-0.0,0.0,0.10737865418195724,-1.4848934412002563,-0.14419420063495636,-0.0,-0.0,-1.1458836793899536,-0.859029233455658,0.09050486981868744,-0.3286009132862091,-0.00332721252925694,0.0,0.0,0.0,3.453974723815918,-0.9998122453689575,0.0,-0.99986732006073,-0.9998070001602173,-1.0001758337020874,-0.0,-0.0,-0.3946073651313782,-0.6581684350967407,-0.9468866586685181,0.298265665769577,0.1643766313791275,-0.481687992811203,-2.3032407760620117,0.24865324795246124,0.543815553188324,-0.0,0.0,0.0,0.0,0.0,0.4762871265411377,0.10000000149011612,0.0,0.10737865418195724,-1.4848934412002563,-0.14419420063495636,-0.0,-0.0,0.0,0.10737865418195724,-1.4848934412002563,-0.14419420063495636,-0.0,-0.0,-1.1458836793899536,-0.859029233455658,0.09050486981868744,0.012632614001631737,2.450196916470304e-05,0.0,0.0,0.0,0.07066880911588669,0.10004892200231552,0.0,0.10741472989320755,-1.4850562810897827,-0.14416742324829102,0.0,0.0,0.06892840564250946,0.3509591519832611,-1.9470815658569336,-0.2944178283214569,-0.01989131048321724,0.14634501934051514,-0.6740450859069824,-1.2573245763778687,0.06638851016759872
82,-0.0,0.0,0.0,0.0,0.0,0.4762871265411377,0.10000000149011612,0.0,0.10737865418195724,-1.4848934412002563,-0.14419420063495636,-0.0,-0.0,0.0,0.10737865418195724,-1.4848934412002563,-0.14419420063495636,-0.0,-0.0,-1.1136701107025146,-0.8528932929039001,0.08283495903015137,-0.3286009132862091,-0.00332721252925694,0.0,0.0,0.0,3.453974723815918,-0.9998122453689575,0.0,-0.99986732006073,-0.9998070001602173,-1.0001758337020874,-0.0,-0.0,-0.3946073651313782,-0.6581684350967407,-0.9468866586685181,0.298265665769577,0.1643766313791275,-0.481687992811203,-2.2242252826690674,0.26571765542030334,0.3996456563472748,-0.0,0.0,0.0,0.0,0.0,0.4762871265411377,0.10000000149011612,0.0,0.10737865418195724,-1.4848934412002563,-0.14419420063495636,-0.0,-0.0,0.0,0.10737865418195724,-1.4848934412002563,-0.14419420063495636,-0.0,-0.0,-1.1136701107025146,-0.8528932929039001,0.08283495903015137,0.012632614001631737,2.450196916470304e-05,0.0,0.0,0.0,0.07066880911588669,0.10004892200231552,0.0,0.10741472989320755,-1.4850562810897827,-0.14416742324829102,0.0,0.0,0.06892840564250946,0.3509591519832611,-1.9470815658569336,-0.2944178283214569,-0.01989131048321724,0.14634501934051514,-0.6609120965003967,-1.2551182508468628,0.065980464220047
83,-0.0,0.0,0.0,0.0,0.0,0.4762871265411377,0.10000000149011612,0.0,0.10737865418195724,-1.4848934412002563,-0.14419420063495636,-0.0,-0.0,0.0,0.10737865418195724,-1.4848934412002563,-0.14419420063495636,-0.0,-0.0,-1.0814564228057861,-0.8482913970947266,0.07056311517953873,-0.3286009132862091,-0.00332721252925694,0.0,0.0,0.0,3.453974723815918,-0.9998122453689575,0.0,-0.99986732006073,-0.9998070001602173,-1.0001758337020874,-0.0,-0.0,-0.3946073651313782,-0.6581684350967407,-0.9468866586685181,0.298265665769577,0.1643766313791275,-0.481687992811203,-2.145209312438965,0.2785157859325409,0.1689741164445877,-0.0,0.0,0.0,0.0,0.0,0.4762871265411377,0.10000000149011612,0.0,0.10737865418195724,-1.4848934412002563,-0.14419420063495636,-0.0,-0.0,0.0,0.10737865418195724,-1.4848934412002563,-0.14419420063495636,-0.0,-0.0,-1.0814564228057861,-0.8482913970947266,0.07056311517953873,0.012632614001631737,2.450196916470304e-05,0.0,0.0,0.0,0.07066880911588669,0.10004892200231552,0.0,0.10741472989320755,-1.4850562810897827,-0.14416742324829102,0.0,0.0,0.06892840564250946,0.3509591519832611,-1.9470815658569336,-0.2944178283214569,-0.01989131048321724,0.14634501934051514,-0.6477789878845215,-1.2534635066986084,0.06532759964466095
84,-0.0,0.0,0.0,0.0,0.0,0.4762871265411377,0.10000000149011612,0.0,0.10737865418195724,-1.4848934412002563,-0.14419420063495636,-0.0,-0.0,0.0,0.10737865418195724,-1.4848934412002563,-0.14419420063495636,-0.0,-0.0,-1.06918466091156,-0.8482913970947266,0.06749515235424042,-0.3286009132862091,-0.00332721252925694,0.0,0.0,0.0,3.453974723815918,-0.9998122453689575,0.0,-0.99986732006073,-0.9998070001602173,-1.0001758337020874,-0.0,-0.0,-0.3946073651313782,-0.6581684350967407,-0.9468866586685181,0.298265665769577,0.1643766313791275,-0.481687992811203,-2.1151084899902344,0.2785157859325409,0.11130619794130325,-0.0,0.0,0.0,0.0,0.0,0.4762871265411377,0.10000000149011612,0.0,0.10737865418195724,-1.4848934412002563,-0.14419420063495636,-0.0,-0.0,0.0,0.10737865418195724,-1.4848934412002563,-0.14419420063495636,-0.0,-0.0,-1.06918466091156,-0.8482913970947266,0.06749515235424042,0.012632614001631737,2.450196916470304e-05,0.0,0.0,0.0,0.07066880911588669,0.10004892200231552,0.0,0.10741472989320755,-1.4850562810897827,-0.14416742324829102,0.0,0.0,0.06892840564250946,0.3509591519832611,-1.9470815658569336,-0.2944178283214569,-0.01989131048321724,0.14634501934051514,-0.6427759528160095,-1.2534635066986084,0.06516437977552414
85,-0.0,0.0,0.0,0.0,0.0,0.4762871265411377,0.10000000149011612,0.0,0.10737865418195724,-1.4848934412002563,-0.14419420063495636,-0.0,-0.0,0.0,0.10737865418195724,-1.4848934412002563,-0.14419420063495636,-0.0,-0.0,-1.0431069135665894,-0.8482913970947266,0.06442718952894211,-0.3286009132862091,-0.00332721252925694,0.0,0.0,0.0,3.453974723815918,-0.9998122453689575,0.0,-0.99986732006073,-0.9998070001602173,-1.0001758337020874,-0.0,-0.0,-0.3946073651313782,-0.6581684350967407,-0.9468866586685181,0.298265665769577,0.1643766313791275,-0.481687992811203,-2.051143169403076,0.2785157859325409,0.0536382757127285,-0.0,0.0,0.0,0.0,0.0,0.4762871265411377,0.10000000149011612,0.0,0.10737865418195724,-1.4848934412002563,-0.14419420063495636,-0.0,-0.0,0.0,0.10737865418195724,-1.4848934412002563,-0.14419420063495636,-0.0,-0.0,-1.0431069135665894,-0.8482913970947266,0.06442718952894211,0.012632614001631737,2.450196916470304e-05,0.0,0.0,0.0,0.07066880911588669,0.10004892200231552,0.0,0.10741472989320755,-1.4850562810897827,-0.14416742324829102,0.0,0.0,0.06892840564250946,0.3509591519832611,-1.9470815658569336,-0.2944178283214569,-0.01989131048321724,0.14634501934051514,-0.6321444511413574,-1.2534635066986084,0.06500116735696793
86,-0.0,0.0,0.0,0.0,0.0,0.4762871265411377,0.10000000149011612,0.0,0.10737865418195724,-1.4848934412002563,-0.14419420063495636,-0.0,-0.0,0.0,0.10737865418195724,-1.4848934412002563,-0.14419420063495636,-0.0,-0.0,-1.0124273300170898,-0.849825382232666,0.05522330850362778,-0.3286009132862091,-0.00332721252925694,0.0,0.0,0.0,3.453974723815918,-0.9998122453689575,0.0,-0.99986732006073,-0.9998070001602173,-1.0001758337020874,-0.0,-0.0,-0.3946073651313782,-0.6581684350967407,-0.9468866586685181,0.298265665769577,0.1643766313791275,-0.481687992811203,-1.9758902788162231,0.27424970269203186,-0.11936534941196442,-0.0,0.0,0.0,0.0,0.0,0.4762871265411377,0.10000000149011612,0.0,0.10737865418195724,-1.4848934412002563,-0.14419420063495636,-0.0,-0.0,0.0,0.10737865418195724,-1.4848934412002563,-0.14419420063495636,-0.0,-0.0,-1.0124273300170898,-0.849825382232666,0.05522330850362778,0.012632614001631737,2.450196916470304e-05,0.0,0.0,0.0,0.07066880911588669,0.10004892200231552,0.0,0.10741472989320755,-1.4850562810897827,-0.14416742324829102,0.0,0.0,0.06892840564250946,0.3509591519832611,-1.9470815658569336,-0.2944178283214569,-0.01989131048321724,0.14634501934051514,-0.6196367740631104,-1.2540150880813599,0.06451151520013809
87,-0.0,0.0,0.0,0.0,0.0,0.47215187549591064,0.10000000149011612,0.0,0.10737865418195724,-1.4848934412002563,-0.14419420063495636,-0.0,-0.0,0.0,0.10737865418195724,-1.4848934412002563,-0.14419420063495636,-0.0,-0.0,-0.9970875382423401,-0.8467574119567871,0.0475534051656723,-0.3286009132862091,-0.00332721252925694,0.0,0.0,0.0,3.423617362976074,-0.9998122453689575,0.0,-0.99986732006073,-0.9998070001602173,-1.0001758337020874,-0.0,-0.0,-0.3946073651313782,-0.6581684350967407,-0.9468866586685181,0.298265665769577,0.1643766313791275,-0.481687992811203,-1.9382637739181519,0.2827818989753723,-0.2635350823402405,-0.0,0.0,0.0,0.0,0.0,0.47215187549591064,0.10000000149011612,0.0,0.10737865418195724,-1.4848934412002563,-0.14419420063495636,-0.0,-0.0,0.0,0.10737865418195724,-1.4848934412002563,-0.14419420063495636,-0.0,-0.0,-0.9970875382423401,-0.8467574119567871,0.0475534051656723,0.012632614001631737,2.450196916470304e-05,0.0,0.0,0.0,0.07010550796985626,0.10004892200231552,0.0,0.10741472989320755,-1.4850562810897827,-0.14416742324829102,0.0,0.0,0.06892840564250946,0.3509591519832611,-1.9470815658569336,-0.2944178283214569,-0.01989131048321724,0.14634501934051514,-0.6133829355239868,-1.252911925315857,0.06410346925258636
88,-0.0,0.0,0.0,0.0,0.0,0.4614856243133545,0.10000000149011612,0.0,0.10737865418195724,-1.4848934412002563,-0.14419420063495636,-0.0,-0.0,0.0,0.10737865418195724,-1.4848934412002563,-0.14419420063495636,-0.0,-0.0,-0.9633399248123169,-0.8482913970947266,0.03681553900241852,-0.3286009132862091,-0.00332721252925694,0.0,0.0,0.0,3.3453152179718018,-0.9998122453689575,0.0,-0.99986732006073,-0.9998070001602173,-1.0001758337020874,-0.0,-0.0,-0.3946073651313782,-0.6581684350967407,-0.9468866586685181,0.298265665769577,0.1643766313791275,-0.481687992811203,-1.8554853200912476,0.2785157859325409,-0.4653727412223816,-0.0,0.0,0.0,0.0,0.0,0.4614856243133545,0.10000000149011612,0.0,0.10737865418195724,-1.4848934412002563,-0.14419420063495636,-0.0,-0.0,0.0,0.10737865418195724,-1.4848934412002563,-0.14419420063495636,-0.0,-0.0,-0.9633399248123169,-0.8482913970947266,0.03681553900241852,0.012632614001631737,2.450196916470304e-05,0.0,0.0,0.0,0.06865255534648895,0.10004892200231552,0.0,0.10741472989320755,-1.4850562810897827,-0.14416742324829102,0.0,0.0,0.06892840564250946,0.3509591519832611,-1.9470815658569336,-0.2944178283214569,-0.01989131048321724,0.14634501934051514,-0.599624514579773,-1.2534635066986084,0.06353221088647842
89,-0.0,0.0,0.0,0.0,0.0,0.4594103693962097,0.10000000149011612,0.0,0.10737865418195724,-1.4848934412002563,-0.14419420063495636,-0.0,-0.0,0.0,0.10737865418195724,-1.4848934412002563,-0.14419420063495636,-0.0,-0.0,-0.9326603412628174,-0.8513593077659607,0.03067961521446705,-0.3286009132862091,-0.00332721252925694,0.0,0.0,0.0,3.330080509185791,-0.9998122453689575,0.0,-0.99986732006073,-0.9998070001602173,-1.0001758337020874,-0.0,-0.0,-0.3946073651313782,-0.6581684350967407,-0.9468866586685181,0.298265665769577,0.1643766313791275,-0.481687992811203,-1.7802324295043945,0.26998376846313477,-0.5807085633277893,-0.0,0.0,0.0,0.0,0.0,0.4594103693962097,0.10000000149011612,0.0,0.10737865418195724,-1.4848934412002563,-0.14419420063495636,-0.0,-0.0,0.0,0.10737865418195724,-1.4848934412002563,-0.14419420063495636,-0.0,-0.0,-0.9326603412628174,-0.8513593077659607,0.03067961521446705,0.012632614001631737,2.450196916470304e-05,0.0,0.0,0.0,0.06836986541748047,0.10004892200231552,0.0,0.10741472989320755,-1.4850562810897827,-0.14416742324829102,0.0,0.0,0.06892840564250946,0.3509591519832611,-1.9470815658569336,-0.2944178283214569,-0.01989131048321724,0.14634501934051514,-0.5871168971061707,-1.2545666694641113,0.0632057785987854
90,-0.0,0.0,0.0,0.0,0.0,0.4539017677307129,0.10000000149011612,0.0,0.10737865418195724,-1.4848934412002563,-0.14419420063495636,-0.0,-0.0,0.0,0.10737865418195724,-1.4848934412002563,-0.14419420063495636,-0.0,-0.0,-0.9203884601593018,-0.8528932929039001,0.02761165425181389,-0.3286009132862091,-0.00332721252925694,0.0,0.0,0.0,3.2896413803100586,-0.9998122453689575,0.0,-0.99986732006073,-0.9998070001602173,-1.0001758337020874,-0.0,-0.0,-0.3946073651313782,-0.6581684350967407,-0.9468866586685181,0.298265665769577,0.1643766313791275,-0.481687992811203,-1.7501311302185059,0.26571765542030334,-0.6383764147758484,-0.0,0.0,0.0,0.0,0.0,0.4539017677307129,0.10000000149011612,0.0,0.10737865418195724,-1.4848934412002563,-0.14419420063495636,-0.0,-0.0,0.0,0.10737865418195724,-1.4848934412002563,-0.14419420063495636,-0.0,-0.0,-0.9203884601593018,-0.8528932929039001,0.02761165425181389,0.012632614001631737,2.450196916470304e-05,0.0,0.0,0.0,0.06761948764324188,0.10004892200231552,0.0,0.10741472989320755,-1.4850562810897827,-0.14416742324829102,0.0,0.0,0.06892840564250946,0.3509591519832611,-1.9470815658569336,-0.2944178283214569,-0.01989131048321724,0.14634501934051514,-0.5821138024330139,-1.2551182508468628,0.06304255872964859
91,-0.0,0.0,0.0,0.0,0.0,0.4426557421684265,0.10000000149011612,0.0,0.10737865418195724,-1.4848934412002563,-0.14419420063495636,-0.0,-0.0,0.0,0.10737865418195724,-1.4848934412002563,-0.14419420063495636,-0.0,-0.0,-0.8943107724189758,-0.8574952483177185,0.02454369328916073,-0.3286009132862091,-0.00332721252925694,0.0,0.0,0.0,3.207083225250244,-0.9998122453689575,0.0,-0.99986732006073,-0.9998070001602173,-1.0001758337020874,-0.0,-0.0,-0.3946073651313782,-0.6581684350967407,-0.9468866586685181,0.298265665769577,0.1643766313791275,-0.481687992811203,-1.6861660480499268,0.25291934609413147,-0.696044385433197,-0.0,0.0,0.0,0.0,0.0,0.4426557421684265,0.10000000149011612,0.0,0.10737865418195724,-1.4848934412002563,-0.14419420063495636,-0.0,-0.0,0.0,0.10737865418195724,-1.4848934412002563,-0.14419420063495636,-0.0,-0.0,-0.8943107724189758,-0.8574952483177185,0.02454369328916073,0.012632614001631737,2.450196916470304e-05,0.0,0.0,0.0,0.06608756631612778,0.10004892200231552,0.0,0.10741472989320755,-1.4850562810897827,-0.14416742324829102,0.0,0.0,0.06892840564250946,0.3509591519832611,-1.9470815658569336,-0.2944178283214569,-0.01989131048321724,0.14634501934051514,-0.5714823007583618,-1.2567729949951172,0.06287934631109238
92,-0.0,0.0,0.0,0.0,0.0,0.4426557421684265,0.10000000149011612,0.0,0.10737865418195724,-1.4848934412002563,-0.14419420063495636,-0.0,-0.0,0.0,0.10737865418195724,-1.4848934412002563,-0.14419420063495636,-0.0,-0.0,-0.8728350400924683,-0.8605632185935974,0.02454369328916073,-0.3286009132862091,-0.00332721252925694,0.0,0.0,0.0,3.207083225250244,-0.9998122453689575,0.0,-0.99986732006073,-0.9998070001602173,-1.0001758337020874,-0.0,-0.0,-0.3946073651313782,-0.6581684350967407,-0.9468866586685181,0.298265665769577,0.1643766313791275,-0.481687992811203,-1.6334888935089111,0.24438714981079102,-0.696044385433197,-0.0,0.0,0.0,0.0,0.0,0.4426557421684265,0.10000000149011612,0.0,0.10737865418195724,-1.4848934412002563,-0.14419420063495636,-0.0,-0.0,0.0,0.10737865418195724,-1.4848934412002563,-0.14419420063495636,-0.0,-0.0,-0.8728350400924683,-0.8605632185935974,0.02454369328916073,0.012632614001631737,2.450196916470304e-05,0.0,0.0,0.0,0.06608756631612778,0.10004892200231552,0.0,0.10741472989320755,-1.4850562810897827,-0.14416742324829102,0.0,0.0,0.06892840564250946,0.3509591519832611,-1.9470815658569336,-0.2944178283214569,-0.01989131048321724,0.14634501934051514,-0.5627269148826599,-1.2578761577606201,0.06287934631109238
93,-0.0,0.0,0.0,0.0,0.0,0.43893247842788696,0.10000000149011612,0.0,0.10737865418195724,-1.4848934412002563,-0.14419420063495636,-0.0,-0.0,0.0,0.10737865418195724,-1.4848934412002563,-0.14419420063495636,-0.0,-0.0,-0.8206797242164612,-0.8713011145591736,0.019941750913858414,-0.3286009132862091,-0.00332721252925694,0.0,0.0,0.0,3.1797502040863037,-0.9998122453689575,0.0,-0.99986732006073,-0.9998070001602173,-1.0001758337020874,-0.0,-0.0,-0.3946073651313782,-0.6581684350967407,-0.9468866586685181,0.298265665769577,0.1643766313791275,-0.481687992811203,-1.5055588483810425,0.21452443301677704,-0.7825461626052856,-0.0,0.0,0.0,0.0,0.0,0.43893247842788696,0.10000000149011612,0.0,0.10737865418195724,-1.4848934412002563,-0.14419420063495636,-0.0,-0.0,0.0,0.10737865418195724,-1.4848934412002563,-0.14419420063495636,-0.0,-0.0,-0.8206797242164612,-0.8713011145591736,0.019941750913858414,0.012632614001631737,2.450196916470304e-05,0.0,0.0,0.0,0.06558038294315338,0.10004892200231552,0.0,0.10741472989320755,-1.4850562810897827,-0.14416742324829102,0.0,0.0,0.06892840564250946,0.3509591519832611,-1.9470815658569336,-0.2944178283214569,-0.01989131048321724,0.14634501934051514,-0.5414639115333557,-1.2617372274398804,0.06263452023267746
94,-0.0,0.0,0.0,0.0,0.0,0.4282051920890808,0.10000000149011612,0.0,0.10737865418195724,-1.4848934412002563,-0.14419420063495636,-0.0,-0.0,0.0,0.10737865418195724,-1.4848934412002563,-0.14419420063495636,-0.0,-0.0,-0.7915340662002563,-0.8759030103683472,0.015339807607233524,-0.3286009132862091,-0.00332721252925694,0.0,0.0,0.0,3.1010000705718994,-0.9998122453689575,0.0,-0.99986732006073,-0.9998070001602173,-1.0001758337020874,-0.0,-0.0,-0.3946073651313782,-0.6581684350967407,-0.9468866586685181,0.298265665769577,0.1643766313791275,-0.481687992811203,-1.4340684413909912,0.2017263025045395,-0.8690480589866638,-0.0,0.0,0.0,0.0,0.0,0.4282051920890808,0.10000000149011612,0.0,0.10737865418195724,-1.4848934412002563,-0.14419420063495636,-0.0,-0.0,0.0,0.10737865418195724,-1.4848934412002563,-0.14419420063495636,-0.0,-0.0,-0.7915340662002563,-0.8759030103683472,0.015339807607233524,0.012632614001631737,2.450196916470304e-05,0.0,0.0,0.0,0.0641191229224205,0.10004892200231552,0.0,0.10741472989320755,-1.4850562810897827,-0.14416742324829102,0.0,0.0,0.06892840564250946,0.3509591519832611,-1.9470815658569336,-0.2944178283214569,-0.01989131048321724,0.14634501934051514,-0.5295816659927368,-1.2633919715881348,0.062389690428972244
95,-0.0,0.0,0.0,0.0,0.0,0.40765100717544556,0.10000000149011612,0.0,0.10737865418195724,-1.4848934412002563,-0.14419420063495636,-0.0,-0.0,0.0,0.10737865418195724,-1.4848934412002563,-0.14419420063495636,-0.0,-0.0,-0.7347767949104309,-0.8851069211959839,0.004601942375302315,-0.3286009132862091,-0.00332721252925694,0.0,0.0,0.0,2.9501094818115234,-0.9998122453689575,0.0,-0.99986732006073,-0.9998070001602173,-1.0001758337020874,-0.0,-0.0,-0.3946073651313782,-0.6581684350967407,-0.9468866586685181,0.298265665769577,0.1643766313791275,-0.481687992811203,-1.294850468635559,0.17612968385219574,-1.0708856582641602,-0.0,0.0,0.0,0.0,0.0,0.40765100717544556,0.10000000149011612,0.0,0.10737865418195724,-1.4848934412002563,-0.14419420063495636,-0.0,-0.0,0.0,0.10737865418195724,-1.4848934412002563,-0.14419420063495636,-0.0,-0.0,-0.7347767949104309,-0.8851069211959839,0.004601942375302315,0.012632614001631737,2.450196916470304e-05,0.0,0.0,0.0,0.061319246888160706,0.10004892200231552,0.0,0.10741472989320755,-1.4850562810897827,-0.14416742324829102,0.0,0.0,0.06892840564250946,0.3509591519832611,-1.9470815658569336,-0.2944178283214569,-0.01989131048321724,0.14634501934051514,-0.5064424872398376,-1.2667014598846436,0.061818432062864304
96,-0.0,0.0,0.0,0.0,0.0,0.3753623962402344,0.10000000149011612,0.0,0.10737865418195724,-1.4848934412002563,-0.14419420063495636,-0.0,-0.0,0.0,0.10737865418195724,-1.4848934412002563,-0.14419420063495636,-0.0,-0.0,-0.7040972113609314,-0.8881748914718628,-0.0,-0.3286009132862091,-0.00332721252925694,0.0,0.0,0.0,2.7130753993988037,-0.9998122453689575,0.0,-0.99986732006073,-0.9998070001602173,-1.0001758337020874,-0.0,-0.0,-0.3946073651313782,-0.6581684350967407,-0.9468866586685181,0.298265665769577,0.1643766313791275,-0.481687992811203,-1.2195974588394165,0.16759748756885529,-1.1573874950408936,-0.0,0.0,0.0,0.0,0.0,0.3753623962402344,0.10000000149011612,0.0,0.10737865418195724,-1.4848934412002563,-0.14419420063495636,-0.0,-0.0,0.0,0.10737865418195724,-1.4848934412002563,-0.14419420063495636,-0.0,-0.0,-0.7040972113609314,-0.8881748914718628,-0.0,0.012632614001631737,2.450196916470304e-05,0.0,0.0,0.0,0.056920915842056274,0.10004892200231552,0.0,0.10741472989320755,-1.4850562810897827,-0.14416742324829102,0.0,0.0,0.06892840564250946,0.3509591519832611,-1.9470815658569336,-0.2944178283214569,-0.01989131048321724,0.14634501934051514,-0.49393486976623535,-1.2678046226501465,0.06157360598444939
97,-0.0,0.0,0.0,0.0,0.0,0.36965543031692505,0.10000000149011612,0.0,0.10737865418195724,-1.4848934412002563,-0.14419420063495636,-0.0,-0.0,0.0,0.10737865418195724,-1.4848934412002563,-0.14419420063495636,-0.0,-0.0,-0.6412039399147034,-0.8912428617477417,-0.016873788088560104,-0.3286009132862091,-0.00332721252925694,0.0,0.0,0.0,2.671180009841919,-0.9998122453689575,0.0,-0.99986732006073,-0.9998070001602173,-1.0001758337020874,-0.0,-0.0,-0.3946073651313782,-0.6581684350967407,-0.9468866586685181,0.298265665769577,0.1643766313791275,-0.481687992811203,-1.065328598022461,0.15906527638435364,-1.4745609760284424,-0.0,0.0,0.0,0.0,0.0,0.36965543031692505,0.10000000149011612,0.0,0.10737865418195724,-1.4848934412002563,-0.14419420063495636,-0.0,-0.0,0.0,0.10737865418195724,-1.4848934412002563,-0.14419420063495636,-0.0,-0.0,-0.6412039399147034,-0.8912428617477417,-0.016873788088560104,0.012632614001631737,2.450196916470304e-05,0.0,0.0,0.0,0.056143518537282944,0.10004892200231552,0.0,0.10741472989320755,-1.4850562810897827,-0.14416742324829102,0.0,0.0,0.06892840564250946,0.3509591519832611,-1.9470815658569336,-0.2944178283214569,-0.01989131048321724,0.14634501934051514,-0.4682941436767578,-1.2689077854156494,0.060675911605358124
98,-0.0,0.0,0.0,0.0,0.0,0.3583788275718689,0.10000000149011612,0.0,0.10737865418195724,-1.4848934412002563,-0.14419420063495636,-0.0,-0.0,0.0,0.10737865418195724,-1.4848934412002563,-0.14419420063495636,-0.0,-0.0,-0.581378698348999,-0.8927768468856812,-0.032213594764471054,-0.3286009132862091,-0.00332721252925694,0.0,0.0,0.0,2.588397264480591,-0.9998122453689575,0.0,-0.99986732006073,-0.9998070001602173,-1.0001758337020874,-0.0,-0.0,-0.3946073651313782,-0.6581684350967407,-0.9468866586685181,0.298265665769577,0.1643766313791275,-0.481687992811203,-0.9185853004455566,0.1547991782426834,-1.762900471687317,-0.0,0.0,0.0,0.0,0.0,0.3583788275718689,0.10000000149011612,0.0,0.10737865418195724,-1.4848934412002563,-0.14419420063495636,-0.0,-0.0,0.0,0.10737865418195724,-1.4848934412002563,-0.14419420063495636,-0.0,-0.0,-0.581378698348999,-0.8927768468856812,-0.032213594764471054,0.012632614001631737,2.450196916470304e-05,0.0,0.0,0.0,0.05460742861032486,0.10004892200231552,0.0,0.10741472989320755,-1.4850562810897827,-0.14416742324829102,0.0,0.0,0.06892840564250946,0.3509591519832611,-1.9470815658569336,-0.2944178283214569,-0.01989131048321724,0.14634501934051514,-0.44390422105789185,-1.2694593667984009,0.059859827160835266
99,-0.0,0.0,0.0,0.0,0.0,0.3583788275718689,0.10000000149011612,0.0,0.10737865418195724,-1.4848934412002563,-0.14419420063495636,-0.0,-0.0,0.0,0.10737865418195724,-1.4848934412002563,-0.14419420063495636,-0.0,-0.0,-0.5476311445236206,-0.8943107724189758,-0.041417479515075684,-0.3286009132862091,-0.00332721252925694,0.0,0.0,0.0,2.588397264480591,-0.9998122453689575,0.0,-0.99986732006073,-0.9998070001602173,-1.0001758337020874,-0.0,-0.0,-0.3946073651313782,-0.6581684350967407,-0.9468866586685181,0.298265665769577,0.1643766313791275,-0.481687992811203,-0.8358070254325867,0.15053324401378632,-1.9359041452407837,-0.0,0.0,0.0,0.0,0.0,0.3583788275718689,0.10000000149011612,0.0,0.10737865418195724,-1.4848934412002563,-0.14419420063495636,-0.0,-0.0,0.0,0.10737865418195724,-1.4848934412002563,-0.14419420063495636,-0.0,-0.0,-0.5476311445236206,-0.8943107724189758,-0.041417479515075684,0.012632614001631737,2.450196916470304e-05,0.0,0.0,0.0,0.05460742861032486,0.10004892200231552,0.0,0.10741472989320755,-1.4850562810897827,-0.14416742324829102,0.0,0.0,0.06892840564250946,0.3509591519832611,-1.9470815658569336,-0.2944178283214569,-0.01989131048321724,0.14634501934051514,-0.430145800113678,-1.2700109481811523,0.05937017500400543
100,-0.0,0.0,0.0,0.0,0.0,0.29685354232788086,0.10000000149011612,0.0,0.10737865418195724,-1.4848934412002563,-0.14419420063495636,-0.0,-0.0,0.0,0.10737865418195724,-1.4848934412002563,-0.14419420063495636,-0.0,-0.0,-0.5108156204223633,-0.8943107724189758,-0.05215534567832947,-0.3286009132862091,-0.00332721252925694,0.0,0.0,0.0,2.1367335319519043,-0.9998122453689575,0.0,-0.99986732006073,-0.9998070001602173,-1.0001758337020874,-0.0,-0.0,-0.3946073651313782,-0.6581684350967407,-0.9468866586685181,0.298265665769577,0.1643766313791275,-0.481687992811203,-0.7455034852027893,0.15053324401378632,-2.137741804122925,-0.0,0.0,0.0,0.0,0.0,0.29685354232788086,0.10000000149011612,0.0,0.10737865418195724,-1.4848934412002563,-0.14419420063495636,-0.0,-0.0,0.0,0.10737865418195724,-1.4848934412002563,-0.14419420063495636,-0.0,-0.0,-0.5108156204223633,-0.8943107724189758,-0.05215534567832947,0.012632614001631737,2.450196916470304e-05,0.0,0.0,0.0,0.04622650146484375,0.10004892200231552,0.0,0.10741472989320755,-1.4850562810897827,-0.14416742324829102,0.0,0.0,0.06892840564250946,0.3509591519832611,-1.9470815658569336,-0.2944178283214569,-0.01989131048321724,0.14634501934051514,-0.4151366055011749,-1.2700109481811523,0.05879891663789749
101,-0.0,0.0,0.0,0.0,0.0,0.2697683572769165,0.10000000149011612,0.0,0.10737865418195724,-1.4848934412002563,-0.14419420063495636,-0.0,-0.0,0.0,0.10737865418195724,-1.4848934412002563,-0.14419420063495636,-0.0,-0.0,-0.45405831933021545,-0.8912428617477417,-0.06596117466688156,-0.3286009132862091,-0.00332721252925694,0.0,0.0,0.0,1.9378982782363892,-0.9998122453689575,0.0,-0.99986732006073,-0.9998070001602173,-1.0001758337020874,-0.0,-0.0,-0.3946073651313782,-0.6581684350967407,-0.9468866586685181,0.298265665769577,0.1643766313791275,-0.481687992811203,-0.6062853932380676,0.15906527638435364,-2.397247314453125,-0.0,0.0,0.0,0.0,0.0,0.2697683572769165,0.10000000149011612,0.0,0.10737865418195724,-1.4848934412002563,-0.14419420063495636,-0.0,-0.0,0.0,0.10737865418195724,-1.4848934412002563,-0.14419420063495636,-0.0,-0.0,-0.45405831933021545,-0.8912428617477417,-0.06596117466688156,0.012632614001631737,2.450196916470304e-05,0.0,0.0,0.0,0.04253697767853737,0.10004892200231552,0.0,0.10741472989320755,-1.4850562810897827,-0.14416742324829102,0.0,0.0,0.06892840564250946,0.3509591519832611,-1.9470815658569336,-0.2944178283214569,-0.01989131048321724,0.14634501934051514,-0.39199745655059814,-1.2689077854156494,0.05806443840265274
102,-0.0,0.0,0.0,0.0,0.0,0.2612842321395874,0.10000000149011612,0.0,0.10737865418195724,-1.4848934412002563,-0.14419420063495636,-0.0,-0.0,0.0,0.10737865418195724,-1.4848934412002563,-0.14419420063495636,-0.0,-0.0,-0.4279806315898895,-0.8851069211959839,-0.07056311517953873,-0.3286009132862091,-0.00332721252925694,0.0,0.0,0.0,1.8756153583526611,-0.9998122453689575,0.0,-0.99986732006073,-0.9998070001602173,-1.0001758337020874,-0.0,-0.0,-0.3946073651313782,-0.6581684350967407,-0.9468866586685181,0.298265665769577,0.1643766313791275,-0.481687992811203,-0.5423203110694885,0.17612968385219574,-2.4837491512298584,-0.0,0.0,0.0,0.0,0.0,0.2612842321395874,0.10000000149011612,0.0,0.10737865418195724,-1.4848934412002563,-0.14419420063495636,-0.0,-0.0,0.0,0.10737865418195724,-1.4848934412002563,-0.14419420063495636,-0.0,-0.0,-0.4279806315898895,-0.8851069211959839,-0.07056311517953873,0.012632614001631737,2.450196916470304e-05,0.0,0.0,0.0,0.04138127714395523,0.10004892200231552,0.0,0.10741472989320755,-1.4850562810897827,-0.14416742324829102,0.0,0.0,0.06892840564250946,0.3509591519832611,-1.9470815658569336,-0.2944178283214569,-0.01989131048321724,0.14634501934051514,-0.38136592507362366,-1.2667014598846436,0.057819612324237823
103,-0.0,0.0,0.0,0.0,0.0,0.24216437339782715,0.10000000149011612,0.0,0.10737865418195724,-1.4848934412002563,-0.14419420063495636,-0.0,-0.0,0.0,0.10737865418195724,-1.4848934412002563,-0.14419420063495636,-0.0,-0.0,-0.37889325618743896,-0.8774369955062866,-0.08436894416809082,-0.3286009132862091,-0.00332721252925694,0.0,0.0,0.0,1.7352545261383057,-0.9998122453689575,0.0,-0.99986732006073,-0.9998070001602173,-1.0001758337020874,-0.0,-0.0,-0.3946073651313782,-0.6581684350967407,-0.9468866586685181,0.298265665769577,0.1643766313791275,-0.481687992811203,-0.4219155013561249,0.19746020436286926,-2.7432548999786377,-0.0,0.0,0.0,0.0,0.0,0.24216437339782715,0.10000000149011612,0.0,0.10737865418195724,-1.4848934412002563,-0.14419420063495636,-0.0,-0.0,0.0,0.10737865418195724,-1.4848934412002563,-0.14419420063495636,-0.0,-0.0,-0.37889325618743896,-0.8774369955062866,-0.08436894416809082,0.012632614001631737,2.450196916470304e-05,0.0,0.0,0.0,0.038776785135269165,0.10004892200231552,0.0,0.10741472989320755,-1.4850562810897827,-0.14416742324829102,0.0,0.0,0.06892840564250946,0.3509591519832611,-1.9470815658569336,-0.2944178283214569,-0.01989131048321724,0.14634501934051514,-0.36135369539260864,-1.2639435529708862,0.05708513408899307
104,-0.0,0.0,0.0,0.0,0.0,0.230307936668396,0.10000000149011612,0.0,0.10737865418195724,-1.4848934412002563,-0.14419420063495636,-0.0,-0.0,0.0,0.10737865418195724,-1.4848934412002563,-0.14419420063495636,-0.0,-0.0,-0.3374757766723633,-0.8728350400924683,-0.0951068103313446,-0.3286009132862091,-0.00332721252925694,0.0,0.0,0.0,1.6482150554656982,-0.9998122453689575,0.0,-0.99986732006073,-0.9998070001602173,-1.0001758337020874,-0.0,-0.0,-0.3946073651313782,-0.6581684350967407,-0.9468866586685181,0.298265665769577,0.1643766313791275,-0.481687992811203,-0.3203239142894745,0.21025849878787994,-2.9450924396514893,-0.0,0.0,0.0,0.0,0.0,0.230307936668396,0.10000000149011612,0.0,0.10737865418195724,-1.4848934412002563,-0.14419420063495636,-0.0,-0.0,0.0,0.10737865418195724,-1.4848934412002563,-0.14419420063495636,-0.0,-0.0,-0.3374757766723633,-0.8728350400924683,-0.0951068103313446,0.012632614001631737,2.450196916470304e-05,0.0,0.0,0.0,0.03716171160340309,0.10004892200231552,0.0,0.10741472989320755,-1.4850562810897827,-0.14416742324829102,0.0,0.0,0.06892840564250946,0.3509591519832611,-1.9470815658569336,-0.2944178283214569,-0.01989131048321724,0.14634501934051514,-0.344468355178833,-1.2622888088226318,0.05651387572288513
105,-0.0,0.0,0.0,0.0,0.0,0.17761772871017456,0.10000000149011612,0.0,0.10737865418195724,-1.4848934412002563,-0.14419420063495636,-0.0,-0.0,0.0,0.10737865418195724,-1.4848934412002563,-0.14419420063495636,-0.0,-0.0,-0.3160000443458557,-0.8682331442832947,-0.09664078801870346,-0.3286009132862091,-0.00332721252925694,0.0,0.0,0.0,1.2614105939865112,-0.9998122453689575,0.0,-0.99986732006073,-0.9998070001602173,-1.0001758337020874,-0.0,-0.0,-0.3946073651313782,-0.6581684350967407,-0.9468866586685181,0.298265665769577,0.1643766313791275,-0.481687992811203,-0.26764681935310364,0.2230566442012787,-2.973926305770874,-0.0,0.0,0.0,0.0,0.0,0.17761772871017456,0.10000000149011612,0.0,0.10737865418195724,-1.4848934412002563,-0.14419420063495636,-0.0,-0.0,0.0,0.10737865418195724,-1.4848934412002563,-0.14419420063495636,-0.0,-0.0,-0.3160000443458557,-0.8682331442832947,-0.09664078801870346,0.012632614001631737,2.450196916470304e-05,0.0,0.0,0.0,0.029984287917613983,0.10004892200231552,0.0,0.10741472989320755,-1.4850562810897827,-0.14416742324829102,0.0,0.0,0.06892840564250946,0.3509591519832611,-1.9470815658569336,-0.2944178283214569,-0.01989131048321724,0.14634501934051514,-0.3357129693031311,-1.2606340646743774,0.05643226578831673
106,-0.0,0.0,0.0,0.0,0.0,0.17587816715240479,0.10000000149011612,0.0,0.10737865418195724,-1.4848934412002563,-0.14419420063495636,-0.0,-0.0,0.0,0.10737865418195724,-1.4848934412002563,-0.14419420063495636,-0.0,-0.0,-0.2730485796928406,-0.8605632185935974,-0.10124272853136063,-0.3286009132862091,-0.00332721252925694,0.0,0.0,0.0,1.2486402988433838,-0.9998122453689575,0.0,-0.99986732006073,-0.9998070001602173,-1.0001758337020874,-0.0,-0.0,-0.3946073651313782,-0.6581684350967407,-0.9468866586685181,0.298265665769577,0.1643766313791275,-0.481687992811203,-0.16229258477687836,0.24438714981079102,-3.0604281425476074,-0.0,0.0,0.0,0.0,0.0,0.17587816715240479,0.10000000149011612,0.0,0.10737865418195724,-1.4848934412002563,-0.14419420063495636,-0.0,-0.0,0.0,0.10737865418195724,-1.4848934412002563,-0.14419420063495636,-0.0,-0.0,-0.2730485796928406,-0.8605632185935974,-0.10124272853136063,0.012632614001631737,2.450196916470304e-05,0.0,0.0,0.0,0.02974732592701912,0.10004892200231552,0.0,0.10741472989320755,-1.4850562810897827,-0.14416742324829102,0.0,0.0,0.06892840564250946,0.3509591519832611,-1.9470815658569336,-0.2944178283214569,-0.01989131048321724,0.14634501934051514,-0.31820225715637207,-1.2578761577606201,0.05618743970990181
107,-0.0,0.0,0.0,0.0,0.0,0.0,0.10000000149011612,0.0,0.10737865418195724,-1.4848934412002563,-0.14419420063495636,-0.0,-0.0,0.0,0.10737865418195724,-1.4848934412002563,-0.14419420063495636,-0.0,-0.0,-0.25310683250427246,-0.855961263179779,-0.10431069135665894,-0.3286009132862091,-0.00332721252925694,0.0,0.0,0.0,-0.04250015318393707,-0.9998122453689575,0.0,-0.99986732006073,-0.9998070001602173,-1.0001758337020874,-0.0,-0.0,-0.3946073651313782,-0.6581684350967407,-0.9468866586685181,0.298265665769577,0.1643766313791275,-0.481687992811203,-0.1133781373500824,0.2571854591369629,-3.118096113204956,-0.0,0.0,0.0,0.0,0.0,0.0,0.10000000149011612,0.0,0.10737865418195724,-1.4848934412002563,-0.14419420063495636,-0.0,-0.0,0.0,0.10737865418195724,-1.4848934412002563,-0.14419420063495636,-0.0,-0.0,-0.25310683250427246,-0.855961263179779,-0.10431069135665894,0.012632614001631737,2.450196916470304e-05,0.0,0.0,0.0,0.005789338145405054,0.10004892200231552,0.0,0.10741472989320755,-1.4850562810897827,-0.14416742324829102,0.0,0.0,0.06892840564250946,0.3509591519832611,-1.9470815658569336,-0.2944178283214569,-0.01989131048321724,0.14634501934051514,-0.31007230281829834,-1.2562214136123657,0.0560242235660553
108,-0.0,0.0,0.0,0.0,0.0,0.0,0.10000000149011612,0.0,0.10737865418195724,-1.4848934412002563,-0.14419420063495636,-0.0,-0.0,0.0,0.10737865418195724,-1.4848934412002563,-0.14419420063495636,-0.0,-0.0,-0.21629129350185394,-0.849825382232666,-0.10431069135665894,-0.3286009132862091,-0.00332721252925694,0.0,0.0,0.0,-0.04250015318393707,-0.9998122453689575,0.0,-0.99986732006073,-0.9998070001602173,-1.0001758337020874,-0.0,-0.0,-0.3946073651313782,-0.6581684350967407,-0.9468866586685181,0.298265665769577,0.1643766313791275,-0.481687992811203,-0.023074518889188766,0.27424970269203186,-3.118096113204956,-0.0,0.0,0.0,0.0,0.0,0.0,0.10000000149011612,0.0,0.10737865418195724,-1.4848934412002563,-0.14419420063495636,-0.0,-0.0,0.0,0.10737865418195724,-1.4848934412002563,-0.14419420063495636,-0.0,-0.0,-0.21629129350185394,-0.849825382232666,-0.10431069135665894,0.012632614001631737,2.450196916470304e-05,0.0,0.0,0.0,0.005789338145405054,0.10004892200231552,0.0,0.10741472989320755,-1.4850562810897827,-0.14416742324829102,0.0,0.0,0.06892840564250946,0.3509591519832611,-1.9470815658569336,-0.2944178283214569,-0.01989131048321724,0.14634501934051514,-0.2950631082057953,-1.2540150880813599,0.0560242235660553
109,-0.0,0.0,0.0,0.0,0.0,0.0,0.10000000149011612,0.0,0.10737865418195724,-1.4848934412002563,-0.14419420063495636,-0.0,-0.0,0.0,0.10737865418195724,-1.4848934412002563,-0.14419420063495636,-0.0,-0.0,-0.2040194422006607,-0.8467574119567871,-0.10277671366930008,-0.3286009132862091,-0.00332721252925694,0.0,0.0,0.0,-0.04250015318393707,-0.9998122453689575,0.0,-0.99986732006073,-0.9998070001602173,-1.0001758337020874,-0.0,-0.0,-0.3946073651313782,-0.6581684350967407,-0.9468866586685181,0.298265665769577,0.1643766313791275,-0.481687992811203,0.007026699837297201,0.2827818989753723,-3.089262008666992,-0.0,0.0,0.0,0.0,0.0,0.0,0.10000000149011612,0.0,0.10737865418195724,-1.4848934412002563,-0.14419420063495636,-0.0,-0.0,0.0,0.10737865418195724,-1.4848934412002563,-0.14419420063495636,-0.0,-0.0,-0.2040194422006607,-0.8467574119567871,-0.10277671366930008,0.012632614001631737,2.450196916470304e-05,0.0,0.0,0.0,0.005789338145405054,0.10004892200231552,0.0,0.10741472989320755,-1.4850562810897827,-0.14416742324829102,0.0,0.0,0.06892840564250946,0.3509591519832611,-1.9470815658569336,-0.2944178283214569,-0.01989131048321724,0.14634501934051514,-0.29006004333496094,-1.252911925315857,0.0561058335006237
110,-0.0,0.0,0.0,0.0,0.0,0.0,0.10000000149011612,0.0,0.10737865418195724,-1.4848934412002563,-0.14419420063495636,-0.0,-0.0,0.0,0.10737865418195724,-1.4848934412002563,-0.14419420063495636,-0.0,-0.0,-0.17794176936149597,-0.8390874862670898,-0.09357282519340515,-0.3286009132862091,-0.00332721252925694,0.0,0.0,0.0,-0.04250015318393707,-0.9998122453689575,0.0,-0.99986732006073,-0.9998070001602173,-1.0001758337020874,-0.0,-0.0,-0.3946073651313782,-0.6581684350967407,-0.9468866586685181,0.298265665769577,0.1643766313791275,-0.481687992811203,0.07099176198244095,0.30411240458488464,-2.9162583351135254,-0.0,0.0,0.0,0.0,0.0,0.0,0.10000000149011612,0.0,0.10737865418195724,-1.4848934412002563,-0.14419420063495636,-0.0,-0.0,0.0,0.10737865418195724,-1.4848934412002563,-0.14419420063495636,-0.0,-0.0,-0.17794176936149597,-0.8390874862670898,-0.09357282519340515,0.012632614001631737,2.450196916470304e-05,0.0,0.0,0.0,0.005789338145405054,0.10004892200231552,0.0,0.10741472989320755,-1.4850562810897827,-0.14416742324829102,0.0,0.0,0.06892840564250946,0.3509591519832611,-1.9470815658569336,-0.2944178283214569,-0.01989131048321724,0.14634501934051514,-0.27942854166030884,-1.2501540184020996,0.05659548193216324
111,-0.0,0.0,0.0,0.0,0.0,0.0,0.10000000149011612,0.0,0.10737865418195724,-1.4848934412002563,-0.14419420063495636,-0.0,-0.0,0.0,0.10737865418195724,-1.4848934412002563,-0.14419420063495636,-0.0,-0.0,-0.14726215600967407,-0.8344855308532715,-0.08897088468074799,-0.3286009132862091,-0.00332721252925694,0.0,0.0,0.0,-0.04250015318393707,-0.9998122453689575,0.0,-0.99986732006073,-0.9998070001602173,-1.0001758337020874,-0.0,-0.0,-0.3946073651313782,-0.6581684350967407,-0.9468866586685181,0.298265665769577,0.1643766313791275,-0.481687992811203,0.14624476432800293,0.3169107139110565,-2.829756736755371,-0.0,0.0,0.0,0.0,0.0,0.0,0.10000000149011612,0.0,0.10737865418195724,-1.4848934412002563,-0.14419420063495636,-0.0,-0.0,0.0,0.10737865418195724,-1.4848934412002563,-0.14419420063495636,-0.0,-0.0,-0.14726215600967407,-0.8344855308532715,-0.08897088468074799,0.012632614001631737,2.450196916470304e-05,0.0,0.0,0.0,0.005789338145405054,0.10004892200231552,0.0,0.10741472989320755,-1.4850562810897827,-0.14416742324829102,0.0,0.0,0.06892840564250946,0.3509591519832611,-1.9470815658569336,-0.2944178283214569,-0.01989131048321724,0.14634501934051514,-0.26692086458206177,-1.2484992742538452,0.056840308010578156
112,-0.0,0.0,0.0,0.0,0.0,0.0,0.10000000149011612,0.0,0.10737865418195724,-1.4848934412002563,-0.14419420063495636,-0.0,-0.0,0.0,0.10737865418195724,-1.4848934412002563,-0.14419420063495636,-0.0,-0.0,-0.12885437905788422,-0.8314175605773926,-0.09050486981868744,-0.3286009132862091,-0.00332721252925694,0.0,0.0,0.0,-0.04250015318393707,-0.9998122453689575,0.0,-0.99986732006073,-0.9998070001602173,-1.0001758337020874,-0.0,-0.0,-0.3946073651313782,-0.6581684350967407,-0.9468866586685181,0.298265665769577,0.1643766313791275,-0.481687992811203,0.1913965940475464,0.325442910194397,-2.858590602874756,-0.0,0.0,0.0,0.0,0.0,0.0,0.10000000149011612,0.0,0.10737865418195724,-1.4848934412002563,-0.14419420063495636,-0.0,-0.0,0.0,0.10737865418195724,-1.4848934412002563,-0.14419420063495636,-0.0,-0.0,-0.12885437905788422,-0.8314175605773926,-0.09050486981868744,0.012632614001631737,2.450196916470304e-05,0.0,0.0,0.0,0.005789338145405054,0.10004892200231552,0.0,0.10741472989320755,-1.4850562810897827,-0.14416742324829102,0.0,0.0,0.06892840564250946,0.3509591519832611,-1.9470815658569336,-0.2944178283214569,-0.01989131048321724,0.14634501934051514,-0.25941628217697144,-1.2473961114883423,0.05675870180130005
113,-0.0,0.0,0.0,0.0,0.0,0.0,0.10000000149011612,0.0,0.10737865418195724,-1.4848934412002563,-0.14419420063495636,-0.0,-0.0,0.0,0.10737865418195724,-1.4848934412002563,-0.14419420063495636,-0.0,-0.0,-0.09817477315664291,-0.8298836350440979,-0.0920388475060463,-0.3286009132862091,-0.00332721252925694,0.0,0.0,0.0,-0.04250015318393707,-0.9998122453689575,0.0,-0.99986732006073,-0.9998070001602173,-1.0001758337020874,-0.0,-0.0,-0.3946073651313782,-0.6581684350967407,-0.9468866586685181,0.298265665769577,0.1643766313791275,-0.481687992811203,0.2666495740413666,0.32970884442329407,-2.8874244689941406,-0.0,0.0,0.0,0.0,0.0,0.0,0.10000000149011612,0.0,0.10737865418195724,-1.4848934412002563,-0.14419420063495636,-0.0,-0.0,0.0,0.10737865418195724,-1.4848934412002563,-0.14419420063495636,-0.0,-0.0,-0.09817477315664291,-0.8298836350440979,-0.0920388475060463,0.012632614001631737,2.450196916470304e-05,0.0,0.0,0.0,0.005789338145405054,0.10004892200231552,0.0,0.10741472989320755,-1.4850562810897827,-0.14416742324829102,0.0,0.0,0.06892840564250946,0.3509591519832611,-1.9470815658569336,-0.2944178283214569,-0.01989131048321724,0.14634501934051514,-0.24690863490104675,-1.2468445301055908,0.056677091866731644
114,-0.0,0.0,0.0,0.0,0.0,0.0,0.10000000149011612,0.0,0.10737865418195724,-1.4848934412002563,-0.14419420063495636,-0.0,-0.0,0.0,0.10737865418195724,-1.4848934412002563,-0.14419420063495636,-0.0,-0.0,-0.08590292185544968,-0.8314175605773926,-0.08897088468074799,-0.3286009132862091,-0.00332721252925694,0.0,0.0,0.0,-0.04250015318393707,-0.9998122453689575,0.0,-0.99986732006073,-0.9998070001602173,-1.0001758337020874,-0.0,-0.0,-0.3946073651313782,-0.6581684350967407,-0.9468866586685181,0.298265665769577,0.1643766313791275,-0.481687992811203,0.2967508137226105,0.325442910194397,-2.829756736755371,-0.0,0.0,0.0,0.0,0.0,0.0,0.10000000149011612,0.0,0.10737865418195724,-1.4848934412002563,-0.14419420063495636,-0.0,-0.0,0.0,0.10737865418195724,-1.4848934412002563,-0.14419420063495636,-0.0,-0.0,-0.08590292185544968,-0.8314175605773926,-0.08897088468074799,0.012632614001631737,2.450196916470304e-05,0.0,0.0,0.0,0.005789338145405054,0.10004892200231552,0.0,0.10741472989320755,-1.4850562810897827,-0.14416742324829102,0.0,0.0,0.06892840564250946,0.3509591519832611,-1.9470815658569336,-0.2944178283214569,-0.01989131048321724,0.14634501934051514,-0.2419055700302124,-1.2473961114883423,0.056840308010578156
115,-0.0,0.0,0.0,0.0,0.0,0.0,0.10000000149011612,0.0,0.10737865418195724,-1.4848934412002563,-0.14419420063495636,-0.0,-0.0,0.0,0.10737865418195724,-1.4848934412002563,-0.14419420063495636,-0.0,-0.0,-0.05522330850362778,-0.8467574119567871,-0.07976700365543365,-0.3286009132862091,-0.00332721252925694,0.0,0.0,0.0,-0.04250015318393707,-0.9998122453689575,0.0,-0.99986732006073,-0.9998070001602173,-1.0001758337020874,-0.0,-0.0,-0.3946073651313782,-0.6581684350967407,-0.9468866586685181,0.298265665769577,0.1643766313791275,-0.481687992811203,0.37200382351875305,0.2827818989753723,-2.6567530632019043,-0.0,0.0,0.0,0.0,0.0,0.0,0.10000000149011612,0.0,0.10737865418195724,-1.4848934412002563,-0.14419420063495636,-0.0,-0.0,0.0,0.10737865418195724,-1.4848934412002563,-0.14419420063495636,-0.0,-0.0,-0.05522330850362778,-0.8467574119567871,-0.07976700365543365,0.012632614001631737,2.450196916470304e-05,0.0,0.0,0.0,0.005789338145405054,0.10004892200231552,0.0,0.10741472989320755,-1.4850562810897827,-0.14416742324829102,0.0,0.0,0.06892840564250946,0.3509591519832611,-1.9470815658569336,-0.2944178283214569,-0.01989131048321724,0.14634501934051514,-0.22939790785312653,-1.252911925315857,0.05732996016740799
116,-0.0,0.0,0.0,0.0,0.0,0.0,0.10000000149011612,0.0,0.10737865418195724,-1.4848934412002563,-0.14419420063495636,-0.0,-0.0,0.0,0.10737865418195724,-1.4848934412002563,-0.14419420063495636,-0.0,-0.0,-0.03528155758976936,-0.8651651740074158,-0.07976700365543365,-0.3286009132862091,-0.00332721252925694,0.0,0.0,0.0,-0.04250015318393707,-0.9998122453689575,0.0,-0.99986732006073,-0.9998070001602173,-1.0001758337020874,-0.0,-0.0,-0.3946073651313782,-0.6581684350967407,-0.9468866586685181,0.298265665769577,0.1643766313791275,-0.481687992811203,0.4209182858467102,0.23158884048461914,-2.6567530632019043,-0.0,0.0,0.0,0.0,0.0,0.0,0.10000000149011612,0.0,0.10737865418195724,-1.4848934412002563,-0.14419420063495636,-0.0,-0.0,0.0,0.10737865418195724,-1.4848934412002563,-0.14419420063495636,-0.0,-0.0,-0.03528155758976936,-0.8651651740074158,-0.07976700365543365,0.012632614001631737,2.450196916470304e-05,0.0,0.0,0.0,0.005789338145405054,0.10004892200231552,0.0,0.10741472989320755,-1.4850562810897827,-0.14416742324829102,0.0,0.0,0.06892840564250946,0.3509591519832611,-1.9470815658569336,-0.2944178283214569,-0.01989131048321724,0.14634501934051514,-0.2212679386138916,-1.2595309019088745,0.05732996016740799
117,-0.0,0.0,0.0,0.0,0.0,0.0,0.10000000149011612,0.0,0.10737865418195724,-1.4848934412002563,-0.14419420063495636,-0.0,-0.0,0.0,0.10737865418195724,-1.4848934412002563,-0.14419420063495636,-0.0,-0.0,-0.015339807607233524,-0.9096506237983704,-0.08436894416809082,-0.3286009132862091,-0.00332721252925694,0.0,0.0,0.0,-0.04250015318393707,-0.9998122453689575,0.0,-0.99986732006073,-0.9998070001602173,-1.0001758337020874,-0.0,-0.0,-0.3946073651313782,-0.6581684350967407,-0.9468866586685181,0.298265665769577,0.1643766313791275,-0.481687992811203,0.46983274817466736,0.10787223279476166,-2.7432548999786377,-0.0,0.0,0.0,0.0,0.0,0.0,0.10000000149011612,0.0,0.10737865418195724,-1.4848934412002563,-0.14419420063495636,-0.0,-0.0,0.0,0.10737865418195724,-1.4848934412002563,-0.14419420063495636,-0.0,-0.0,-0.015339807607233524,-0.9096506237983704,-0.08436894416809082,0.012632614001631737,2.450196916470304e-05,0.0,0.0,0.0,0.005789338145405054,0.10004892200231552,0.0,0.10741472989320755,-1.4850562810897827,-0.14416742324829102,0.0,0.0,0.06892840564250946,0.3509591519832611,-1.9470815658569336,-0.2944178283214569,-0.01989131048321724,0.14634501934051514,-0.21313795447349548,-1.275526762008667,0.05708513408899307
118,-0.0,0.0,0.0,0.0,0.0,0.0,0.10000000149011612,0.0,0.10737865418195724,-1.4848934412002563,-0.14419420063495636,-0.0,-0.0,0.0,0.10737865418195724,-1.4848934412002563,-0.14419420063495636,-0.0,-0.0,-0.015339807607233524,-0.928058385848999,-0.08130098134279251,-0.3286009132862091,-0.00332721252925694,0.0,0.0,0.0,-0.04250015318393707,-0.9998122453689575,0.0,-0.99986732006073,-0.9998070001602173,-1.0001758337020874,-0.0,-0.0,-0.3946073651313782,-0.6581684350967407,-0.9468866586685181,0.298265665769577,0.1643766313791275,-0.481687992811203,0.46983274817466736,0.05667917802929878,-2.68558669090271,-0.0,0.0,0.0,0.0,0.0,0.0,0.10000000149011612,0.0,0.10737865418195724,-1.4848934412002563,-0.14419420063495636,-0.0,-0.0,0.0,0.10737865418195724,-1.4848934412002563,-0.14419420063495636,-0.0,-0.0,-0.015339807607233524,-0.928058385848999,-0.08130098134279251,0.012632614001631737,2.450196916470304e-05,0.0,0.0,0.0,0.005789338145405054,0.10004892200231552,0.0,0.10741472989320755,-1.4850562810897827,-0.14416742324829102,0.0,0.0,0.06892840564250946,0.3509591519832611,-1.9470815658569336,-0.2944178283214569,-0.01989131048321724,0.14634501934051514,-0.21313795447349548,-1.2821457386016846,0.05724835395812988
119,-0.0,0.0,0.0,0.0,0.0,0.0,0.10000000149011612,0.0,0.10737865418195724,-1.4848934412002563,-0.14419420063495636,-0.0,-0.0,0.0,0.10737865418195724,-1.4848934412002563,-0.14419420063495636,-0.0,-0.0,-0.032213594764471054,-0.9664078950881958,-0.07669904083013535,-0.3286009132862091,-0.00332721252925694,0.0,0.0,0.0,-0.04250015318393707,-0.9998122453689575,0.0,-0.99986732006073,-0.9998070001602173,-1.0001758337020874,-0.0,-0.0,-0.3946073651313782,-0.6581684350967407,-0.9468866586685181,0.298265665769577,0.1643766313791275,-0.481687992811203,0.42844358086586,-0.049973029643297195,-2.5990848541259766,-0.0,0.0,0.0,0.0,0.0,0.0,0.10000000149011612,0.0,0.10737865418195724,-1.4848934412002563,-0.14419420063495636,-0.0,-0.0,0.0,0.10737865418195724,-1.4848934412002563,-0.14419420063495636,-0.0,-0.0,-0.032213594764471054,-0.9664078950881958,-0.07669904083013535,0.012632614001631737,2.450196916470304e-05,0.0,0.0,0.0,0.005789338145405054,0.10004892200231552,0.0,0.10741472989320755,-1.4850562810897827,-0.14416742324829102,0.0,0.0,0.06892840564250946,0.3509591519832611,-1.9470815658569336,-0.2944178283214569,-0.01989131048321724,0.14634501934051514,-0.22001716494560242,-1.2959353923797607,0.0574931800365448
120,-0.0,0.0,0.0,0.0,0.0,0.0,0.10000000149011612,0.0,0.10737865418195724,-1.4848934412002563,-0.14419420063495636,-0.0,-0.0,0.0,0.10737865418195724,-1.4848934412002563,-0.14419420063495636,-0.0,-0.0,-0.05522330850362778,-0.983281672000885,-0.07056311517953873,-0.3286009132862091,-0.00332721252925694,0.0,0.0,0.0,-0.04250015318393707,-0.9998122453689575,0.0,-0.99986732006073,-0.9998070001602173,-1.0001758337020874,-0.0,-0.0,-0.3946073651313782,-0.6581684350967407,-0.9468866586685181,0.298265665769577,0.1643766313791275,-0.481687992811203,0.37200382351875305,-0.09689997881650925,-2.4837491512298584,-0.0,0.0,0.0,0.0,0.0,0.0,0.10000000149011612,0.0,0.10737865418195724,-1.4848934412002563,-0.14419420063495636,-0.0,-0.0,0.0,0.10737865418195724,-1.4848934412002563,-0.14419420063495636,-0.0,-0.0,-0.05522330850362778,-0.983281672000885,-0.07056311517953873,0.012632614001631737,2.450196916470304e-05,0.0,0.0,0.0,0.005789338145405054,0.10004892200231552,0.0,0.10741472989320755,-1.4850562810897827,-0.14416742324829102,0.0,0.0,0.06892840564250946,0.3509591519832611,-1.9470815658569336,-0.2944178283214569,-0.01989131048321724,0.14634501934051514,-0.22939790785312653,-1.3020026683807373,0.057819612324237823
121,-0.0,0.0,0.0,0.0,0.0,0.0,0.10000000149011612,0.0,0.10737865418195724,-1.4848934412002563,-0.14419420063495636,-0.0,-0.0,0.0,0.10737865418195724,-1.4848934412002563,-0.14419420063495636,-0.0,-0.0,-0.06902913749217987,-0.9786797165870667,-0.06442718952894211,-0.3286009132862091,-0.00332721252925694,0.0,0.0,0.0,-0.04250015318393707,-0.9998122453689575,0.0,-0.99986732006073,-0.9998070001602173,-1.0001758337020874,-0.0,-0.0,-0.3946073651313782,-0.6581684350967407,-0.9468866586685181,0.298265665769577,0.1643766313791275,-0.481687992811203,0.33813995122909546,-0.08410167694091797,-2.368413209915161,-0.0,0.0,0.0,0.0,0.0,0.0,0.10000000149011612,0.0,0.10737865418195724,-1.4848934412002563,-0.14419420063495636,-0.0,-0.0,0.0,0.10737865418195724,-1.4848934412002563,-0.14419420063495636,-0.0,-0.0,-0.06902913749217987,-0.9786797165870667,-0.06442718952894211,0.012632614001631737,2.450196916470304e-05,0.0,0.0,0.0,0.005789338145405054,0.10004892200231552,0.0,0.10741472989320755,-1.4850562810897827,-0.14416742324829102,0.0,0.0,0.06892840564250946,0.3509591519832611,-1.9470815658569336,-0.2944178283214569,-0.01989131048321724,0.14634501934051514,-0.23502635955810547,-1.300347924232483,0.058146048337221146
122,-0.0,0.0,0.0,0.0,0.0,0.0,0.10000000149011612,0.0,0.10737865418195724,-1.4848934412002563,-0.14419420063495636,-0.0,-0.0,0.0,0.10737865418195724,-1.4848934412002563,-0.14419420063495636,-0.0,-0.0,-0.10277671366930008,-0.9725438356399536,-0.05982524901628494,-0.3286009132862091,-0.00332721252925694,0.0,0.0,0.0,-0.04250015318393707,-0.9998122453689575,0.0,-0.99986732006073,-0.9998070001602173,-1.0001758337020874,-0.0,-0.0,-0.3946073651313782,-0.6581684350967407,-0.9468866586685181,0.298265665769577,0.1643766313791275,-0.481687992811203,0.2553616464138031,-0.067037433385849,-2.2819113731384277,-0.0,0.0,0.0,0.0,0.0,0.0,0.10000000149011612,0.0,0.10737865418195724,-1.4848934412002563,-0.14419420063495636,-0.0,-0.0,0.0,0.10737865418195724,-1.4848934412002563,-0.14419420063495636,-0.0,-0.0,-0.10277671366930008,-0.9725438356399536,-0.05982524901628494,0.012632614001631737,2.450196916470304e-05,0.0,0.0,0.0,0.005789338145405054,0.10004892200231552,0.0,0.10741472989320755,-1.4850562810897827,-0.14416742324829102,0.0,0.0,0.06892840564250946,0.3509591519832611,-1.9470815658569336,-0.2944178283214569,-0.01989131048321724,0.14634501934051514,-0.24878478050231934,-1.2981417179107666,0.058390870690345764
123,-0.0,0.0,0.0,0.0,0.0,0.0,0.10000000149011612,0.0,0.10737865418195724,-1.4848934412002563,-0.14419420063495636,-0.0,-0.0,0.0,0.10737865418195724,-1.4848934412002563,-0.14419420063495636,-0.0,-0.0,-0.11965049803256989,-0.9710098505020142,-0.05675728991627693,-0.3286009132862091,-0.00332721252925694,0.0,0.0,0.0,-0.04250015318393707,-0.9998122453689575,0.0,-0.99986732006073,-0.9998070001602173,-1.0001758337020874,-0.0,-0.0,-0.3946073651313782,-0.6581684350967407,-0.9468866586685181,0.298265665769577,0.1643766313791275,-0.481687992811203,0.21397249400615692,-0.06277133524417877,-2.224243640899658,-0.0,0.0,0.0,0.0,0.0,0.0,0.10000000149011612,0.0,0.10737865418195724,-1.4848934412002563,-0.14419420063495636,-0.0,-0.0,0.0,0.10737865418195724,-1.4848934412002563,-0.14419420063495636,-0.0,-0.0,-0.11965049803256989,-0.9710098505020142,-0.05675728991627693,0.012632614001631737,2.450196916470304e-05,0.0,0.0,0.0,0.005789338145405054,0.10004892200231552,0.0,0.10741472989320755,-1.4850562810897827,-0.14416742324829102,0.0,0.0,0.06892840564250946,0.3509591519832611,-1.9470815658569336,-0.2944178283214569,-0.01989131048321724,0.14634501934051514,-0.25566399097442627,-1.2975900173187256,0.058554090559482574
124,-0.0,0.0,0.0,0.0,0.0,0.0,0.10000000149011612,0.0,0.10737865418195724,-1.4848934412002563,-0.14419420063495636,-0.0,-0.0,0.0,0.10737865418195724,-1.4848934412002563,-0.14419420063495636,-0.0,-0.0,-0.15033011138439178,-0.9618059396743774,-0.04908738657832146,-0.3286009132862091,-0.00332721252925694,0.0,0.0,0.0,-0.04250015318393707,-0.9998122453689575,0.0,-0.99986732006073,-0.9998070001602173,-1.0001758337020874,-0.0,-0.0,-0.3946073651313782,-0.6581684350967407,-0.9468866586685181,0.298265665769577,0.1643766313791275,-0.481687992811203,0.13871948421001434,-0.03717472404241562,-2.080073833465576,-0.0,0.0,0.0,0.0,0.0,0.0,0.10000000149011612,0.0,0.10737865418195724,-1.4848934412002563,-0.14419420063495636,-0.0,-0.0,0.0,0.10737865418195724,-1.4848934412002563,-0.14419420063495636,-0.0,-0.0,-0.15033011138439178,-0.9618059396743774,-0.04908738657832146,0.012632614001631737,2.450196916470304e-05,0.0,0.0,0.0,0.005789338145405054,0.10004892200231552,0.0,0.10741472989320755,-1.4850562810897827,-0.14416742324829102,0.0,0.0,0.06892840564250946,0.3509591519832611,-1.9470815658569336,-0.2944178283214569,-0.01989131048321724,0.14634501934051514,-0.26817163825035095,-1.2942805290222168,0.058962132781744
125,-0.0,0.0,0.0,0.0,0.0,0.0,0.10000000149011612,0.0,0.10737865418195724,-1.4848934412002563,-0.14419420063495636,-0.0,-0.0,0.0,0.10737865418195724,-1.4848934412002563,-0.14419420063495636,-0.0,-0.0,-0.16413594782352448,-0.9572039842605591,-0.0475534051656723,-0.3286009132862091,-0.00332721252925694,0.0,0.0,0.0,-0.04250015318393707,-0.9998122453689575,0.0,-0.99986732006073,-0.9998070001602173,-1.0001758337020874,-0.0,-0.0,-0.3946073651313782,-0.6581684350967407,-0.9468866586685181,0.298265665769577,0.1643766313791275,-0.481687992811203,0.10485560446977615,-0.02437642030417919,-2.0512399673461914,-0.0,0.0,0.0,0.0,0.0,0.0,0.10000000149011612,0.0,0.10737865418195724,-1.4848934412002563,-0.14419420063495636,-0.0,-0.0,0.0,0.10737865418195724,-1.4848934412002563,-0.14419420063495636,-0.0,-0.0,-0.16413594782352448,-0.9572039842605591,-0.0475534051656723,0.012632614001631737,2.450196916470304e-05,0.0,0.0,0.0,0.005789338145405054,0.10004892200231552,0.0,0.10741472989320755,-1.4850562810897827,-0.14416742324829102,0.0,0.0,0.06892840564250946,0.3509591519832611,-1.9470815658569336,-0.2944178283214569,-0.01989131048321724,0.14634501934051514,-0.2738000750541687,-1.2926257848739624,0.05904373899102211
126,-0.0,0.0,0.0,0.0,0.0,0.0,0.10000000149011612,0.0,0.10737865418195724,-1.4848934412002563,-0.14419420063495636,-0.0,-0.0,0.0,0.10737865418195724,-1.4848934412002563,-0.14419420063495636,-0.0,-0.0,-0.18561168015003204,-0.954136073589325,-0.04601942375302315,-0.3286009132862091,-0.00332721252925694,0.0,0.0,0.0,-0.04250015318393707,-0.9998122453689575,0.0,-0.99986732006073,-0.9998070001602173,-1.0001758337020874,-0.0,-0.0,-0.3946073651313782,-0.6581684350967407,-0.9468866586685181,0.298265665769577,0.1643766313791275,-0.481687992811203,0.05217849090695381,-0.01584438420832157,-2.0224061012268066,-0.0,0.0,0.0,0.0,0.0,0.0,0.10000000149011612,0.0,0.10737865418195724,-1.4848934412002563,-0.14419420063495636,-0.0,-0.0,0.0,0.10737865418195724,-1.4848934412002563,-0.14419420063495636,-0.0,-0.0,-0.18561168015003204,-0.954136073589325,-0.04601942375302315,0.012632614001631737,2.450196916470304e-05,0.0,0.0,0.0,0.005789338145405054,0.10004892200231552,0.0,0.10741472989320755,-1.4850562810897827,-0.14416742324829102,0.0,0.0,0.06892840564250946,0.3509591519832611,-1.9470815658569336,-0.2944178283214569,-0.01989131048321724,0.14634501934051514,-0.2825554609298706,-1.291522741317749,0.059125348925590515
127,-0.0,0.0,0.0,0.0,0.0,0.0,0.10000000149011612,0.0,0.10737865418195724,-1.4848934412002563,-0.14419420063495636,-0.0,-0.0,0.0,0.10737865418195724,-1.4848934412002563,-0.14419420063495636,-0.0,-0.0,-0.19328157603740692,-0.9526020884513855,-0.04601942375302315,-0.3286009132862091,-0.00332721252925694,0.0,0.0,0.0,-0.04250015318393707,-0.9998122453689575,0.0,-0.99986732006073,-0.9998070001602173,-1.0001758337020874,-0.0,-0.0,-0.3946073651313782,-0.6581684350967407,-0.9468866586685181,0.298265665769577,0.1643766313791275,-0.481687992811203,0.03336525708436966,-0.011578281410038471,-2.0224061012268066,-0.0,0.0,0.0,0.0,0.0,0.0,0.10000000149011612,0.0,0.10737865418195724,-1.4848934412002563,-0.14419420063495636,-0.0,-0.0,0.0,0.10737865418195724,-1.4848934412002563,-0.14419420063495636,-0.0,-0.0,-0.19328157603740692,-0.9526020884513855,-0.04601942375302315,0.012632614001631737,2.450196916470304e-05,0.0,0.0,0.0,0.005789338145405054,0.10004892200231552,0.0,0.10741472989320755,-1.4850562810897827,-0.14416742324829102,0.0,0.0,0.06892840564250946,0.3509591519832611,-1.9470815658569336,-0.2944178283214569,-0.01989131048321724,0.14634501934051514,-0.2856823801994324,-1.290971040725708,0.059125348925590515
128,-0.0,0.0,0.0,0.0,0.0,0.0,0.10000000149011612,0.0,0.10737865418195724,-1.4848934412002563,-0.14419420063495636,-0.0,-0.0,0.0,0.10737865418195724,-1.4848934412002563,-0.14419420063495636,-0.0,-0.0,-0.200951486825943,-0.9495341181755066,-0.0475534051656723,-0.3286009132862091,-0.00332721252925694,0.0,0.0,0.0,-0.04250015318393707,-0.9998122453689575,0.0,-0.99986732006073,-0.9998070001602173,-1.0001758337020874,-0.0,-0.0,-0.3946073651313782,-0.6581684350967407,-0.9468866586685181,0.298265665769577,0.1643766313791275,-0.481687992811203,0.014551986008882523,-0.0030460788402706385,-2.0512399673461914,-0.0,0.0,0.0,0.0,0.0,0.0,0.10000000149011612,0.0,0.10737865418195724,-1.4848934412002563,-0.14419420063495636,-0.0,-0.0,0.0,0.10737865418195724,-1.4848934412002563,-0.14419420063495636,-0.0,-0.0,-0.200951486825943,-0.9495341181755066,-0.0475534051656723,0.012632614001631737,2.450196916470304e-05,0.0,0.0,0.0,0.005789338145405054,0.10004892200231552,0.0,0.10741472989320755,-1.4850562810897827,-0.14416742324829102,0.0,0.0,0.06892840564250946,0.3509591519832611,-1.9470815658569336,-0.2944178283214569,-0.01989131048321724,0.14634501934051514,-0.28880926966667175,-1.289867877960205,0.05904373899102211
129,-0.0,0.0,0.0,0.0,0.0,0.0,0.10000000149011612,0.0,0.10737865418195724,-1.4848934412002563,-0.14419420063495636,-0.0,-0.0,0.0,0.10737865418195724,-1.4848934412002563,-0.14419420063495636,-0.0,-0.0,-0.19941750168800354,-0.9464661478996277,-0.04908738657832146,-0.3286009132862091,-0.00332721252925694,0.0,0.0,0.0,-0.04250015318393707,-0.9998122453689575,0.0,-0.99986732006073,-0.9998070001602173,-1.0001758337020874,-0.0,-0.0,-0.3946073651313782,-0.6581684350967407,-0.9468866586685181,0.298265665769577,0.1643766313791275,-0.481687992811203,0.018314648419618607,0.005486124195158482,-2.080073833465576,-0.0,0.0,0.0,0.0,0.0,0.0,0.10000000149011612,0.0,0.10737865418195724,-1.4848934412002563,-0.14419420063495636,-0.0,-0.0,0.0,0.10737865418195724,-1.4848934412002563,-0.14419420063495636,-0.0,-0.0,-0.19941750168800354,-0.9464661478996277,-0.04908738657832146,0.012632614001631737,2.450196916470304e-05,0.0,0.0,0.0,0.005789338145405054,0.10004892200231552,0.0,0.10741472989320755,-1.4850562810897827,-0.14416742324829102,0.0,0.0,0.06892840564250946,0.3509591519832611,-1.9470815658569336,-0.2944178283214569,-0.01989131048321724,0.14634501934051514,-0.28818389773368835,-1.2887647151947021,0.058962132781744
130,-0.0,0.0,0.0,0.0,0.0,0.0,0.10000000149011612,0.0,0.10737865418195724,-1.4848934412002563,-0.14419420063495636,-0.0,-0.0,0.0,0.10737865418195724,-1.4848934412002563,-0.14419420063495636,-0.0,-0.0,-0.1902136206626892,-0.9433981776237488,-0.05062136426568031,-0.3286009132862091,-0.00332721252925694,0.0,0.0,0.0,-0.04250015318393707,-0.9998122453689575,0.0,-0.99986732006073,-0.9998070001602173,-1.0001758337020874,-0.0,-0.0,-0.3946073651313782,-0.6581684350967407,-0.9468866586685181,0.298265665769577,0.1643766313791275,-0.481687992811203,0.04089054465293884,0.014018327929079533,-2.10890793800354,-0.0,0.0,0.0,0.0,0.0,0.0,0.10000000149011612,0.0,0.10737865418195724,-1.4848934412002563,-0.14419420063495636,-0.0,-0.0,0.0,0.10737865418195724,-1.4848934412002563,-0.14419420063495636,-0.0,-0.0,-0.1902136206626892,-0.9433981776237488,-0.05062136426568031,0.012632614001631737,2.450196916470304e-05,0.0,0.0,0.0,0.005789338145405054,0.10004892200231552,0.0,0.10741472989320755,-1.4850562810897827,-0.14416742324829102,0.0,0.0,0.06892840564250946,0.3509591519832611,-1.9470815658569336,-0.2944178283214569,-0.01989131048321724,0.14634501934051514,-0.2844316065311432,-1.2876615524291992,0.0588805228471756
131,-0.0,0.0,0.0,0.0,0.0,0.0,0.10000000149011612,0.0,0.10737865418195724,-1.4848934412002563,-0.14419420063495636,-0.0,-0.0,0.0,0.10737865418195724,-1.4848934412002563,-0.14419420063495636,-0.0,-0.0,-0.17180584371089935,-0.9219224452972412,-0.05675728991627693,-0.3286009132862091,-0.00332721252925694,0.0,0.0,0.0,-0.04250015318393707,-0.9998122453689575,0.0,-0.99986732006073,-0.9998070001602173,-1.0001758337020874,-0.0,-0.0,-0.3946073651313782,-0.6581684350967407,-0.9468866586685181,0.298265665769577,0.1643766313791275,-0.481687992811203,0.0860423669219017,0.07374358177185059,-2.224243640899658,-0.0,0.0,0.0,0.0,0.0,0.0,0.10000000149011612,0.0,0.10737865418195724,-1.4848934412002563,-0.14419420063495636,-0.0,-0.0,0.0,0.10737865418195724,-1.4848934412002563,-0.14419420063495636,-0.0,-0.0,-0.17180584371089935,-0.9219224452972412,-0.05675728991627693,0.012632614001631737,2.450196916470304e-05,0.0,0.0,0.0,0.005789338145405054,0.10004892200231552,0.0,0.10741472989320755,-1.4850562810897827,-0.14416742324829102,0.0,0.0,0.06892840564250946,0.3509591519832611,-1.9470815658569336,-0.2944178283214569,-0.01989131048321724,0.14634501934051514,-0.27692699432373047,-1.2799394130706787,0.058554090559482574
132,-0.0,0.0,0.0,0.0,0.0,0.0,0.10000000149011612,0.0,0.10737865418195724,-1.4848934412002563,-0.14419420063495636,-0.0,-0.0,0.0,0.10737865418195724,-1.4848934412002563,-0.14419420063495636,-0.0,-0.0,-0.1533980816602707,-0.9035146832466125,-0.05982524901628494,-0.3286009132862091,-0.00332721252925694,0.0,0.0,0.0,-0.04250015318393707,-0.9998122453689575,0.0,-0.99986732006073,-0.9998070001602173,-1.0001758337020874,-0.0,-0.0,-0.3946073651313782,-0.6581684350967407,-0.9468866586685181,0.298265665769577,0.1643766313791275,-0.481687992811203,0.13119415938854218,0.12493664026260376,-2.2819113731384277,-0.0,0.0,0.0,0.0,0.0,0.0,0.10000000149011612,0.0,0.10737865418195724,-1.4848934412002563,-0.14419420063495636,-0.0,-0.0,0.0,0.10737865418195724,-1.4848934412002563,-0.14419420063495636,-0.0,-0.0,-0.1533980816602707,-0.9035146832466125,-0.05982524901628494,0.012632614001631737,2.450196916470304e-05,0.0,0.0,0.0,0.005789338145405054,0.10004892200231552,0.0,0.10741472989320755,-1.4850562810897827,-0.14416742324829102,0.0,0.0,0.06892840564250946,0.3509591519832611,-1.9470815658569336,-0.2944178283214569,-0.01989131048321724,0.14634501934051514,-0.26942241191864014,-1.2733204364776611,0.058390870690345764
133,-0.0,0.0,0.0,0.0,0.0,0.0,0.10000000149011612,0.0,0.10737865418195724,-1.4848934412002563,-0.14419420063495636,-0.0,-0.0,0.0,0.10737865418195724,-1.4848934412002563,-0.14419420063495636,-0.0,-0.0,-0.14572817087173462,-0.8989127278327942,-0.058291271328926086,-0.3286009132862091,-0.00332721252925694,0.0,0.0,0.0,-0.04250015318393707,-0.9998122453689575,0.0,-0.99986732006073,-0.9998070001602173,-1.0001758337020874,-0.0,-0.0,-0.3946073651313782,-0.6581684350967407,-0.9468866586685181,0.298265665769577,0.1643766313791275,-0.481687992811203,0.150007426738739,0.13773493468761444,-2.253077745437622,-0.0,0.0,0.0,0.0,0.0,0.0,0.10000000149011612,0.0,0.10737865418195724,-1.4848934412002563,-0.14419420063495636,-0.0,-0.0,0.0,0.10737865418195724,-1.4848934412002563,-0.14419420063495636,-0.0,-0.0,-0.14572817087173462,-0.8989127278327942,-0.058291271328926086,0.012632614001631737,2.450196916470304e-05,0.0,0.0,0.0,0.005789338145405054,0.10004892200231552,0.0,0.10741472989320755,-1.4850562810897827,-0.14416742324829102,0.0,0.0,0.06892840564250946,0.3509591519832611,-1.9470815658569336,-0.2944178283214569,-0.01989131048321724,0.14634501934051514,-0.26629549264907837,-1.2716656923294067,0.05847248062491417
134,-0.0,0.0,0.0,0.0,0.0,0.0,0.10000000149011612,0.0,0.10737865418195724,-1.4848934412002563,-0.14419420063495636,-0.0,-0.0,0.0,0.10737865418195724,-1.4848934412002563,-0.14419420063495636,-0.0,-0.0,-0.13805827498435974,-0.8881748914718628,-0.05215534567832947,-0.3286009132862091,-0.00332721252925694,0.0,0.0,0.0,-0.04250015318393707,-0.9998122453689575,0.0,-0.99986732006073,-0.9998070001602173,-1.0001758337020874,-0.0,-0.0,-0.3946073651313782,-0.6581684350967407,-0.9468866586685181,0.298265665769577,0.1643766313791275,-0.481687992811203,0.16882066428661346,0.16759748756885529,-2.137741804122925,-0.0,0.0,0.0,0.0,0.0,0.0,0.10000000149011612,0.0,0.10737865418195724,-1.4848934412002563,-0.14419420063495636,-0.0,-0.0,0.0,0.10737865418195724,-1.4848934412002563,-0.14419420063495636,-0.0,-0.0,-0.13805827498435974,-0.8881748914718628,-0.05215534567832947,0.012632614001631737,2.450196916470304e-05,0.0,0.0,0.0,0.005789338145405054,0.10004892200231552,0.0,0.10741472989320755,-1.4850562810897827,-0.14416742324829102,0.0,0.0,0.06892840564250946,0.3509591519832611,-1.9470815658569336,-0.2944178283214569,-0.01989131048321724,0.14634501934051514,-0.2631685733795166,-1.2678046226501465,0.05879891663789749
135,-0.0,0.0,0.0,0.0,0.0,0.0,0.10000000149011612,0.0,0.10737865418195724,-1.4848934412002563,-0.14419420063495636,-0.0,-0.0,0.0,0.10737865418195724,-1.4848934412002563,-0.14419420063495636,-0.0,-0.0,-0.13805827498435974,-0.882038950920105,-0.04908738657832146,-0.3286009132862091,-0.00332721252925694,0.0,0.0,0.0,-0.04250015318393707,-0.9998122453689575,0.0,-0.99986732006073,-0.9998070001602173,-1.0001758337020874,-0.0,-0.0,-0.3946073651313782,-0.6581684350967407,-0.9468866586685181,0.298265665769577,0.1643766313791275,-0.481687992811203,0.16882066428661346,0.1846618950366974,-2.080073833465576,-0.0,0.0,0.0,0.0,0.0,0.0,0.10000000149011612,0.0,0.10737865418195724,-1.4848934412002563,-0.14419420063495636,-0.0,-0.0,0.0,0.10737865418195724,-1.4848934412002563,-0.14419420063495636,-0.0,-0.0,-0.13805827498435974,-0.882038950920105,-0.04908738657832146,0.012632614001631737,2.450196916470304e-05,0.0,0.0,0.0,0.005789338145405054,0.10004892200231552,0.0,0.10741472989320755,-1.4850562810897827,-0.14416742324829102,0.0,0.0,0.06892840564250946,0.3509591519832611,-1.9470815658569336,-0.2944178283214569,-0.01989131048321724,0.14634501934051514,-0.2631685733795166,-1.2655982971191406,0.058962132781744
136,-0.0,0.0,0.0,0.0,0.0,0.0,0.10000000149011612,0.0,0.10737865418195724,-1.4848934412002563,-0.14419420063495636,-0.0,-0.0,0.0,0.10737865418195724,-1.4848934412002563,-0.14419420063495636,-0.0,-0.0,-0.13805827498435974,-0.8789709806442261,-0.04601942375302315,-0.3286009132862091,-0.00332721252925694,0.0,0.0,0.0,-0.04250015318393707,-0.9998122453689575,0.0,-0.99986732006073,-0.9998070001602173,-1.0001758337020874,-0.0,-0.0,-0.3946073651313782,-0.6581684350967407,-0.9468866586685181,0.298265665769577,0.1643766313791275,-0.481687992811203,0.16882066428661346,0.19319409132003784,-2.0224061012268066,-0.0,0.0,0.0,0.0,0.0,0.0,0.10000000149011612,0.0,0.10737865418195724,-1.4848934412002563,-0.14419420063495636,-0.0,-0.0,0.0,0.10737865418195724,-1.4848934412002563,-0.14419420063495636,-0.0,-0.0,-0.13805827498435974,-0.8789709806442261,-0.04601942375302315,0.012632614001631737,2.450196916470304e-05,0.0,0.0,0.0,0.005789338145405054,0.10004892200231552,0.0,0.10741472989320755,-1.4850562810897827,-0.14416742324829102,0.0,0.0,0.06892840564250946,0.3509591519832611,-1.9470815658569336,-0.2944178283214569,-0.01989131048321724,0.14634501934051514,-0.2631685733795166,-1.2644951343536377,0.059125348925590515
137,-0.0,0.0,0.0,0.0,0.0,0.0,0.10000000149011612,0.0,0.10737865418195724,-1.4848934412002563,-0.14419420063495636,-0.0,-0.0,0.0,0.10737865418195724,-1.4848934412002563,-0.14419420063495636,-0.0,-0.0,-0.13805827498435974,-0.8805049657821655,-0.0475534051656723,-0.3286009132862091,-0.00332721252925694,0.0,0.0,0.0,-0.04250015318393707,-0.9998122453689575,0.0,-0.99986732006073,-0.9998070001602173,-1.0001758337020874,-0.0,-0.0,-0.3946073651313782,-0.6581684350967407,-0.9468866586685181,0.298265665769577,0.1643766313791275,-0.481687992811203,0.16882066428661346,0.18892799317836761,-2.0512399673461914,-0.0,0.0,0.0,0.0,0.0,0.0,0.10000000149011612,0.0,0.10737865418195724,-1.4848934412002563,-0.14419420063495636,-0.0,-0.0,0.0,0.10737865418195724,-1.4848934412002563,-0.14419420063495636,-0.0,-0.0,-0.13805827498435974,-0.8805049657821655,-0.0475534051656723,0.012632614001631737,2.450196916470304e-05,0.0,0.0,0.0,0.005789338145405054,0.10004892200231552,0.0,0.10741472989320755,-1.4850562810897827,-0.14416742324829102,0.0,0.0,0.06892840564250946,0.3509591519832611,-1.9470815658569336,-0.2944178283214569,-0.01989131048321724,0.14634501934051514,-0.2631685733795166,-1.2650467157363892,0.05904373899102211
138,-0.0,0.0,0.0,0.0,0.0,0.0,0.10000000149011612,0.0,0.10737865418195724,-1.4848934412002563,-0.14419420063495636,-0.0,-0.0,0.0,0.10737865418195724,-1.4848934412002563,-0.14419420063495636,-0.0,-0.0,-0.14419420063495636,-0.8774369955062866,-0.04601942375302315,-0.3286009132862091,-0.00332721252925694,0.0,0.0,0.0,-0.04250015318393707,-0.9998122453689575,0.0,-0.99986732006073,-0.9998070001602173,-1.0001758337020874,-0.0,-0.0,-0.3946073651313782,-0.6581684350967407,-0.9468866586685181,0.298265665769577,0.1643766313791275,-0.481687992811203,0.1537700593471527,0.19746020436286926,-2.0224061012268066,-0.0,0.0,0.0,0.0,0.0,0.0,0.10000000149011612,0.0,0.10737865418195724,-1.4848934412002563,-0.14419420063495636,-0.0,-0.0,0.0,0.10737865418195724,-1.4848934412002563,-0.14419420063495636,-0.0,-0.0,-0.14419420063495636,-0.8774369955062866,-0.04601942375302315,0.012632614001631737,2.450196916470304e-05,0.0,0.0,0.0,0.005789338145405054,0.10004892200231552,0.0,0.10741472989320755,-1.4850562810897827,-0.14416742324829102,0.0,0.0,0.06892840564250946,0.3509591519832611,-1.9470815658569336,-0.2944178283214569,-0.01989131048321724,0.14634501934051514,-0.26567012071609497,-1.2639435529708862,0.059125348925590515
139,0.0421292781829834,0.0,0.0,0.0,0.0,0.0,0.10000000149011612,0.0,0.10737865418195724,-1.4848934412002563,-0.14419420063495636,-0.0,-0.0,0.0,0.10737865418195724,-1.4848934412002563,-0.14419420063495636,-0.0,-0.0,-0.14879614114761353,-0.8774369955062866,-0.04295146092772484,0.7672703862190247,-0.00332721252925694,0.0,0.0,0.0,-0.04250015318393707,-0.9998122453689575,0.0,-0.99986732006073,-0.9998070001602173,-1.0001758337020874,-0.0,-0.0,-0.3946073651313782,-0.6581684350967407,-0.9468866586685181,0.298265665769577,0.1643766313791275,-0.481687992811203,0.14248210191726685,0.19746020436286926,-1.964738130569458,0.0421292781829834,0.0,0.0,0.0,0.0,0.0,0.10000000149011612,0.0,0.10737865418195724,-1.4848934412002563,-0.14419420063495636,-0.0,-0.0,0.0,0.10737865418195724,-1.4848934412002563,-0.14419420063495636,-0.0,-0.0,-0.14879614114761353,-0.8774369955062866,-0.04295146092772484,0.014252216555178165,2.450196916470304e-05,0.0,0.0,0.0,0.005789338145405054,0.10004892200231552,0.0,0.10741472989320755,-1.4850562810897827,-0.14416742324829102,0.0,0.0,0.06892840564250946,0.3509591519832611,-1.9470815658569336,-0.2944178283214569,-0.01989131048321724,0.14634501934051514,-0.26754626631736755,-1.2639435529708862,0.05928856506943703
140,0.1215994730591774,0.0,0.0,0.0,0.0,0.0,0.10000000149011612,0.0,0.10737865418195724,-1.4848934412002563,-0.14419420063495636,-0.0,-0.0,0.0,0.10737865418195724,-1.4848934412002563,-0.14419420063495636,-0.0,-0.0,-0.1533980816602707,-0.8805049657821655,-0.04295146092772484,2.8344576358795166,-0.00332721252925694,0.0,0.0,0.0,-0.04250015318393707,-0.9998122453689575,0.0,-0.99986732006073,-0.9998070001602173,-1.0001758337020874,-0.0,-0.0,-0.3946073651313782,-0.6581684350967407,-0.9468866586685181,0.298265665769577,0.1643766313791275,-0.481687992811203,0.13119415938854218,0.18892799317836761,-1.964738130569458,0.1215994730591774,0.0,0.0,0.0,0.0,0.0,0.10000000149011612,0.0,0.10737865418195724,-1.4848934412002563,-0.14419420063495636,-0.0,-0.0,0.0,0.10737865418195724,-1.4848934412002563,-0.14419420063495636,-0.0,-0.0,-0.1533980816602707,-0.8805049657821655,-0.04295146092772484,0.01730733923614025,2.450196916470304e-05,0.0,0.0,0.0,0.005789338145405054,0.10004892200231552,0.0,0.10741472989320755,-1.4850562810897827,-0.14416742324829102,0.0,0.0,0.06892840564250946,0.3509591519832611,-1.9470815658569336,-0.2944178283214569,-0.01989131048321724,0.14634501934051514,-0.26942241191864014,-1.2650467157363892,0.05928856506943703
141,0.12318338453769684,0.0,0.0,0.0,0.0,0.0,0.10000000149011612,0.0,0.10737865418195724,-1.4848934412002563,-0.14419420063495636,-0.0,-0.0,0.0,0.10737865418195724,-1.4848934412002563,-0.14419420063495636,-0.0,-0.0,-0.15800002217292786,-0.882038950920105,-0.0475534051656723,2.8756585121154785,-0.00332721252925694,0.0,0.0,0.0,-0.04250015318393707,-0.9998122453689575,0.0,-0.99986732006073,-0.9998070001602173,-1.0001758337020874,-0.0,-0.0,-0.3946073651313782,-0.6581684350967407,-0.9468866586685181,0.298265665769577,0.1643766313791275,-0.481687992811203,0.11990620940923691,0.1846618950366974,-2.0512399673461914,0.12318338453769684,0.0,0.0,0.0,0.0,0.0,0.10000000149011612,0.0,0.10737865418195724,-1.4848934412002563,-0.14419420063495636,-0.0,-0.0,0.0,0.10737865418195724,-1.4848934412002563,-0.14419420063495636,-0.0,-0.0,-0.15800002217292786,-0.882038950920105,-0.0475534051656723,0.01736823096871376,2.450196916470304e-05,0.0,0.0,0.0,0.005789338145405054,0.10004892200231552,0.0,0.10741472989320755,-1.4850562810897827,-0.14416742324829102,0.0,0.0,0.06892840564250946,0.3509591519832611,-1.9470815658569336,-0.2944178283214569,-0.01989131048321724,0.14634501934051514,-0.2712985575199127,-1.2655982971191406,0.05904373899102211
142,0.12442396581172943,0.0,0.0,0.0,0.0,0.0,0.10000000149011612,0.0,0.10737865418195724,-1.4848934412002563,-0.14419420063495636,-0.0,-0.0,0.0,0.10737865418195724,-1.4848934412002563,-0.14419420063495636,-0.0,-0.0,-0.16106797754764557,-0.8835729360580444,-0.0475534051656723,2.907928705215454,-0.00332721252925694,0.0,0.0,0.0,-0.04250015318393707,-0.9998122453689575,0.0,-0.99986732006073,-0.9998070001602173,-1.0001758337020874,-0.0,-0.0,-0.3946073651313782,-0.6581684350967407,-0.9468866586685181,0.298265665769577,0.1643766313791275,-0.481687992811203,0.11238092929124832,0.18039579689502716,-2.0512399673461914,0.12442396581172943,0.0,0.0,0.0,0.0,0.0,0.10000000149011612,0.0,0.10737865418195724,-1.4848934412002563,-0.14419420063495636,-0.0,-0.0,0.0,0.10737865418195724,-1.4848934412002563,-0.14419420063495636,-0.0,-0.0,-0.16106797754764557,-0.8835729360580444,-0.0475534051656723,0.01741592399775982,2.450196916470304e-05,0.0,0.0,0.0,0.005789338145405054,0.10004892200231552,0.0,0.10741472989320755,-1.4850562810897827,-0.14416742324829102,0.0,0.0,0.06892840564250946,0.3509591519832611,-1.9470815658569336,-0.2944178283214569,-0.01989131048321724,0.14634501934051514,-0.2725493311882019,-1.266149878501892,0.05904373899102211
143,0.12502364814281464,0.0,0.0,0.0,0.0,0.0,0.10000000149011612,0.0,0.10737865418195724,-1.4848934412002563,-0.14419420063495636,-0.0,-0.0,0.0,0.10737865418195724,-1.4848934412002563,-0.14419420063495636,-0.0,-0.0,-0.16413594782352448,-0.8835729360580444,-0.0475534051656723,2.923527717590332,-0.00332721252925694,0.0,0.0,0.0,-0.04250015318393707,-0.9998122453689575,0.0,-0.99986732006073,-0.9998070001602173,-1.0001758337020874,-0.0,-0.0,-0.3946073651313782,-0.6581684350967407,-0.9468866586685181,0.298265665769577,0.1643766313791275,-0.481687992811203,0.10485560446977615,0.18039579689502716,-2.0512399673461914,0.12502364814281464,0.0,0.0,0.0,0.0,0.0,0.10000000149011612,0.0,0.10737865418195724,-1.4848934412002563,-0.14419420063495636,-0.0,-0.0,0.0,0.10737865418195724,-1.4848934412002563,-0.14419420063495636,-0.0,-0.0,-0.16413594782352448,-0.8835729360580444,-0.0475534051656723,0.01743897795677185,2.450196916470304e-05,0.0,0.0,0.0,0.005789338145405054,0.10004892200231552,0.0,0.10741472989320755,-1.4850562810897827,-0.14416742324829102,0.0,0.0,0.06892840564250946,0.3509591519832611,-1.9470815658569336,-0.2944178283214569,-0.01989131048321724,0.14634501934051514,-0.2738000750541687,-1.266149878501892,0.05904373899102211
144,0.1252342313528061,0.0,0.0,0.0,0.0,0.0,0.10000000149011612,0.0,0.10737865418195724,-1.4848934412002563,-0.14419420063495636,-0.0,-0.0,0.0,0.10737865418195724,-1.4848934412002563,-0.14419420063495636,-0.0,-0.0,-0.16566991806030273,-0.8851069211959839,-0.0475534051656723,2.9290053844451904,-0.00332721252925694,0.0,0.0,0.0,-0.04250015318393707,-0.9998122453689575,0.0,-0.99986732006073,-0.9998070001602173,-1.0001758337020874,-0.0,-0.0,-0.3946073651313782,-0.6581684350967407,-0.9468866586685181,0.298265665769577,0.1643766313791275,-0.481687992811203,0.10109297931194305,0.17612968385219574,-2.0512399673461914,0.1252342313528061,0.0,0.0,0.0,0.0,0.0,0.10000000149011612,0.0,0.10737865418195724,-1.4848934412002563,-0.14419420063495636,-0.0,-0.0,0.0,0.10737865418195724,-1.4848934412002563,-0.14419420063495636,-0.0,-0.0,-0.16566991806030273,-0.8851069211959839,-0.0475534051656723,0.01744707301259041,2.450196916470304e-05,0.0,0.0,0.0,0.005789338145405054,0.10004892200231552,0.0,0.10741472989320755,-1.4850562810897827,-0.14416742324829102,0.0,0.0,0.06892840564250946,0.3509591519832611,-1.9470815658569336,-0.2944178283214569,-0.01989131048321724,0.14634501934051514,-0.2744254767894745,-1.2667014598846436,0.05904373899102211
145,0.1253349483013153,0.0,0.0,0.0,0.0,0.0,0.10000000149011612,0.0,0.10737865418195724,-1.4848934412002563,-0.14419420063495636,-0.0,-0.0,0.0,0.10737865418195724,-1.4848934412002563,-0.14419420063495636,-0.0,-0.0,-0.16566991806030273,-0.8835729360580444,-0.04908738657832146,2.9316251277923584,-0.00332721252925694,0.0,0.0,0.0,-0.04250015318393707,-0.9998122453689575,0.0,-0.99986732006073,-0.9998070001602173,-1.0001758337020874,-0.0,-0.0,-0.3946073651313782,-0.6581684350967407,-0.9468866586685181,0.298265665769577,0.1643766313791275,-0.481687992811203,0.10109297931194305,0.18039579689502716,-2.080073833465576,0.1253349483013153,0.0,0.0,0.0,0.0,0.0,0.10000000149011612,0.0,0.10737865418195724,-1.4848934412002563,-0.14419420063495636,-0.0,-0.0,0.0,0.10737865418195724,-1.4848934412002563,-0.14419420063495636,-0.0,-0.0,-0.16566991806030273,-0.8835729360580444,-0.04908738657832146,0.01745094545185566,2.450196916470304e-05,0.0,0.0,0.0,0.005789338145405054,0.10004892200231552,0.0,0.10741472989320755,-1.4850562810897827,-0.14416742324829102,0.0,0.0,0.06892840564250946,0.3509591519832611,-1.9470815658569336,-0.2944178283214569,-0.01989131048321724,0.14634501934051514,-0.2744254767894745,-1.266149878501892,0.058962132781744
146,0.1253349483013153,0.0,0.0,0.0,0.0,0.0,0.10000000149011612,0.0,0.10737865418195724,-1.4848934412002563,-0.14419420063495636,-0.0,-0.0,0.0,0.10737865418195724,-1.4848934412002563,-0.14419420063495636,-0.0,-0.0,-0.1672039031982422,-0.8851069211959839,-0.0475534051656723,2.9316251277923584,-0.00332721252925694,0.0,0.0,0.0,-0.04250015318393707,-0.9998122453689575,0.0,-0.99986732006073,-0.9998070001602173,-1.0001758337020874,-0.0,-0.0,-0.3946073651313782,-0.6581684350967407,-0.9468866586685181,0.298265665769577,0.1643766313791275,-0.481687992811203,0.09733031690120697,0.17612968385219574,-2.0512399673461914,0.1253349483013153,0.0,0.0,0.0,0.0,0.0,0.10000000149011612,0.0,0.10737865418195724,-1.4848934412002563,-0.14419420063495636,-0.0,-0.0,0.0,0.10737865418195724,-1.4848934412002563,-0.14419420063495636,-0.0,-0.0,-0.1672039031982422,-0.8851069211959839,-0.0475534051656723,0.01745094545185566,2.450196916470304e-05,0.0,0.0,0.0,0.005789338145405054,0.10004892200231552,0.0,0.10741472989320755,-1.4850562810897827,-0.14416742324829102,0.0,0.0,0.06892840564250946,0.3509591519832611,-1.9470815658569336,-0.2944178283214569,-0.01989131048321724,0.14634501934051514,-0.2750508487224579,-1.2667014598846436,0.05904373899102211
147,0.1253349483013153,0.0,0.0,0.0,0.0,0.0,0.10000000149011612,0.0,0.10737865418195724,-1.4848934412002563,-0.14419420063495636,-0.0,-0.0,0.0,0.10737865418195724,-1.4848934412002563,-0.14419420063495636,-0.0,-0.0,-0.16566991806030273,-0.8866409063339233,-0.04908738657832146,2.9316251277923584,-0.00332721252925694,0.0,0.0,0.0,-0.04250015318393707,-0.9998122453689575,0.0,-0.99986732006073,-0.9998070001602173,-1.0001758337020874,-0.0,-0.0,-0.3946073651313782,-0.6581684350967407,-0.9468866586685181,0.298265665769577,0.1643766313791275,-0.481687992811203,0.10109297931194305,0.1718635857105255,-2.080073833465576,0.1253349483013153,0.0,0.0,0.0,0.0,0.0,0.10000000149011612,0.0,0.10737865418195724,-1.4848934412002563,-0.14419420063495636,-0.0,-0.0,0.0,0.10737865418195724,-1.4848934412002563,-0.14419420063495636,-0.0,-0.0,-0.16566991806030273,-0.8866409063339233,-0.04908738657832146,0.01745094545185566,2.450196916470304e-05,0.0,0.0,0.0,0.005789338145405054,0.10004892200231552,0.0,0.10741472989320755,-1.4850562810897827,-0.14416742324829102,0.0,0.0,0.06892840564250946,0.3509591519832611,-1.9470815658569336,-0.2944178283214569,-0.01989131048321724,0.14634501934051514,-0.2744254767894745,-1.267253041267395,0.058962132781744
148,0.1253349483013153,0.0,0.0,0.0,0.0,0.0,0.10000000149011612,0.0,0.10737865418195724,-1.4848934412002563,-0.14419420063495636,-0.0,-0.0,0.0,0.10737865418195724,-1.4848934412002563,-0.14419420063495636,-0.0,-0.0,-0.16566991806030273,-0.8866409063339233,-0.04908738657832146,2.9316251277923584,-0.00332721252925694,0.0,0.0,0.0,-0.04250015318393707,-0.9998122453689575,0.0,-0.99986732006073,-0.9998070001602173,-1.0001758337020874,-0.0,-0.0,-0.3946073651313782,-0.6581684350967407,-0.9468866586685181,0.298265665769577,0.1643766313791275,-0.481687992811203,0.10109297931194305,0.1718635857105255,-2.080073833465576,0.1253349483013153,0.0,0.0,0.0,0.0,0.0,0.10000000149011612,0.0,0.10737865418195724,-1.4848934412002563,-0.14419420063495636,-0.0,-0.0,0.0,0.10737865418195724,-1.4848934412002563,-0.14419420063495636,-0.0,-0.0,-0.16566991806030273,-0.8866409063339233,-0.04908738657832146,0.01745094545185566,2.450196916470304e-05,0.0,0.0,0.0,0.005789338145405054,0.10004892200231552,0.0,0.10741472989320755,-1.4850562810897827,-0.14416742324829102,0.0,0.0,0.06892840564250946,0.3509591519832611,-1.9470815658569336,-0.2944178283214569,-0.01989131048321724,0.14634501934051514,-0.2744254767894745,-1.267253041267395,0.058962132781744
149,0.1253349483013153,0.0,0.0,0.0,0.0,0.0,0.10000000149011612,0.0,0.10737865418195724,-1.4848934412002563,-0.14419420063495636,-0.0,-0.0,0.0,0.10737865418195724,-1.4848934412002563,-0.14419420063495636,-0.0,-0.0,-0.16413594782352448,-0.8881748914718628,-0.0475534051656723,2.9316251277923584,-0.00332721252925694,0.0,0.0,0.0,-0.04250015318393707,-0.9998122453689575,0.0,-0.99986732006073,-0.9998070001602173,-1.0001758337020874,-0.0,-0.0,-0.3946073651313782,-0.6581684350967407,-0.9468866586685181,0.298265665769577,0.1643766313791275,-0.481687992811203,0.10485560446977615,0.16759748756885529,-2.0512399673461914,0.1253349483013153,0.0,0.0,0.0,0.0,0.0,0.10000000149011612,0.0,0.10737865418195724,-1.4848934412002563,-0.14419420063495636,-0.0,-0.0,0.0,0.10737865418195724,-1.4848934412002563,-0.14419420063495636,-0.0,-0.0,-0.16413594782352448,-0.8881748914718628,-0.0475534051656723,0.01745094545185566,2.450196916470304e-05,0.0,0.0,0.0,0.005789338145405054,0.10004892200231552,0.0,0.10741472989320755,-1.4850562810897827,-0.14416742324829102,0.0,0.0,0.06892840564250946,0.3509591519832611,-1.9470815658569336,-0.2944178283214569,-0.01989131048321724,0.14634501934051514,-0.2738000750541687,-1.2678046226501465,0.05904373899102211
150,0.1253807246685028,0.0,0.0,0.0,0.0,0.0,0.10000000149011612,0.0,0.10737865418195724,-1.4848934412002563,-0.14419420063495636,-0.0,-0.0,0.0,0.10737865418195724,-1.4848934412002563,-0.14419420063495636,-0.0,-0.0,-0.16106797754764557,-0.8912428617477417,-0.04601942375302315,2.9328160285949707,-0.00332721252925694,0.0,0.0,0.0,-0.04250015318393707,-0.9998122453689575,0.0,-0.99986732006073,-0.9998070001602173,-1.0001758337020874,-0.0,-0.0,-0.3946073651313782,-0.6581684350967407,-0.9468866586685181,0.298265665769577,0.1643766313791275,-0.481687992811203,0.11238092929124832,0.15906527638435364,-2.0224061012268066,0.1253807246685028,0.0,0.0,0.0,0.0,0.0,0.10000000149011612,0.0,0.10737865418195724,-1.4848934412002563,-0.14419420063495636,-0.0,-0.0,0.0,0.10737865418195724,-1.4848934412002563,-0.14419420063495636,-0.0,-0.0,-0.16106797754764557,-0.8912428617477417,-0.04601942375302315,0.017452705651521683,2.450196916470304e-05,0.0,0.0,0.0,0.005789338145405054,0.10004892200231552,0.0,0.10741472989320755,-1.4850562810897827,-0.14416742324829102,0.0,0.0,0.06892840564250946,0.3509591519832611,-1.9470815658569336,-0.2944178283214569,-0.01989131048321724,0.14634501934051514,-0.2725493311882019,-1.2689077854156494,0.059125348925590515
151,0.1253807246685028,0.0,0.0,0.0,0.0,0.0,0.10000000149011612,0.0,0.10737865418195724,-1.4848934412002563,-0.14419420063495636,-0.0,-0.0,0.0,0.10737865418195724,-1.4848934412002563,-0.14419420063495636,-0.0,-0.0,-0.1595340073108673,-0.8912428617477417,-0.0475534051656723,2.9328160285949707,-0.00332721252925694,0.0,0.0,0.0,-0.04250015318393707,-0.9998122453689575,0.0,-0.99986732006073,-0.9998070001602173,-1.0001758337020874,-0.0,-0.0,-0.3946073651313782,-0.6581684350967407,-0.9468866586685181,0.298265665769577,0.1643766313791275,-0.481687992811203,0.11614355444908142,0.15906527638435364,-2.0512399673461914,0.1253807246685028,0.0,0.0,0.0,0.0,0.0,0.10000000149011612,0.0,0.10737865418195724,-1.4848934412002563,-0.14419420063495636,-0.0,-0.0,0.0,0.10737865418195724,-1.4848934412002563,-0.14419420063495636,-0.0,-0.0,-0.1595340073108673,-0.8912428617477417,-0.0475534051656723,0.017452705651521683,2.450196916470304e-05,0.0,0.0,0.0,0.005789338145405054,0.10004892200231552,0.0,0.10741472989320755,-1.4850562810897827,-0.14416742324829102,0.0,0.0,0.06892840564250946,0.3509591519832611,-1.9470815658569336,-0.2944178283214569,-0.01989131048321724,0.14634501934051514,-0.2719239592552185,-1.2689077854156494,0.05904373899102211
152,0.1253807246685028,0.0,0.0,0.0,0.0,0.0,0.10000000149011612,0.0,0.10737865418195724,-1.4848934412002563,-0.14419420063495636,-0.0,-0.0,0.0,0.10737865418195724,-1.4848934412002563,-0.14419420063495636,-0.0,-0.0,-0.1595340073108673,-0.8943107724189758,-0.04448544234037399,2.9328160285949707,-0.00332721252925694,0.0,0.0,0.0,-0.04250015318393707,-0.9998122453689575,0.0,-0.99986732006073,-0.9998070001602173,-1.0001758337020874,-0.0,-0.0,-0.3946073651313782,-0.6581684350967407,-0.9468866586685181,0.298265665769577,0.1643766313791275,-0.481687992811203,0.11614355444908142,0.15053324401378632,-1.9935719966888428,0.1253807246685028,0.0,0.0,0.0,0.0,0.0,0.10000000149011612,0.0,0.10737865418195724,-1.4848934412002563,-0.14419420063495636,-0.0,-0.0,0.0,0.10737865418195724,-1.4848934412002563,-0.14419420063495636,-0.0,-0.0,-0.1595340073108673,-0.8943107724189758,-0.04448544234037399,0.017452705651521683,2.450196916470304e-05,0.0,0.0,0.0,0.005789338145405054,0.10004892200231552,0.0,0.10741472989320755,-1.4850562810897827,-0.14416742324829102,0.0,0.0,0.06892840564250946,0.3509591519832611,-1.9470815658569336,-0.2944178283214569,-0.01989131048321724,0.14634501934051514,-0.2719239592552185,-1.2700109481811523,0.05920695886015892
153,0.1253807246685028,0.0,0.0,0.0,0.0,0.0,0.10000000149011612,0.0,0.10737865418195724,-1.4848934412002563,-0.14419420063495636,-0.0,-0.0,0.0,0.10737865418195724,-1.4848934412002563,-0.14419420063495636,-0.0,-0.0,-0.1595340073108673,-0.8943107724189758,-0.04295146092772484,2.9328160285949707,-0.00332721252925694,0.0,0.0,0.0,-0.04250015318393707,-0.9998122453689575,0.0,-0.99986732006073,-0.9998070001602173,-1.0001758337020874,-0.0,-0.0,-0.3946073651313782,-0.6581684350967407,-0.9468866586685181,0.298265665769577,0.1643766313791275,-0.481687992811203,0.11614355444908142,0.15053324401378632,-1.964738130569458,0.1253807246685028,0.0,0.0,0.0,0.0,0.0,0.10000000149011612,0.0,0.10737865418195724,-1.4848934412002563,-0.14419420063495636,-0.0,-0.0,0.0,0.10737865418195724,-1.4848934412002563,-0.14419420063495636,-0.0,-0.0,-0.1595340073108673,-0.8943107724189758,-0.04295146092772484,0.017452705651521683,2.450196916470304e-05,0.0,0.0,0.0,0.005789338145405054,0.10004892200231552,0.0,0.10741472989320755,-1.4850562810897827,-0.14416742324829102,0.0,0.0,0.06892840564250946,0.3509591519832611,-1.9470815658569336,-0.2944178283214569,-0.01989131048321724,0.14634501934051514,-0.2719239592552185,-1.2700109481811523,0.05928856506943703
154,0.1253807246685028,0.0,0.0,0.0,0.0,0.0,0.10000000149011612,0.0,0.10737865418195724,-1.4848934412002563,-0.14419420063495636,-0.0,-0.0,0.0,0.10737865418195724,-1.4848934412002563,-0.14419420063495636,-0.0,-0.0,-0.1595340073108673,-0.8943107724189758,-0.04448544234037399,2.9328160285949707,-0.00332721252925694,0.0,0.0,0.0,-0.04250015318393707,-0.9998122453689575,0.0,-0.99986732006073,-0.9998070001602173,-1.0001758337020874,-0.0,-0.0,-0.3946073651313782,-0.6581684350967407,-0.9468866586685181,0.298265665769577,0.1643766313791275,-0.481687992811203,0.11614355444908142,0.15053324401378632,-1.9935719966888428,0.1253807246685028,0.0,0.0,0.0,0.0,0.0,0.10000000149011612,0.0,0.10737865418195724,-1.4848934412002563,-0.14419420063495636,-0.0,-0.0,0.0,0.10737865418195724,-1.4848934412002563,-0.14419420063495636,-0.0,-0.0,-0.1595340073108673,-0.8943107724189758,-0.04448544234037399,0.017452705651521683,2.450196916470304e-05,0.0,0.0,0.0,0.005789338145405054,0.10004892200231552,0.0,0.10741472989320755,-1.4850562810897827,-0.14416742324829102,0.0,0.0,0.06892840564250946,0.3509591519832611,-1.9470815658569336,-0.2944178283214569,-0.01989131048321724,0.14634501934051514,-0.2719239592552185,-1.2700109481811523,0.05920695886015892
155,0.1253807246685028,0.0,0.0,0.0,0.0,0.0,0.10000000149011612,0.0,0.10737865418195724,-1.4848934412002563,-0.14419420063495636,-0.0,-0.0,0.0,0.10737865418195724,-1.4848934412002563,-0.14419420063495636,-0.0,-0.0,-0.16260196268558502,-0.8989127278327942,-0.04448544234037399,2.9328160285949707,-0.00332721252925694,0.0,0.0,0.0,-0.04250015318393707,-0.9998122453689575,0.0,-0.99986732006073,-0.9998070001602173,-1.0001758337020874,-0.0,-0.0,-0.3946073651313782,-0.6581684350967407,-0.9468866586685181,0.298265665769577,0.1643766313791275,-0.481687992811203,0.10861826688051224,0.13773493468761444,-1.9935719966888428,0.1253807246685028,0.0,0.0,0.0,0.0,0.0,0.10000000149011612,0.0,0.10737865418195724,-1.4848934412002563,-0.14419420063495636,-0.0,-0.0,0.0,0.10737865418195724,-1.4848934412002563,-0.14419420063495636,-0.0,-0.0,-0.16260196268558502,-0.8989127278327942,-0.04448544234037399,0.017452705651521683,2.450196916470304e-05,0.0,0.0,0.0,0.005789338145405054,0.10004892200231552,0.0,0.10741472989320755,-1.4850562810897827,-0.14416742324829102,0.0,0.0,0.06892840564250946,0.3509591519832611,-1.9470815658569336,-0.2944178283214569,-0.01989131048321724,0.14634501934051514,-0.2731747031211853,-1.2716656923294067,0.05920695886015892
156,0.1253807246685028,0.0,0.0,0.0,0.0,0.0,0.10000000149011612,0.0,0.10737865418195724,-1.4848934412002563,-0.14419420063495636,-0.0,-0.0,0.0,0.10737865418195724,-1.4848934412002563,-0.14419420063495636,-0.0,-0.0,-0.16566991806030273,-0.905048668384552,-0.041417479515075684,2.9328160285949707,-0.00332721252925694,0.0,0.0,0.0,-0.04250015318393707,-0.9998122453689575,0.0,-0.99986732006073,-0.9998070001602173,-1.0001758337020874,-0.0,-0.0,-0.3946073651313782,-0.6581684350967407,-0.9468866586685181,0.298265665769577,0.1643766313791275,-0.481687992811203,0.10109297931194305,0.12067053467035294,-1.9359041452407837,0.1253807246685028,0.0,0.0,0.0,0.0,0.0,0.10000000149011612,0.0,0.10737865418195724,-1.4848934412002563,-0.14419420063495636,-0.0,-0.0,0.0,0.10737865418195724,-1.4848934412002563,-0.14419420063495636,-0.0,-0.0,-0.16566991806030273,-0.905048668384552,-0.041417479515075684,0.017452705651521683,2.450196916470304e-05,0.0,0.0,0.0,0.005789338145405054,0.10004892200231552,0.0,0.10741472989320755,-1.4850562810897827,-0.14416742324829102,0.0,0.0,0.06892840564250946,0.3509591519832611,-1.9470815658569336,-0.2944178283214569,-0.01989131048321724,0.14634501934051514,-0.2744254767894745,-1.2738720178604126,0.05937017500400543
157,0.1253807246685028,0.0,0.0,0.0,0.0,0.0,0.10000000149011612,0.0,0.10737865418195724,-1.4848934412002563,-0.14419420063495636,-0.0,-0.0,0.0,0.10737865418195724,-1.4848934412002563,-0.14419420063495636,-0.0,-0.0,-0.16873788833618164,-0.9065826535224915,-0.041417479515075684,2.9328160285949707,-0.00332721252925694,0.0,0.0,0.0,-0.04250015318393707,-0.9998122453689575,0.0,-0.99986732006073,-0.9998070001602173,-1.0001758337020874,-0.0,-0.0,-0.3946073651313782,-0.6581684350967407,-0.9468866586685181,0.298265665769577,0.1643766313791275,-0.481687992811203,0.09356765449047089,0.11640443652868271,-1.9359041452407837,0.1253807246685028,0.0,0.0,0.0,0.0,0.0,0.10000000149011612,0.0,0.10737865418195724,-1.4848934412002563,-0.14419420063495636,-0.0,-0.0,0.0,0.10737865418195724,-1.4848934412002563,-0.14419420063495636,-0.0,-0.0,-0.16873788833618164,-0.9065826535224915,-0.041417479515075684,0.017452705651521683,2.450196916470304e-05,0.0,0.0,0.0,0.005789338145405054,0.10004892200231552,0.0,0.10741472989320755,-1.4850562810897827,-0.14416742324829102,0.0,0.0,0.06892840564250946,0.3509591519832611,-1.9470815658569336,-0.2944178283214569,-0.01989131048321724,0.14634501934051514,-0.27567625045776367,-1.274423599243164,0.05937017500400543
158,0.1253807246685028,0.0,0.0,0.0,0.0,0.0,0.10000000149011612,0.0,0.10737865418195724,-1.4848934412002563,-0.14419420063495636,-0.0,-0.0,0.0,0.10737865418195724,-1.4848934412002563,-0.14419420063495636,-0.0,-0.0,-0.18254370987415314,-0.9096506237983704,-0.03988350182771683,2.9328160285949707,-0.00332721252925694,0.0,0.0,0.0,-0.04250015318393707,-0.9998122453689575,0.0,-0.99986732006073,-0.9998070001602173,-1.0001758337020874,-0.0,-0.0,-0.3946073651313782,-0.6581684350967407,-0.9468866586685181,0.298265665769577,0.1643766313791275,-0.481687992811203,0.05970381200313568,0.10787223279476166,-1.9070701599121094,0.1253807246685028,0.0,0.0,0.0,0.0,0.0,0.10000000149011612,0.0,0.10737865418195724,-1.4848934412002563,-0.14419420063495636,-0.0,-0.0,0.0,0.10737865418195724,-1.4848934412002563,-0.14419420063495636,-0.0,-0.0,-0.18254370987415314,-0.9096506237983704,-0.03988350182771683,0.017452705651521683,2.450196916470304e-05,0.0,0.0,0.0,0.005789338145405054,0.10004892200231552,0.0,0.10741472989320755,-1.4850562810897827,-0.14416742324829102,0.0,0.0,0.06892840564250946,0.3509591519832611,-1.9470815658569336,-0.2944178283214569,-0.01989131048321724,0.14634501934051514,-0.2813046872615814,-1.275526762008667,0.05945178493857384
159,0.1253807246685028,0.0,0.0,0.0,0.0,0.0,0.10000000149011612,0.0,0.10737865418195724,-1.4848934412002563,-0.14419420063495636,-0.0,-0.0,0.0,0.10737865418195724,-1.4848934412002563,-0.14419420063495636,-0.0,-0.0,-0.1902136206626892,-0.9127185940742493,-0.03988350182771683,2.9328160285949707,-0.00332721252925694,0.0,0.0,0.0,-0.04250015318393707,-0.9998122453689575,0.0,-0.99986732006073,-0.9998070001602173,-1.0001758337020874,-0.0,-0.0,-0.3946073651313782,-0.6581684350967407,-0.9468866586685181,0.298265665769577,0.1643766313791275,-0.481687992811203,0.04089054465293884,0.0993400290608406,-1.9070701599121094,0.1253807246685028,0.0,0.0,0.0,0.0,0.0,0.10000000149011612,0.0,0.10737865418195724,-1.4848934412002563,-0.14419420063495636,-0.0,-0.0,0.0,0.10737865418195724,-1.4848934412002563,-0.14419420063495636,-0.0,-0.0,-0.1902136206626892,-0.9127185940742493,-0.03988350182771683,0.017452705651521683,2.450196916470304e-05,0.0,0.0,0.0,0.005789338145405054,0.10004892200231552,0.0,0.10741472989320755,-1.4850562810897827,-0.14416742324829102,0.0,0.0,0.06892840564250946,0.3509591519832611,-1.9470815658569336,-0.2944178283214569,-0.01989131048321724,0.14634501934051514,-0.2844316065311432,-1.27662992477417,0.05945178493857384
160,0.1253807246685028,0.0,0.0,0.0,0.0,0.0,0.10000000149011612,0.0,0.10737865418195724,-1.4848934412002563,-0.14419420063495636,-0.0,-0.0,0.0,0.10737865418195724,-1.4848934412002563,-0.14419420063495636,-0.0,-0.0,-0.19941750168800354,-0.9142525792121887,-0.03834952041506767,2.9328160285949707,-0.00332721252925694,0.0,0.0,0.0,-0.04250015318393707,-0.9998122453689575,0.0,-0.99986732006073,-0.9998070001602173,-1.0001758337020874,-0.0,-0.0,-0.3946073651313782,-0.6581684350967407,-0.9468866586685181,0.298265665769577,0.1643766313791275,-0.481687992811203,0.018314648419618607,0.09507392346858978,-1.8782362937927246,0.1253807246685028,0.0,0.0,0.0,0.0,0.0,0.10000000149011612,0.0,0.10737865418195724,-1.4848934412002563,-0.14419420063495636,-0.0,-0.0,0.0,0.10737865418195724,-1.4848934412002563,-0.14419420063495636,-0.0,-0.0,-0.19941750168800354,-0.9142525792121887,-0.03834952041506767,0.017452705651521683,2.450196916470304e-05,0.0,0.0,0.0,0.005789338145405054,0.10004892200231552,0.0,0.10741472989320755,-1.4850562810897827,-0.14416742324829102,0.0,0.0,0.06892840564250946,0.3509591519832611,-1.9470815658569336,-0.2944178283214569,-0.01989131048321724,0.14634501934051514,-0.28818389773368835,-1.277181625366211,0.059533391147851944
161,0.1253807246685028,0.0,0.0,0.0,0.0,0.0,0.10000000149011612,0.0,0.10737865418195724,-1.4848934412002563,-0.14419420063495636,-0.0,-0.0,0.0,0.10737865418195724,-1.4848934412002563,-0.14419420063495636,-0.0,-0.0,-0.23009711503982544,-0.9173204898834229,-0.04295146092772484,2.9328160285949707,-0.00332721252925694,0.0,0.0,0.0,-0.04250015318393707,-0.9998122453689575,0.0,-0.99986732006073,-0.9998070001602173,-1.0001758337020874,-0.0,-0.0,-0.3946073651313782,-0.6581684350967407,-0.9468866586685181,0.298265665769577,0.1643766313791275,-0.481687992811203,-0.05693836137652397,0.08654189109802246,-1.964738130569458,0.1253807246685028,0.0,0.0,0.0,0.0,0.0,0.10000000149011612,0.0,0.10737865418195724,-1.4848934412002563,-0.14419420063495636,-0.0,-0.0,0.0,0.10737865418195724,-1.4848934412002563,-0.14419420063495636,-0.0,-0.0,-0.23009711503982544,-0.9173204898834229,-0.04295146092772484,0.017452705651521683,2.450196916470304e-05,0.0,0.0,0.0,0.005789338145405054,0.10004892200231552,0.0,0.10741472989320755,-1.4850562810897827,-0.14416742324829102,0.0,0.0,0.06892840564250946,0.3509591519832611,-1.9470815658569336,-0.2944178283214569,-0.01989131048321724,0.14634501934051514,-0.30069154500961304,-1.2782846689224243,0.05928856506943703
162,0.12541276216506958,0.0,0.0,0.0,0.0,0.0,0.10000000149011612,0.0,0.10737865418195724,-1.4848934412002563,-0.14419420063495636,-0.0,-0.0,0.0,0.10737865418195724,-1.4848934412002563,-0.14419420063495636,-0.0,-0.0,-0.25770875811576843,-0.9188544750213623,-0.03988350182771683,2.9336493015289307,-0.00332721252925694,0.0,0.0,0.0,-0.04250015318393707,-0.9998122453689575,0.0,-0.99986732006073,-0.9998070001602173,-1.0001758337020874,-0.0,-0.0,-0.3946073651313782,-0.6581684350967407,-0.9468866586685181,0.298265665769577,0.1643766313791275,-0.481687992811203,-0.12466605007648468,0.08227578550577164,-1.9070701599121094,0.12541276216506958,0.0,0.0,0.0,0.0,0.0,0.10000000149011612,0.0,0.10737865418195724,-1.4848934412002563,-0.14419420063495636,-0.0,-0.0,0.0,0.10737865418195724,-1.4848934412002563,-0.14419420063495636,-0.0,-0.0,-0.25770875811576843,-0.9188544750213623,-0.03988350182771683,0.017453936859965324,2.450196916470304e-05,0.0,0.0,0.0,0.005789338145405054,0.10004892200231552,0.0,0.10741472989320755,-1.4850562810897827,-0.14416742324829102,0.0,0.0,0.06892840564250946,0.3509591519832611,-1.9470815658569336,-0.2944178283214569,-0.01989131048321724,0.14634501934051514,-0.31194841861724854,-1.2788362503051758,0.05945178493857384
163,0.12541276216506958,0.0,0.0,0.0,0.0,0.0,0.10000000149011612,0.0,0.10737865418195724,-1.4848934412002563,-0.14419420063495636,-0.0,-0.0,0.0,0.10737865418195724,-1.4848934412002563,-0.14419420063495636,-0.0,-0.0,-0.28071847558021545,-0.9188544750213623,-0.03681553900241852,2.9336493015289307,-0.00332721252925694,0.0,0.0,0.0,-0.04250015318393707,-0.9998122453689575,0.0,-0.99986732006073,-0.9998070001602173,-1.0001758337020874,-0.0,-0.0,-0.3946073651313782,-0.6581684350967407,-0.9468866586685181,0.298265665769577,0.1643766313791275,-0.481687992811203,-0.1811058223247528,0.08227578550577164,-1.8494024276733398,0.12541276216506958,0.0,0.0,0.0,0.0,0.0,0.10000000149011612,0.0,0.10737865418195724,-1.4848934412002563,-0.14419420063495636,-0.0,-0.0,0.0,0.10737865418195724,-1.4848934412002563,-0.14419420063495636,-0.0,-0.0,-0.28071847558021545,-0.9188544750213623,-0.03681553900241852,0.017453936859965324,2.450196916470304e-05,0.0,0.0,0.0,0.005789338145405054,0.10004892200231552,0.0,0.10741472989320755,-1.4850562810897827,-0.14416742324829102,0.0,0.0,0.06892840564250946,0.3509591519832611,-1.9470815658569336,-0.2944178283214569,-0.01989131048321724,0.14634501934051514,-0.32132917642593384,-1.2788362503051758,0.05961500108242035
164,0.1251884549856186,0.0,0.0,0.0,0.0,0.0,0.10000000149011612,0.0,0.10737865418195724,-1.4848934412002563,-0.14419420063495636,-0.0,-0.0,0.0,0.10737865418195724,-1.4848934412002563,-0.14419420063495636,-0.0,-0.0,-0.2929903268814087,-0.9188544750213623,-0.03834952041506767,2.927814483642578,-0.00332721252925694,0.0,0.0,0.0,-0.04250015318393707,-0.9998122453689575,0.0,-0.99986732006073,-0.9998070001602173,-1.0001758337020874,-0.0,-0.0,-0.3946073651313782,-0.6581684350967407,-0.9468866586685181,0.298265665769577,0.1643766313791275,-0.481687992811203,-0.21120703220367432,0.08227578550577164,-1.8782362937927246,0.1251884549856186,0.0,0.0,0.0,0.0,0.0,0.10000000149011612,0.0,0.10737865418195724,-1.4848934412002563,-0.14419420063495636,-0.0,-0.0,0.0,0.10737865418195724,-1.4848934412002563,-0.14419420063495636,-0.0,-0.0,-0.2929903268814087,-0.9188544750213623,-0.03834952041506767,0.017445312812924385,2.450196916470304e-05,0.0,0.0,0.0,0.005789338145405054,0.10004892200231552,0.0,0.10741472989320755,-1.4850562810897827,-0.14416742324829102,0.0,0.0,0.06892840564250946,0.3509591519832611,-1.9470815658569336,-0.2944178283214569,-0.01989131048321724,0.14634501934051514,-0.3263322412967682,-1.2788362503051758,0.059533391147851944
165,0.12507401406764984,0.0,0.0,0.0,0.0,0.0,0.10000000149011612,0.0,0.10737865418195724,-1.4848934412002563,-0.14419420063495636,-0.0,-0.0,0.0,0.10737865418195724,-1.4848934412002563,-0.14419420063495636,-0.0,-0.0,-0.302194207906723,-0.9188544750213623,-0.03834952041506767,2.924837827682495,-0.00332721252925694,0.0,0.0,0.0,-0.04250015318393707,-0.9998122453689575,0.0,-0.99986732006073,-0.9998070001602173,-1.0001758337020874,-0.0,-0.0,-0.3946073651313782,-0.6581684350967407,-0.9468866586685181,0.298265665769577,0.1643766313791275,-0.481687992811203,-0.23378293216228485,0.08227578550577164,-1.8782362937927246,0.12507401406764984,0.0,0.0,0.0,0.0,0.0,0.10000000149011612,0.0,0.10737865418195724,-1.4848934412002563,-0.14419420063495636,-0.0,-0.0,0.0,0.10737865418195724,-1.4848934412002563,-0.14419420063495636,-0.0,-0.0,-0.302194207906723,-0.9188544750213623,-0.03834952041506767,0.0174409132450819,2.450196916470304e-05,0.0,0.0,0.0,0.005789338145405054,0.10004892200231552,0.0,0.10741472989320755,-1.4850562810897827,-0.14416742324829102,0.0,0.0,0.06892840564250946,0.3509591519832611,-1.9470815658569336,-0.2944178283214569,-0.01989131048321724,0.14634501934051514,-0.33008453249931335,-1.2788362503051758,0.059533391147851944
166,0.12507401406764984,0.0,0.0,0.0,0.0,0.0,0.10000000149011612,0.0,0.10737865418195724,-1.4848934412002563,-0.14419420063495636,-0.0,-0.0,0.0,0.10737865418195724,-1.4848934412002563,-0.14419420063495636,-0.0,-0.0,-0.3098641335964203,-0.9173204898834229,-0.03988350182771683,2.924837827682495,-0.00332721252925694,0.0,0.0,0.0,-0.04250015318393707,-0.9998122453689575,0.0,-0.99986732006073,-0.9998070001602173,-1.0001758337020874,-0.0,-0.0,-0.3946073651313782,-0.6581684350967407,-0.9468866586685181,0.298265665769577,0.1643766313791275,-0.481687992811203,-0.2525962293148041,0.08654189109802246,-1.9070701599121094,0.12507401406764984,0.0,0.0,0.0,0.0,0.0,0.10000000149011612,0.0,0.10737865418195724,-1.4848934412002563,-0.14419420063495636,-0.0,-0.0,0.0,0.10737865418195724,-1.4848934412002563,-0.14419420063495636,-0.0,-0.0,-0.3098641335964203,-0.9173204898834229,-0.03988350182771683,0.0174409132450819,2.450196916470304e-05,0.0,0.0,0.0,0.005789338145405054,0.10004892200231552,0.0,0.10741472989320755,-1.4850562810897827,-0.14416742324829102,0.0,0.0,0.06892840564250946,0.3509591519832611,-1.9470815658569336,-0.2944178283214569,-0.01989131048321724,0.14634501934051514,-0.3332114815711975,-1.2782846689224243,0.05945178493857384
167,0.12507401406764984,0.0,0.0,0.0,0.0,0.0,0.10000000149011612,0.0,0.10737865418195724,-1.4848934412002563,-0.14419420063495636,-0.0,-0.0,0.0,0.10737865418195724,-1.4848934412002563,-0.14419420063495636,-0.0,-0.0,-0.3098641335964203,-0.9173204898834229,-0.04295146092772484,2.924837827682495,-0.00332721252925694,0.0,0.0,0.0,-0.04250015318393707,-0.9998122453689575,0.0,-0.99986732006073,-0.9998070001602173,-1.0001758337020874,-0.0,-0.0,-0.3946073651313782,-0.6581684350967407,-0.9468866586685181,0.298265665769577,0.1643766313791275,-0.481687992811203,-0.2525962293148041,0.08654189109802246,-1.964738130569458,0.12507401406764984,0.0,0.0,0.0,0.0,0.0,0.10000000149011612,0.0,0.10737865418195724,-1.4848934412002563,-0.14419420063495636,-0.0,-0.0,0.0,0.10737865418195724,-1.4848934412002563,-0.14419420063495636,-0.0,-0.0,-0.3098641335964203,-0.9173204898834229,-0.04295146092772484,0.0174409132450819,2.450196916470304e-05,0.0,0.0,0.0,0.005789338145405054,0.10004892200231552,0.0,0.10741472989320755,-1.4850562810897827,-0.14416742324829102,0.0,0.0,0.06892840564250946,0.3509591519832611,-1.9470815658569336,-0.2944178283214569,-0.01989131048321724,0.14634501934051514,-0.3332114815711975,-1.2782846689224243,0.05928856506943703
168,0.12467574328184128,0.0,0.0,0.0,0.0,0.0,0.10000000149011612,0.0,0.10737865418195724,-1.4848934412002563,-0.14419420063495636,-0.0,-0.0,0.0,0.10737865418195724,-1.4848934412002563,-0.14419420063495636,-0.0,-0.0,-0.3067961633205414,-0.9173204898834229,-0.04448544234037399,2.914477825164795,-0.00332721252925694,0.0,0.0,0.0,-0.04250015318393707,-0.9998122453689575,0.0,-0.99986732006073,-0.9998070001602173,-1.0001758337020874,-0.0,-0.0,-0.3946073651313782,-0.6581684350967407,-0.9468866586685181,0.298265665769577,0.1643766313791275,-0.481687992811203,-0.2450709193944931,0.08654189109802246,-1.9935719966888428,0.12467574328184128,0.0,0.0,0.0,0.0,0.0,0.10000000149011612,0.0,0.10737865418195724,-1.4848934412002563,-0.14419420063495636,-0.0,-0.0,0.0,0.10737865418195724,-1.4848934412002563,-0.14419420063495636,-0.0,-0.0,-0.3067961633205414,-0.9173204898834229,-0.04448544234037399,0.017425602301955223,2.450196916470304e-05,0.0,0.0,0.0,0.005789338145405054,0.10004892200231552,0.0,0.10741472989320755,-1.4850562810897827,-0.14416742324829102,0.0,0.0,0.06892840564250946,0.3509591519832611,-1.9470815658569336,-0.2944178283214569,-0.01989131048321724,0.14634501934051514,-0.33196067810058594,-1.2782846689224243,0.05920695886015892
169,0.12439191341400146,0.0,0.0,0.0,0.0,0.0,0.10000000149011612,0.0,0.10737865418195724,-1.4848934412002563,-0.14419420063495636,-0.0,-0.0,0.0,0.10737865418195724,-1.4848934412002563,-0.14419420063495636,-0.0,-0.0,-0.2960582971572876,-0.9188544750213623,-0.04601942375302315,2.907094955444336,-0.00332721252925694,0.0,0.0,0.0,-0.04250015318393707,-0.9998122453689575,0.0,-0.99986732006073,-0.9998070001602173,-1.0001758337020874,-0.0,-0.0,-0.3946073651313782,-0.6581684350967407,-0.9468866586685181,0.298265665769577,0.1643766313791275,-0.481687992811203,-0.21873235702514648,0.08227578550577164,-2.0224061012268066,0.12439191341400146,0.0,0.0,0.0,0.0,0.0,0.10000000149011612,0.0,0.10737865418195724,-1.4848934412002563,-0.14419420063495636,-0.0,-0.0,0.0,0.10737865418195724,-1.4848934412002563,-0.14419420063495636,-0.0,-0.0,-0.2960582971572876,-0.9188544750213623,-0.04601942375302315,0.017414690926671028,2.450196916470304e-05,0.0,0.0,0.0,0.005789338145405054,0.10004892200231552,0.0,0.10741472989320755,-1.4850562810897827,-0.14416742324829102,0.0,0.0,0.06892840564250946,0.3509591519832611,-1.9470815658569336,-0.2944178283214569,-0.01989131048321724,0.14634501934051514,-0.3275830149650574,-1.2788362503051758,0.059125348925590515
170,0.12439191341400146,0.0,0.0,0.0,0.0,0.0,0.10000000149011612,0.0,0.10737865418195724,-1.4848934412002563,-0.14419420063495636,-0.0,-0.0,0.0,0.10737865418195724,-1.4848934412002563,-0.14419420063495636,-0.0,-0.0,-0.2761165499687195,-0.9142525792121887,-0.05215534567832947,2.907094955444336,-0.00332721252925694,0.0,0.0,0.0,-0.04250015318393707,-0.9998122453689575,0.0,-0.99986732006073,-0.9998070001602173,-1.0001758337020874,-0.0,-0.0,-0.3946073651313782,-0.6581684350967407,-0.9468866586685181,0.298265665769577,0.1643766313791275,-0.481687992811203,-0.16981790959835052,0.09507392346858978,-2.137741804122925,0.12439191341400146,0.0,0.0,0.0,0.0,0.0,0.10000000149011612,0.0,0.10737865418195724,-1.4848934412002563,-0.14419420063495636,-0.0,-0.0,0.0,0.10737865418195724,-1.4848934412002563,-0.14419420063495636,-0.0,-0.0,-0.2761165499687195,-0.9142525792121887,-0.05215534567832947,0.017414690926671028,2.450196916470304e-05,0.0,0.0,0.0,0.005789338145405054,0.10004892200231552,0.0,0.10741472989320755,-1.4850562810897827,-0.14416742324829102,0.0,0.0,0.06892840564250946,0.3509591519832611,-1.9470815658569336,-0.2944178283214569,-0.01989131048321724,0.14634501934051514,-0.31945303082466125,-1.277181625366211,0.05879891663789749
171,0.12423627078533173,0.0,0.0,0.0,0.0,0.0,0.10000000149011612,0.0,0.10737865418195724,-1.4848934412002563,-0.14419420063495636,-0.0,-0.0,0.0,0.10737865418195724,-1.4848934412002563,-0.14419420063495636,-0.0,-0.0,-0.2653786838054657,-0.9142525792121887,-0.05522330850362778,2.9030463695526123,-0.00332721252925694,0.0,0.0,0.0,-0.04250015318393707,-0.9998122453689575,0.0,-0.99986732006073,-0.9998070001602173,-1.0001758337020874,-0.0,-0.0,-0.3946073651313782,-0.6581684350967407,-0.9468866586685181,0.298265665769577,0.1643766313791275,-0.481687992811203,-0.1434793472290039,0.09507392346858978,-2.1954095363616943,0.12423627078533173,0.0,0.0,0.0,0.0,0.0,0.10000000149011612,0.0,0.10737865418195724,-1.4848934412002563,-0.14419420063495636,-0.0,-0.0,0.0,0.10737865418195724,-1.4848934412002563,-0.14419420063495636,-0.0,-0.0,-0.2653786838054657,-0.9142525792121887,-0.05522330850362778,0.0174087081104517,2.450196916470304e-05,0.0,0.0,0.0,0.005789338145405054,0.10004892200231552,0.0,0.10741472989320755,-1.4850562810897827,-0.14416742324829102,0.0,0.0,0.06892840564250946,0.3509591519832611,-1.9470815658569336,-0.2944178283214569,-0.01989131048321724,0.14634501934051514,-0.3150753676891327,-1.277181625366211,0.05863569676876068
172,0.12423627078533173,0.0,0.0,0.0,0.0,0.0,0.10000000149011612,0.0,0.10737865418195724,-1.4848934412002563,-0.14419420063495636,-0.0,-0.0,0.0,0.10737865418195724,-1.4848934412002563,-0.14419420063495636,-0.0,-0.0,-0.25003886222839355,-0.9127185940742493,-0.05368932709097862,2.9030463695526123,-0.00332721252925694,0.0,0.0,0.0,-0.04250015318393707,-0.9998122453689575,0.0,-0.99986732006073,-0.9998070001602173,-1.0001758337020874,-0.0,-0.0,-0.3946073651313782,-0.6581684350967407,-0.9468866586685181,0.298265665769577,0.1643766313791275,-0.481687992811203,-0.10585281252861023,0.0993400290608406,-2.1665756702423096,0.12423627078533173,0.0,0.0,0.0,0.0,0.0,0.10000000149011612,0.0,0.10737865418195724,-1.4848934412002563,-0.14419420063495636,-0.0,-0.0,0.0,0.10737865418195724,-1.4848934412002563,-0.14419420063495636,-0.0,-0.0,-0.25003886222839355,-0.9127185940742493,-0.05368932709097862,0.0174087081104517,2.450196916470304e-05,0.0,0.0,0.0,0.005789338145405054,0.10004892200231552,0.0,0.10741472989320755,-1.4850562810897827,-0.14416742324829102,0.0,0.0,0.06892840564250946,0.3509591519832611,-1.9470815658569336,-0.2944178283214569,-0.01989131048321724,0.14634501934051514,-0.30882152915000916,-1.27662992477417,0.058717306703329086
173,0.12423627078533173,0.0,0.0,0.0,0.0,0.0,0.10000000149011612,0.0,0.10737865418195724,-1.4848934412002563,-0.14419420063495636,-0.0,-0.0,0.0,0.10737865418195724,-1.4848934412002563,-0.14419420063495636,-0.0,-0.0,-0.24697090685367584,-0.9111846089363098,-0.05368932709097862,2.9030463695526123,-0.00332721252925694,0.0,0.0,0.0,-0.04250015318393707,-0.9998122453689575,0.0,-0.99986732006073,-0.9998070001602173,-1.0001758337020874,-0.0,-0.0,-0.3946073651313782,-0.6581684350967407,-0.9468866586685181,0.298265665769577,0.1643766313791275,-0.481687992811203,-0.09832752496004105,0.10360612720251083,-2.1665756702423096,0.12423627078533173,0.0,0.0,0.0,0.0,0.0,0.10000000149011612,0.0,0.10737865418195724,-1.4848934412002563,-0.14419420063495636,-0.0,-0.0,0.0,0.10737865418195724,-1.4848934412002563,-0.14419420063495636,-0.0,-0.0,-0.24697090685367584,-0.9111846089363098,-0.05368932709097862,0.0174087081104517,2.450196916470304e-05,0.0,0.0,0.0,0.005789338145405054,0.10004892200231552,0.0,0.10741472989320755,-1.4850562810897827,-0.14416742324829102,0.0,0.0,0.06892840564250946,0.3509591519832611,-1.9470815658569336,-0.2944178283214569,-0.01989131048321724,0.14634501934051514,-0.30757075548171997,-1.2760783433914185,0.058717306703329086
174,0.12423627078533173,0.0,0.0,0.0,0.0,0.0,0.10000000149011612,0.0,0.10737865418195724,-1.4848934412002563,-0.14419420063495636,-0.0,-0.0,0.0,0.10737865418195724,-1.4848934412002563,-0.14419420063495636,-0.0,-0.0,-0.24236896634101868,-0.9096506237983704,-0.05215534567832947,2.9030463695526123,-0.00332721252925694,0.0,0.0,0.0,-0.04250015318393707,-0.9998122453689575,0.0,-0.99986732006073,-0.9998070001602173,-1.0001758337020874,-0.0,-0.0,-0.3946073651313782,-0.6581684350967407,-0.9468866586685181,0.298265665769577,0.1643766313791275,-0.481687992811203,-0.08703958243131638,0.10787223279476166,-2.137741804122925,0.12423627078533173,0.0,0.0,0.0,0.0,0.0,0.10000000149011612,0.0,0.10737865418195724,-1.4848934412002563,-0.14419420063495636,-0.0,-0.0,0.0,0.10737865418195724,-1.4848934412002563,-0.14419420063495636,-0.0,-0.0,-0.24236896634101868,-0.9096506237983704,-0.05215534567832947,0.0174087081104517,2.450196916470304e-05,0.0,0.0,0.0,0.005789338145405054,0.10004892200231552,0.0,0.10741472989320755,-1.4850562810897827,-0.14416742324829102,0.0,0.0,0.06892840564250946,0.3509591519832611,-1.9470815658569336,-0.2944178283214569,-0.01989131048321724,0.14634501934051514,-0.3056946098804474,-1.275526762008667,0.05879891663789749
175,0.1240394338965416,0.0,0.0,0.0,0.0,0.0,0.10000000149011612,0.0,0.10737865418195724,-1.4848934412002563,-0.14419420063495636,-0.0,-0.0,0.0,0.10737865418195724,-1.4848934412002563,-0.14419420063495636,-0.0,-0.0,-0.24083498120307922,-0.9111846089363098,-0.05062136426568031,2.897926092147827,-0.00332721252925694,0.0,0.0,0.0,-0.04250015318393707,-0.9998122453689575,0.0,-0.99986732006073,-0.9998070001602173,-1.0001758337020874,-0.0,-0.0,-0.3946073651313782,-0.6581684350967407,-0.9468866586685181,0.298265665769577,0.1643766313791275,-0.481687992811203,-0.08327692002058029,0.10360612720251083,-2.10890793800354,0.1240394338965416,0.0,0.0,0.0,0.0,0.0,0.10000000149011612,0.0,0.10737865418195724,-1.4848934412002563,-0.14419420063495636,-0.0,-0.0,0.0,0.10737865418195724,-1.4848934412002563,-0.14419420063495636,-0.0,-0.0,-0.24083498120307922,-0.9111846089363098,-0.05062136426568031,0.017401140183210373,2.450196916470304e-05,0.0,0.0,0.0,0.005789338145405054,0.10004892200231552,0.0,0.10741472989320755,-1.4850562810897827,-0.14416742324829102,0.0,0.0,0.06892840564250946,0.3509591519832611,-1.9470815658569336,-0.2944178283214569,-0.01989131048321724,0.14634501934051514,-0.305069237947464,-1.2760783433914185,0.0588805228471756
176,0.12421796470880508,0.0,0.0,0.0,0.0,0.0,0.10000000149011612,0.0,0.10737865418195724,-1.4848934412002563,-0.14419420063495636,-0.0,-0.0,0.0,0.10737865418195724,-1.4848934412002563,-0.14419420063495636,-0.0,-0.0,-0.24236896634101868,-0.9111846089363098,-0.04908738657832146,2.9025700092315674,-0.00332721252925694,0.0,0.0,0.0,-0.04250015318393707,-0.9998122453689575,0.0,-0.99986732006073,-0.9998070001602173,-1.0001758337020874,-0.0,-0.0,-0.3946073651313782,-0.6581684350967407,-0.9468866586685181,0.298265665769577,0.1643766313791275,-0.481687992811203,-0.08703958243131638,0.10360612720251083,-2.080073833465576,0.12421796470880508,0.0,0.0,0.0,0.0,0.0,0.10000000149011612,0.0,0.10737865418195724,-1.4848934412002563,-0.14419420063495636,-0.0,-0.0,0.0,0.10737865418195724,-1.4848934412002563,-0.14419420063495636,-0.0,-0.0,-0.24236896634101868,-0.9111846089363098,-0.04908738657832146,0.01740800403058529,2.450196916470304e-05,0.0,0.0,0.0,0.005789338145405054,0.10004892200231552,0.0,0.10741472989320755,-1.4850562810897827,-0.14416742324829102,0.0,0.0,0.06892840564250946,0.3509591519832611,-1.9470815658569336,-0.2944178283214569,-0.01989131048321724,0.14634501934051514,-0.3056946098804474,-1.2760783433914185,0.058962132781744
177,0.12421796470880508,0.0,0.0,0.0,0.0,0.0,0.10000000149011612,0.0,0.10737865418195724,-1.4848934412002563,-0.14419420063495636,-0.0,-0.0,0.0,0.10737865418195724,-1.4848934412002563,-0.14419420063495636,-0.0,-0.0,-0.2454369217157364,-0.9096506237983704,-0.0475534051656723,2.9025700092315674,-0.00332721252925694,0.0,0.0,0.0,-0.04250015318393707,-0.9998122453689575,0.0,-0.99986732006073,-0.9998070001602173,-1.0001758337020874,-0.0,-0.0,-0.3946073651313782,-0.6581684350967407,-0.9468866586685181,0.298265665769577,0.1643766313791275,-0.481687992811203,-0.09456486254930496,0.10787223279476166,-2.0512399673461914,0.12421796470880508,0.0,0.0,0.0,0.0,0.0,0.10000000149011612,0.0,0.10737865418195724,-1.4848934412002563,-0.14419420063495636,-0.0,-0.0,0.0,0.10737865418195724,-1.4848934412002563,-0.14419420063495636,-0.0,-0.0,-0.2454369217157364,-0.9096506237983704,-0.0475534051656723,0.01740800403058529,2.450196916470304e-05,0.0,0.0,0.0,0.005789338145405054,0.10004892200231552,0.0,0.10741472989320755,-1.4850562810897827,-0.14416742324829102,0.0,0.0,0.06892840564250946,0.3509591519832611,-1.9470815658569336,-0.2944178283214569,-0.01989131048321724,0.14634501934051514,-0.3069453835487366,-1.275526762008667,0.05904373899102211
178,0.12421796470880508,0.0,0.0,0.0,0.0,0.0,0.10000000149011612,0.0,0.10737865418195724,-1.4848934412002563,-0.14419420063495636,-0.0,-0.0,0.0,0.10737865418195724,-1.4848934412002563,-0.14419420063495636,-0.0,-0.0,-0.24697090685367584,-0.9081166386604309,-0.04601942375302315,2.9025700092315674,-0.00332721252925694,0.0,0.0,0.0,-0.04250015318393707,-0.9998122453689575,0.0,-0.99986732006073,-0.9998070001602173,-1.0001758337020874,-0.0,-0.0,-0.3946073651313782,-0.6581684350967407,-0.9468866586685181,0.298265665769577,0.1643766313791275,-0.481687992811203,-0.09832752496004105,0.11213833093643188,-2.0224061012268066,0.12421796470880508,0.0,0.0,0.0,0.0,0.0,0.10000000149011612,0.0,0.10737865418195724,-1.4848934412002563,-0.14419420063495636,-0.0,-0.0,0.0,0.10737865418195724,-1.4848934412002563,-0.14419420063495636,-0.0,-0.0,-0.24697090685367584,-0.9081166386604309,-0.04601942375302315,0.01740800403058529,2.450196916470304e-05,0.0,0.0,0.0,0.005789338145405054,0.10004892200231552,0.0,0.10741472989320755,-1.4850562810897827,-0.14416742324829102,0.0,0.0,0.06892840564250946,0.3509591519832611,-1.9470815658569336,-0.2944178283214569,-0.01989131048321724,0.14634501934051514,-0.30757075548171997,-1.2749751806259155,0.059125348925590515
179,0.12421796470880508,0.0,0.0,0.0,0.0,0.0,0.10000000149011612,0.0,0.10737865418195724,-1.4848934412002563,-0.14419420063495636,-0.0,-0.0,0.0,0.10737865418195724,-1.4848934412002563,-0.14419420063495636,-0.0,-0.0,-0.2546408176422119,-0.9081166386604309,-0.04448544234037399,2.9025700092315674,-0.00332721252925694,0.0,0.0,0.0,-0.04250015318393707,-0.9998122453689575,0.0,-0.99986732006073,-0.9998070001602173,-1.0001758337020874,-0.0,-0.0,-0.3946073651313782,-0.6581684350967407,-0.9468866586685181,0.298265665769577,0.1643766313791275,-0.481687992811203,-0.11714079976081848,0.11213833093643188,-1.9935719966888428,0.12421796470880508,0.0,0.0,0.0,0.0,0.0,0.10000000149011612,0.0,0.10737865418195724,-1.4848934412002563,-0.14419420063495636,-0.0,-0.0,0.0,0.10737865418195724,-1.4848934412002563,-0.14419420063495636,-0.0,-0.0,-0.2546408176422119,-0.9081166386604309,-0.04448544234037399,0.01740800403058529,2.450196916470304e-05,0.0,0.0,0.0,0.005789338145405054,0.10004892200231552,0.0,0.10741472989320755,-1.4850562810897827,-0.14416742324829102,0.0,0.0,0.06892840564250946,0.3509591519832611,-1.9470815658569336,-0.2944178283214569,-0.01989131048321724,0.14634501934051514,-0.31069767475128174,-1.2749751806259155,0.05920695886015892
180,0.12421796470880508,0.0,0.0,0.0,0.0,0.3346201777458191,0.10000000149011612,0.0,0.10737865418195724,-1.4848934412002563,-0.14419420063495636,-0.0,-0.0,0.0,0.10737865418195724,-1.4848934412002563,-0.14419420063495636,-0.0,-0.0,-0.26384469866752625,-0.9111846089363098,-0.04601942375302315,2.9025700092315674,-0.00332721252925694,0.0,0.0,0.0,2.413982391357422,-0.9998122453689575,0.0,-0.99986732006073,-0.9998070001602173,-1.0001758337020874,-0.0,-0.0,-0.3946073651313782,-0.6581684350967407,-0.9468866586685181,0.298265665769577,0.1643766313791275,-0.481687992811203,-0.13971668481826782,0.10360612720251083,-2.0224061012268066,0.12421796470880508,0.0,0.0,0.0,0.0,0.3346201777458191,0.10000000149011612,0.0,0.10737865418195724,-1.4848934412002563,-0.14419420063495636,-0.0,-0.0,0.0,0.10737865418195724,-1.4848934412002563,-0.14419420063495636,-0.0,-0.0,-0.26384469866752625,-0.9111846089363098,-0.04601942375302315,0.01740800403058529,2.450196916470304e-05,0.0,0.0,0.0,0.05137104541063309,0.10004892200231552,0.0,0.10741472989320755,-1.4850562810897827,-0.14416742324829102,0.0,0.0,0.06892840564250946,0.3509591519832611,-1.9470815658569336,-0.2944178283214569,-0.01989131048321724,0.14634501934051514,-0.3144499659538269,-1.2760783433914185,0.059125348925590515
181,0.12419965118169785,0.0,0.0,0.0,0.0,0.37607961893081665,0.10000000149011612,0.0,0.10737865418195724,-1.4848934412002563,-0.14419420063495636,-0.0,-0.0,0.0,0.10737865418195724,-1.4848934412002563,-0.14419420063495636,-0.0,-0.0,-0.26998060941696167,-0.9157865047454834,-0.04601942375302315,2.9020936489105225,-0.00332721252925694,0.0,0.0,0.0,2.7183406352996826,-0.9998122453689575,0.0,-0.99986732006073,-0.9998070001602173,-1.0001758337020874,-0.0,-0.0,-0.3946073651313782,-0.6581684350967407,-0.9468866586685181,0.298265665769577,0.1643766313791275,-0.481687992811203,-0.1547672599554062,0.09080798923969269,-2.0224061012268066,0.12419965118169785,0.0,0.0,0.0,0.0,0.37607961893081665,0.10000000149011612,0.0,0.10737865418195724,-1.4848934412002563,-0.14419420063495636,-0.0,-0.0,0.0,0.10737865418195724,-1.4848934412002563,-0.14419420063495636,-0.0,-0.0,-0.26998060941696167,-0.9157865047454834,-0.04601942375302315,0.01740729995071888,2.450196916470304e-05,0.0,0.0,0.0,0.05701861530542374,0.10004892200231552,0.0,0.10741472989320755,-1.4850562810897827,-0.14416742324829102,0.0,0.0,0.06892840564250946,0.3509591519832611,-1.9470815658569336,-0.2944178283214569,-0.01989131048321724,0.14634501934051514,-0.3169515132904053,-1.2777330875396729,0.059125348925590515
182,0.12419965118169785,0.0,0.0,0.0,0.0,0.3780938386917114,0.10000000149011612,0.0,0.10737865418195724,-1.4848934412002563,-0.14419420063495636,-0.0,-0.0,0.0,0.10737865418195724,-1.4848934412002563,-0.14419420063495636,-0.0,-0.0,-0.27458256483078003,-0.9188544750213623,-0.04448544234037399,2.9020936489105225,-0.00332721252925694,0.0,0.0,0.0,2.7331273555755615,-0.9998122453689575,0.0,-0.99986732006073,-0.9998070001602173,-1.0001758337020874,-0.0,-0.0,-0.3946073651313782,-0.6581684350967407,-0.9468866586685181,0.298265665769577,0.1643766313791275,-0.481687992811203,-0.16605524718761444,0.08227578550577164,-1.9935719966888428,0.12419965118169785,0.0,0.0,0.0,0.0,0.3780938386917114,0.10000000149011612,0.0,0.10737865418195724,-1.4848934412002563,-0.14419420063495636,-0.0,-0.0,0.0,0.10737865418195724,-1.4848934412002563,-0.14419420063495636,-0.0,-0.0,-0.27458256483078003,-0.9188544750213623,-0.04448544234037399,0.01740729995071888,2.450196916470304e-05,0.0,0.0,0.0,0.05729299411177635,0.10004892200231552,0.0,0.10741472989320755,-1.4850562810897827,-0.14416742324829102,0.0,0.0,0.06892840564250946,0.3509591519832611,-1.9470815658569336,-0.2944178283214569,-0.01989131048321724,0.14634501934051514,-0.31882765889167786,-1.2788362503051758,0.05920695886015892
183,0.12419965118169785,0.0,0.0,0.0,0.0,0.20877712965011597,0.10000000149011612,0.0,0.10737865418195724,-1.4848934412002563,-0.14419420063495636,-0.0,-0.0,0.0,0.10737865418195724,-1.4848934412002563,-0.14419420063495636,-0.0,-0.0,-0.279184490442276,-0.9188544750213623,-0.04448544234037399,2.9020936489105225,-0.00332721252925694,0.0,0.0,0.0,1.4901551008224487,-0.9998122453689575,0.0,-0.99986732006073,-0.9998070001602173,-1.0001758337020874,-0.0,-0.0,-0.3946073651313782,-0.6581684350967407,-0.9468866586685181,0.298265665769577,0.1643766313791275,-0.481687992811203,-0.17734315991401672,0.08227578550577164,-1.9935719966888428,0.12419965118169785,0.0,0.0,0.0,0.0,0.20877712965011597,0.10000000149011612,0.0,0.10737865418195724,-1.4848934412002563,-0.14419420063495636,-0.0,-0.0,0.0,0.10737865418195724,-1.4848934412002563,-0.14419420063495636,-0.0,-0.0,-0.279184490442276,-0.9188544750213623,-0.04448544234037399,0.01740729995071888,2.450196916470304e-05,0.0,0.0,0.0,0.03422879800200462,0.10004892200231552,0.0,0.10741472989320755,-1.4850562810897827,-0.14416742324829102,0.0,0.0,0.06892840564250946,0.3509591519832611,-1.9470815658569336,-0.2944178283214569,-0.01989131048321724,0.14634501934051514,-0.32070380449295044,-1.2788362503051758,0.05920695886015892
184,-0.0,0.0,0.0,0.0,0.0,0.0,0.10000000149011612,0.0,0.10737865418195724,-1.4848934412002563,-0.14419420063495636,-0.0,-0.0,0.0,0.10737865418195724,-1.4848934412002563,-0.14419420063495636,-0.0,-0.0,-0.28378644585609436,-0.9188544750213623,-0.04448544234037399,-0.3286009132862091,-0.00332721252925694,0.0,0.0,0.0,-0.04250015318393707,-0.9998122453689575,0.0,-0.99986732006073,-0.9998070001602173,-1.0001758337020874,-0.0,-0.0,-0.3946073651313782,-0.6581684350967407,-0.9468866586685181,0.298265665769577,0.1643766313791275,-0.481687992811203,-0.18863114714622498,0.08227578550577164,-1.9935719966888428,-0.0,0.0,0.0,0.0,0.0,0.0,0.10000000149011612,0.0,0.10737865418195724,-1.4848934412002563,-0.14419420063495636,-0.0,-0.0,0.0,0.10737865418195724,-1.4848934412002563,-0.14419420063495636,-0.0,-0.0,-0.28378644585609436,-0.9188544750213623,-0.04448544234037399,0.012632614001631737,2.450196916470304e-05,0.0,0.0,0.0,0.005789338145405054,0.10004892200231552,0.0,0.10741472989320755,-1.4850562810897827,-0.14416742324829102,0.0,0.0,0.06892840564250946,0.3509591519832611,-1.9470815658569336,-0.2944178283214569,-0.01989131048321724,0.14634501934051514,-0.322579950094223,-1.2788362503051758,0.05920695886015892
185,-0.0,0.0,0.0,0.0,0.0,0.0,0.10000000149011612,0.0,0.10737865418195724,-1.4848934412002563,-0.14419420063495636,-0.0,-0.0,0.0,0.10737865418195724,-1.4848934412002563,-0.14419420063495636,-0.0,-0.0,-0.2929903268814087,-0.9188544750213623,-0.04295146092772484,-0.3286009132862091,-0.00332721252925694,0.0,0.0,0.0,-0.04250015318393707,-0.9998122453689575,0.0,-0.99986732006073,-0.9998070001602173,-1.0001758337020874,-0.0,-0.0,-0.3946073651313782,-0.6581684350967407,-0.9468866586685181,0.298265665769577,0.1643766313791275,-0.481687992811203,-0.21120703220367432,0.08227578550577164,-1.964738130569458,-0.0,0.0,0.0,0.0,0.0,0.0,0.10000000149011612,0.0,0.10737865418195724,-1.4848934412002563,-0.14419420063495636,-0.0,-0.0,0.0,0.10737865418195724,-1.4848934412002563,-0.14419420063495636,-0.0,-0.0,-0.2929903268814087,-0.9188544750213623,-0.04295146092772484,0.012632614001631737,2.450196916470304e-05,0.0,0.0,0.0,0.005789338145405054,0.10004892200231552,0.0,0.10741472989320755,-1.4850562810897827,-0.14416742324829102,0.0,0.0,0.06892840564250946,0.3509591519832611,-1.9470815658569336,-0.2944178283214569,-0.01989131048321724,0.14634501934051514,-0.3263322412967682,-1.2788362503051758,0.05928856506943703
186,-0.0,0.0,0.0,0.0,0.0,0.0,0.10000000149011612,0.0,0.10737865418195724,-1.4848934412002563,-0.14419420063495636,-0.0,-0.0,0.0,0.10737865418195724,-1.4848934412002563,-0.14419420063495636,-0.0,-0.0,-0.3037281930446625,-0.9203884601593018,-0.041417479515075684,-0.3286009132862091,-0.00332721252925694,0.0,0.0,0.0,-0.04250015318393707,-0.9998122453689575,0.0,-0.99986732006073,-0.9998070001602173,-1.0001758337020874,-0.0,-0.0,-0.3946073651313782,-0.6581684350967407,-0.9468866586685181,0.298265665769577,0.1643766313791275,-0.481687992811203,-0.23754559457302094,0.07800968736410141,-1.9359041452407837,-0.0,0.0,0.0,0.0,0.0,0.0,0.10000000149011612,0.0,0.10737865418195724,-1.4848934412002563,-0.14419420063495636,-0.0,-0.0,0.0,0.10737865418195724,-1.4848934412002563,-0.14419420063495636,-0.0,-0.0,-0.3037281930446625,-0.9203884601593018,-0.041417479515075684,0.012632614001631737,2.450196916470304e-05,0.0,0.0,0.0,0.005789338145405054,0.10004892200231552,0.0,0.10741472989320755,-1.4850562810897827,-0.14416742324829102,0.0,0.0,0.06892840564250946,0.3509591519832611,-1.9470815658569336,-0.2944178283214569,-0.01989131048321724,0.14634501934051514,-0.33070993423461914,-1.2793878316879272,0.05937017500400543
187,-0.0,0.0,0.0,0.0,0.0,0.0,0.10000000149011612,0.0,0.10737865418195724,-1.4848934412002563,-0.14419420063495636,-0.0,-0.0,0.0,0.10737865418195724,-1.4848934412002563,-0.14419420063495636,-0.0,-0.0,-0.3098641335964203,-0.9203884601593018,-0.041417479515075684,-0.3286009132862091,-0.00332721252925694,0.0,0.0,0.0,-0.04250015318393707,-0.9998122453689575,0.0,-0.99986732006073,-0.9998070001602173,-1.0001758337020874,-0.0,-0.0,-0.3946073651313782,-0.6581684350967407,-0.9468866586685181,0.298265665769577,0.1643766313791275,-0.481687992811203,-0.2525962293148041,0.07800968736410141,-1.9359041452407837,-0.0,0.0,0.0,0.0,0.0,0.0,0.10000000149011612,0.0,0.10737865418195724,-1.4848934412002563,-0.14419420063495636,-0.0,-0.0,0.0,0.10737865418195724,-1.4848934412002563,-0.14419420063495636,-0.0,-0.0,-0.3098641335964203,-0.9203884601593018,-0.041417479515075684,0.012632614001631737,2.450196916470304e-05,0.0,0.0,0.0,0.005789338145405054,0.10004892200231552,0.0,0.10741472989320755,-1.4850562810897827,-0.14416742324829102,0.0,0.0,0.06892840564250946,0.3509591519832611,-1.9470815658569336,-0.2944178283214569,-0.01989131048321724,0.14634501934051514,-0.3332114815711975,-1.2793878316879272,0.05937017500400543
188,-0.0,0.0,0.0,0.0,0.0,0.0,0.10000000149011612,0.0,0.10737865418195724,-1.4848934412002563,-0.14419420063495636,-0.0,-0.0,0.0,0.10737865418195724,-1.4848934412002563,-0.14419420063495636,-0.0,-0.0,-0.3160000443458557,-0.9203884601593018,-0.04295146092772484,-0.3286009132862091,-0.00332721252925694,0.0,0.0,0.0,-0.04250015318393707,-0.9998122453689575,0.0,-0.99986732006073,-0.9998070001602173,-1.0001758337020874,-0.0,-0.0,-0.3946073651313782,-0.6581684350967407,-0.9468866586685181,0.298265665769577,0.1643766313791275,-0.481687992811203,-0.26764681935310364,0.07800968736410141,-1.964738130569458,-0.0,0.0,0.0,0.0,0.0,0.0,0.10000000149011612,0.0,0.10737865418195724,-1.4848934412002563,-0.14419420063495636,-0.0,-0.0,0.0,0.10737865418195724,-1.4848934412002563,-0.14419420063495636,-0.0,-0.0,-0.3160000443458557,-0.9203884601593018,-0.04295146092772484,0.012632614001631737,2.450196916470304e-05,0.0,0.0,0.0,0.005789338145405054,0.10004892200231552,0.0,0.10741472989320755,-1.4850562810897827,-0.14416742324829102,0.0,0.0,0.06892840564250946,0.3509591519832611,-1.9470815658569336,-0.2944178283214569,-0.01989131048321724,0.14634501934051514,-0.3357129693031311,-1.2793878316879272,0.05928856506943703
189,-0.0,0.0,0.0,0.0,0.0,0.3668782711029053,0.10000000149011612,0.0,0.10737865418195724,-1.4848934412002563,-0.14419420063495636,-0.0,-0.0,0.0,0.10737865418195724,-1.4848934412002563,-0.14419420063495636,-0.0,-0.0,-0.31753402948379517,-0.9203884601593018,-0.04448544234037399,-0.3286009132862091,-0.00332721252925694,0.0,0.0,0.0,2.6507925987243652,-0.9998122453689575,0.0,-0.99986732006073,-0.9998070001602173,-1.0001758337020874,-0.0,-0.0,-0.3946073651313782,-0.6581684350967407,-0.9468866586685181,0.298265665769577,0.1643766313791275,-0.481687992811203,-0.2714094817638397,0.07800968736410141,-1.9935719966888428,-0.0,0.0,0.0,0.0,0.0,0.3668782711029053,0.10000000149011612,0.0,0.10737865418195724,-1.4848934412002563,-0.14419420063495636,-0.0,-0.0,0.0,0.10737865418195724,-1.4848934412002563,-0.14419420063495636,-0.0,-0.0,-0.31753402948379517,-0.9203884601593018,-0.04448544234037399,0.012632614001631737,2.450196916470304e-05,0.0,0.0,0.0,0.055765215307474136,0.10004892200231552,0.0,0.10741472989320755,-1.4850562810897827,-0.14416742324829102,0.0,0.0,0.06892840564250946,0.3509591519832611,-1.9470815658569336,-0.2944178283214569,-0.01989131048321724,0.14634501934051514,-0.3363383710384369,-1.2793878316879272,0.05920695886015892
190,-0.0,0.0,0.0,0.0,0.0,0.4364756941795349,0.10000000149011612,0.0,0.10737865418195724,-1.4848934412002563,-0.14419420063495636,-0.0,-0.0,0.0,0.10737865418195724,-1.4848934412002563,-0.14419420063495636,-0.0,-0.0,-0.3190680146217346,-0.9203884601593018,-0.0475534051656723,-0.3286009132862091,-0.00332721252925694,0.0,0.0,0.0,3.161714792251587,-0.9998122453689575,0.0,-0.99986732006073,-0.9998070001602173,-1.0001758337020874,-0.0,-0.0,-0.3946073651313782,-0.6581684350967407,-0.9468866586685181,0.298265665769577,0.1643766313791275,-0.481687992811203,-0.2751721441745758,0.07800968736410141,-2.0512399673461914,-0.0,0.0,0.0,0.0,0.0,0.4364756941795349,0.10000000149011612,0.0,0.10737865418195724,-1.4848934412002563,-0.14419420063495636,-0.0,-0.0,0.0,0.10737865418195724,-1.4848934412002563,-0.14419420063495636,-0.0,-0.0,-0.3190680146217346,-0.9203884601593018,-0.0475534051656723,0.012632614001631737,2.450196916470304e-05,0.0,0.0,0.0,0.06524572521448135,0.10004892200231552,0.0,0.10741472989320755,-1.4850562810897827,-0.14416742324829102,0.0,0.0,0.06892840564250946,0.3509591519832611,-1.9470815658569336,-0.2944178283214569,-0.01989131048321724,0.14634501934051514,-0.3369637727737427,-1.2793878316879272,0.05904373899102211
191,-0.0,0.0,0.0,0.0,0.0,0.4378337860107422,0.10000000149011612,0.0,0.10737865418195724,-1.4848934412002563,-0.14419420063495636,-0.0,-0.0,0.0,0.10737865418195724,-1.4848934412002563,-0.14419420063495636,-0.0,-0.0,-0.3236699402332306,-0.9219224452972412,-0.04601942375302315,-0.3286009132862091,-0.00332721252925694,0.0,0.0,0.0,3.171684503555298,-0.9998122453689575,0.0,-0.99986732006073,-0.9998070001602173,-1.0001758337020874,-0.0,-0.0,-0.3946073651313782,-0.6581684350967407,-0.9468866586685181,0.298265665769577,0.1643766313791275,-0.481687992811203,-0.2864600419998169,0.07374358177185059,-2.0224061012268066,-0.0,0.0,0.0,0.0,0.0,0.4378337860107422,0.10000000149011612,0.0,0.10737865418195724,-1.4848934412002563,-0.14419420063495636,-0.0,-0.0,0.0,0.10737865418195724,-1.4848934412002563,-0.14419420063495636,-0.0,-0.0,-0.3236699402332306,-0.9219224452972412,-0.04601942375302315,0.012632614001631737,2.450196916470304e-05,0.0,0.0,0.0,0.06543072313070297,0.10004892200231552,0.0,0.10741472989320755,-1.4850562810897827,-0.14416742324829102,0.0,0.0,0.06892840564250946,0.3509591519832611,-1.9470815658569336,-0.2944178283214569,-0.01989131048321724,0.14634501934051514,-0.33883988857269287,-1.2799394130706787,0.059125348925590515
192,-0.0,0.0,0.0,0.0,0.0,0.43450725078582764,0.10000000149011612,0.0,0.10737865418195724,-1.4848934412002563,-0.14419420063495636,-0.0,-0.0,0.0,0.10737865418195724,-1.4848934412002563,-0.14419420063495636,-0.0,-0.0,-0.32520392537117004,-0.9203884601593018,-0.0475534051656723,-0.3286009132862091,-0.00332721252925694,0.0,0.0,0.0,3.147264242172241,-0.9998122453689575,0.0,-0.99986732006073,-0.9998070001602173,-1.0001758337020874,-0.0,-0.0,-0.3946073651313782,-0.6581684350967407,-0.9468866586685181,0.298265665769577,0.1643766313791275,-0.481687992811203,-0.290222704410553,0.07800968736410141,-2.0512399673461914,-0.0,0.0,0.0,0.0,0.0,0.43450725078582764,0.10000000149011612,0.0,0.10737865418195724,-1.4848934412002563,-0.14419420063495636,-0.0,-0.0,0.0,0.10737865418195724,-1.4848934412002563,-0.14419420063495636,-0.0,-0.0,-0.32520392537117004,-0.9203884601593018,-0.0475534051656723,0.012632614001631737,2.450196916470304e-05,0.0,0.0,0.0,0.06497757881879807,0.10004892200231552,0.0,0.10741472989320755,-1.4850562810897827,-0.14416742324829102,0.0,0.0,0.06892840564250946,0.3509591519832611,-1.9470815658569336,-0.2944178283214569,-0.01989131048321724,0.14634501934051514,-0.33946529030799866,-1.2793878316879272,0.05904373899102211
193,-0.0,0.0,0.0,0.0,0.0,0.10542619228363037,0.10000000149011612,0.0,0.10737865418195724,-1.4848934412002563,-0.14419420063495636,-0.0,-0.0,0.0,0.10737865418195724,-1.4848934412002563,-0.14419420063495636,-0.0,-0.0,-0.3236699402332306,-0.9203884601593018,-0.04908738657832146,-0.3286009132862091,-0.00332721252925694,0.0,0.0,0.0,0.7314448356628418,-0.9998122453689575,0.0,-0.99986732006073,-0.9998070001602173,-1.0001758337020874,-0.0,-0.0,-0.3946073651313782,-0.6581684350967407,-0.9468866586685181,0.298265665769577,0.1643766313791275,-0.481687992811203,-0.2864600419998169,0.07800968736410141,-2.080073833465576,-0.0,0.0,0.0,0.0,0.0,0.10542619228363037,0.10000000149011612,0.0,0.10737865418195724,-1.4848934412002563,-0.14419420063495636,-0.0,-0.0,0.0,0.10737865418195724,-1.4848934412002563,-0.14419420063495636,-0.0,-0.0,-0.3236699402332306,-0.9203884601593018,-0.04908738657832146,0.012632614001631737,2.450196916470304e-05,0.0,0.0,0.0,0.02015041373670101,0.10004892200231552,0.0,0.10741472989320755,-1.4850562810897827,-0.14416742324829102,0.0,0.0,0.06892840564250946,0.3509591519832611,-1.9470815658569336,-0.2944178283214569,-0.01989131048321724,0.14634501934051514,-0.33883988857269287,-1.2793878316879272,0.058962132781744
194,-0.0,0.0,0.0,0.0,0.0,0.0,0.10000000149011612,0.0,0.10737865418195724,-1.4848934412002563,-0.14419420063495636,-0.0,-0.0,0.0,0.10737865418195724,-1.4848934412002563,-0.14419420063495636,-0.0,-0.0,-0.32520392537117004,-0.9203884601593018,-0.0475534051656723,-0.3286009132862091,-0.00332721252925694,0.0,0.0,0.0,-0.04250015318393707,-0.9998122453689575,0.0,-0.99986732006073,-0.9998070001602173,-1.0001758337020874,-0.0,-0.0,-0.3946073651313782,-0.6581684350967407,-0.9468866586685181,0.298265665769577,0.1643766313791275,-0.481687992811203,-0.290222704410553,0.07800968736410141,-2.0512399673461914,-0.0,0.0,0.0,0.0,0.0,0.0,0.10000000149011612,0.0,0.10737865418195724,-1.4848934412002563,-0.14419420063495636,-0.0,-0.0,0.0,0.10737865418195724,-1.4848934412002563,-0.14419420063495636,-0.0,-0.0,-0.32520392537117004,-0.9203884601593018,-0.0475534051656723,0.012632614001631737,2.450196916470304e-05,0.0,0.0,0.0,0.005789338145405054,0.10004892200231552,0.0,0.10741472989320755,-1.4850562810897827,-0.14416742324829102,0.0,0.0,0.06892840564250946,0.3509591519832611,-1.9470815658569336,-0.2944178283214569,-0.01989131048321724,0.14634501934051514,-0.33946529030799866,-1.2793878316879272,0.05904373899102211
195,-0.0,0.0,0.0,0.0,0.0,0.0,0.10000000149011612,0.0,0.10737865418195724,-1.4848934412002563,-0.14419420063495636,-0.0,-0.0,0.0,0.10737865418195724,-1.4848934412002563,-0.14419420063495636,-0.0,-0.0,-0.3267379105091095,-0.9188544750213623,-0.0475534051656723,-0.3286009132862091,-0.00332721252925694,0.0,0.0,0.0,-0.04250015318393707,-0.9998122453689575,0.0,-0.99986732006073,-0.9998070001602173,-1.0001758337020874,-0.0,-0.0,-0.3946073651313782,-0.6581684350967407,-0.9468866586685181,0.298265665769577,0.1643766313791275,-0.481687992811203,-0.29398536682128906,0.08227578550577164,-2.0512399673461914,-0.0,0.0,0.0,0.0,0.0,0.0,0.10000000149011612,0.0,0.10737865418195724,-1.4848934412002563,-0.14419420063495636,-0.0,-0.0,0.0,0.10737865418195724,-1.4848934412002563,-0.14419420063495636,-0.0,-0.0,-0.3267379105091095,-0.9188544750213623,-0.0475534051656723,0.012632614001631737,2.450196916470304e-05,0.0,0.0,0.0,0.005789338145405054,0.10004892200231552,0.0,0.10741472989320755,-1.4850562810897827,-0.14416742324829102,0.0,0.0,0.06892840564250946,0.3509591519832611,-1.9470815658569336,-0.2944178283214569,-0.01989131048321724,0.14634501934051514,-0.34009066224098206,-1.2788362503051758,0.05904373899102211
196,-0.0,0.0,0.0,0.0,0.0,0.0,0.10000000149011612,0.0,0.10737865418195724,-1.4848934412002563,-0.14419420063495636,-0.0,-0.0,0.0,0.10737865418195724,-1.4848934412002563,-0.14419420063495636,-0.0,-0.0,-0.3267379105091095,-0.9157865047454834,-0.0475534051656723,-0.3286009132862091,-0.00332721252925694,0.0,0.0,0.0,-0.04250015318393707,-0.9998122453689575,0.0,-0.99986732006073,-0.9998070001602173,-1.0001758337020874,-0.0,-0.0,-0.3946073651313782,-0.6581684350967407,-0.9468866586685181,0.298265665769577,0.1643766313791275,-0.481687992811203,-0.29398536682128906,0.09080798923969269,-2.0512399673461914,-0.0,0.0,0.0,0.0,0.0,0.0,0.10000000149011612,0.0,0.10737865418195724,-1.4848934412002563,-0.14419420063495636,-0.0,-0.0,0.0,0.10737865418195724,-1.4848934412002563,-0.14419420063495636,-0.0,-0.0,-0.3267379105091095,-0.9157865047454834,-0.0475534051656723,0.012632614001631737,2.450196916470304e-05,0.0,0.0,0.0,0.005789338145405054,0.10004892200231552,0.0,0.10741472989320755,-1.4850562810897827,-0.14416742324829102,0.0,0.0,0.06892840564250946,0.3509591519832611,-1.9470815658569336,-0.2944178283214569,-0.01989131048321724,0.14634501934051514,-0.34009066224098206,-1.2777330875396729,0.05904373899102211
197,-0.0,0.0,0.0,0.0,0.0,0.0,0.10000000149011612,0.0,0.10737865418195724,-1.4848934412002563,-0.14419420063495636,-0.0,-0.0,0.0,0.10737865418195724,-1.4848934412002563,-0.14419420063495636,-0.0,-0.0,-0.32520392537117004,-0.9157865047454834,-0.0475534051656723,-0.3286009132862091,-0.00332721252925694,0.0,0.0,0.0,-0.04250015318393707,-0.9998122453689575,0.0,-0.99986732006073,-0.9998070001602173,-1.0001758337020874,-0.0,-0.0,-0.3946073651313782,-0.6581684350967407,-0.9468866586685181,0.298265665769577,0.1643766313791275,-0.481687992811203,-0.290222704410553,0.09080798923969269,-2.0512399673461914,-0.0,0.0,0.0,0.0,0.0,0.0,0.10000000149011612,0.0,0.10737865418195724,-1.4848934412002563,-0.14419420063495636,-0.0,-0.0,0.0,0.10737865418195724,-1.4848934412002563,-0.14419420063495636,-0.0,-0.0,-0.32520392537117004,-0.9157865047454834,-0.0475534051656723,0.012632614001631737,2.450196916470304e-05,0.0,0.0,0.0,0.005789338145405054,0.10004892200231552,0.0,0.10741472989320755,-1.4850562810897827,-0.14416742324829102,0.0,0.0,0.06892840564250946,0.3509591519832611,-1.9470815658569336,-0.2944178283214569,-0.01989131048321724,0.14634501934051514,-0.33946529030799866,-1.2777330875396729,0.05904373899102211
198,-0.0,0.0,0.0,0.0,0.0,0.0,0.10000000149011612,0.0,0.10737865418195724,-1.4848934412002563,-0.14419420063495636,-0.0,-0.0,0.0,0.10737865418195724,-1.4848934412002563,-0.14419420063495636,-0.0,-0.0,-0.3206019699573517,-0.9157865047454834,-0.04601942375302315,-0.3286009132862091,-0.00332721252925694,0.0,0.0,0.0,-0.04250015318393707,-0.9998122453689575,0.0,-0.99986732006073,-0.9998070001602173,-1.0001758337020874,-0.0,-0.0,-0.3946073651313782,-0.6581684350967407,-0.9468866586685181,0.298265665769577,0.1643766313791275,-0.481687992811203,-0.2789347171783447,0.09080798923969269,-2.0224061012268066,-0.0,0.0,0.0,0.0,0.0,0.0,0.10000000149011612,0.0,0.10737865418195724,-1.4848934412002563,-0.14419420063495636,-0.0,-0.0,0.0,0.10737865418195724,-1.4848934412002563,-0.14419420063495636,-0.0,-0.0,-0.3206019699573517,-0.9157865047454834,-0.04601942375302315,0.012632614001631737,2.450196916470304e-05,0.0,0.0,0.0,0.005789338145405054,0.10004892200231552,0.0,0.10741472989320755,-1.4850562810897827,-0.14416742324829102,0.0,0.0,0.06892840564250946,0.3509591519832611,-1.9470815658569336,-0.2944178283214569,-0.01989131048321724,0.14634501934051514,-0.3375891447067261,-1.2777330875396729,0.059125348925590515
199,-0.0,0.0,0.0,0.0,0.0,0.0,0.10000000149011612,0.0,0.10737865418195724,-1.4848934412002563,-0.14419420063495636,-0.0,-0.0,0.0,0.10737865418195724,-1.4848934412002563,-0.14419420063495636,-0.0,-0.0,-0.3190680146217346,-0.9173204898834229,-0.0475534051656723,-0.3286009132862091,-0.00332721252925694,0.0,0.0,0.0,-0.04250015318393707,-0.9998122453689575,0.0,-0.99986732006073,-0.9998070001602173,-1.0001758337020874,-0.0,-0.0,-0.3946073651313782,-0.6581684350967407,-0.9468866586685181,0.298265665769577,0.1643766313791275,-0.481687992811203,-0.2751721441745758,0.08654189109802246,-2.0512399673461914,-0.0,0.0,0.0,0.0,0.0,0.0,0.10000000149011612,0.0,0.10737865418195724,-1.4848934412002563,-0.14419420063495636,-0.0,-0.0,0.0,0.10737865418195724,-1.4848934412002563,-0.14419420063495636,-0.0,-0.0,-0.3190680146217346,-0.9173204898834229,-0.0475534051656723,0.012632614001631737,2.450196916470304e-05,0.0,0.0,0.0,0.005789338145405054,0.10004892200231552,0.0,0.10741472989320755,-1.4850562810897827,-0.14416742324829102,0.0,0.0,0.06892840564250946,0.3509591519832611,-1.9470815658569336,-0.2944178283214569,-0.01989131048321724,0.14634501934051514,-0.3369637727737427,-1.2782846689224243,0.05904373899102211
200,-0.0,0.0,0.0,0.0,0.0,0.0,0.10000000149011612,0.0,0.10737865418195724,-1.4848934412002563,-0.14419420063495636,-0.0,-0.0,0.0,0.10737865418195724,-1.4848934412002563,-0.14419420063495636,-0.0,-0.0,-0.3160000443458557,-0.9111846089363098,-0.05215534567832947,-0.3286009132862091,-0.00332721252925694,0.0,0.0,0.0,-0.04250015318393707,-0.9998122453689575,0.0,-0.99986732006073,-0.9998070001602173,-1.0001758337020874,-0.0,-0.0,-0.3946073651313782,-0.6581684350967407,-0.9468866586685181,0.298265665769577,0.1643766313791275,-0.481687992811203,-0.26764681935310364,0.10360612720251083,-2.137741804122925,-0.0,0.0,0.0,0.0,0.0,0.0,0.10000000149011612,0.0,0.10737865418195724,-1.4848934412002563,-0.14419420063495636,-0.0,-0.0,0.0,0.10737865418195724,-1.4848934412002563,-0.14419420063495636,-0.0,-0.0,-0.3160000443458557,-0.9111846089363098,-0.05215534567832947,0.012632614001631737,2.450196916470304e-05,0.0,0.0,0.0,0.005789338145405054,0.10004892200231552,0.0,0.10741472989320755,-1.4850562810897827,-0.14416742324829102,0.0,0.0,0.06892840564250946,0.3509591519832611,-1.9470815658569336,-0.2944178283214569,-0.01989131048321724,0.14634501934051514,-0.3357129693031311,-1.2760783433914185,0.05879891663789749
201,-0.0,0.0,0.0,0.0,0.0,0.0,0.10000000149011612,0.0,0.10737865418195724,-1.4848934412002563,-0.14419420063495636,-0.0,-0.0,0.0,0.10737865418195724,-1.4848934412002563,-0.14419420063495636,-0.0,-0.0,-0.3098641335964203,-0.9173204898834229,-0.05522330850362778,-0.3286009132862091,-0.00332721252925694,0.0,0.0,0.0,-0.04250015318393707,-0.9998122453689575,0.0,-0.99986732006073,-0.9998070001602173,-1.0001758337020874,-0.0,-0.0,-0.3946073651313782,-0.6581684350967407,-0.9468866586685181,0.298265665769577,0.1643766313791275,-0.481687992811203,-0.2525962293148041,0.08654189109802246,-2.1954095363616943,-0.0,0.0,0.0,0.0,0.0,0.0,0.10000000149011612,0.0,0.10737865418195724,-1.4848934412002563,-0.14419420063495636,-0.0,-0.0,0.0,0.10737865418195724,-1.4848934412002563,-0.14419420063495636,-0.0,-0.0,-0.3098641335964203,-0.9173204898834229,-0.05522330850362778,0.012632614001631737,2.450196916470304e-05,0.0,0.0,0.0,0.005789338145405054,0.10004892200231552,0.0,0.10741472989320755,-1.4850562810897827,-0.14416742324829102,0.0,0.0,0.06892840564250946,0.3509591519832611,-1.9470815658569336,-0.2944178283214569,-0.01989131048321724,0.14634501934051514,-0.3332114815711975,-1.2782846689224243,0.05863569676876068
202,-0.0,0.0,0.0,0.0,0.0,0.0,0.10000000149011612,0.0,0.10737865418195724,-1.4848934412002563,-0.14419420063495636,-0.0,-0.0,0.0,0.10737865418195724,-1.4848934412002563,-0.14419420063495636,-0.0,-0.0,-0.2853204309940338,-0.9188544750213623,-0.05522330850362778,-0.3286009132862091,-0.00332721252925694,0.0,0.0,0.0,-0.04250015318393707,-0.9998122453689575,0.0,-0.99986732006073,-0.9998070001602173,-1.0001758337020874,-0.0,-0.0,-0.3946073651313782,-0.6581684350967407,-0.9468866586685181,0.298265665769577,0.1643766313791275,-0.481687992811203,-0.19239380955696106,0.08227578550577164,-2.1954095363616943,-0.0,0.0,0.0,0.0,0.0,0.0,0.10000000149011612,0.0,0.10737865418195724,-1.4848934412002563,-0.14419420063495636,-0.0,-0.0,0.0,0.10737865418195724,-1.4848934412002563,-0.14419420063495636,-0.0,-0.0,-0.2853204309940338,-0.9188544750213623,-0.05522330850362778,0.012632614001631737,2.450196916470304e-05,0.0,0.0,0.0,0.005789338145405054,0.10004892200231552,0.0,0.10741472989320755,-1.4850562810897827,-0.14416742324829102,0.0,0.0,0.06892840564250946,0.3509591519832611,-1.9470815658569336,-0.2944178283214569,-0.01989131048321724,0.14634501934051514,-0.3232053518295288,-1.2788362503051758,0.05863569676876068
203,-0.0,0.0,0.0,0.0,0.0,0.0,0.10000000149011612,0.0,0.10737865418195724,-1.4848934412002563,-0.14419420063495636,-0.0,-0.0,0.0,0.10737865418195724,-1.4848934412002563,-0.14419420063495636,-0.0,-0.0,-0.2715145945549011,-0.9219224452972412,-0.06289321184158325,-0.3286009132862091,-0.00332721252925694,0.0,0.0,0.0,-0.04250015318393707,-0.9998122453689575,0.0,-0.99986732006073,-0.9998070001602173,-1.0001758337020874,-0.0,-0.0,-0.3946073651313782,-0.6581684350967407,-0.9468866586685181,0.298265665769577,0.1643766313791275,-0.481687992811203,-0.15852992236614227,0.07374358177185059,-2.3395795822143555,-0.0,0.0,0.0,0.0,0.0,0.0,0.10000000149011612,0.0,0.10737865418195724,-1.4848934412002563,-0.14419420063495636,-0.0,-0.0,0.0,0.10737865418195724,-1.4848934412002563,-0.14419420063495636,-0.0,-0.0,-0.2715145945549011,-0.9219224452972412,-0.06289321184158325,0.012632614001631737,2.450196916470304e-05,0.0,0.0,0.0,0.005789338145405054,0.10004892200231552,0.0,0.10741472989320755,-1.4850562810897827,-0.14416742324829102,0.0,0.0,0.06892840564250946,0.3509591519832611,-1.9470815658569336,-0.2944178283214569,-0.01989131048321724,0.14634501934051514,-0.31757688522338867,-1.2799394130706787,0.05822765454649925
204,-0.0,0.0,0.0,0.0,0.0,0.0,0.10000000149011612,0.0,0.10737865418195724,-1.4848934412002563,-0.14419420063495636,-0.0,-0.0,0.0,0.10737865418195724,-1.4848934412002563,-0.14419420063495636,-0.0,-0.0,-0.2715145945549011,-0.9234564304351807,-0.06442718952894211,-0.3286009132862091,-0.00332721252925694,0.0,0.0,0.0,-0.04250015318393707,-0.9998122453689575,0.0,-0.99986732006073,-0.9998070001602173,-1.0001758337020874,-0.0,-0.0,-0.3946073651313782,-0.6581684350967407,-0.9468866586685181,0.298265665769577,0.1643766313791275,-0.481687992811203,-0.15852992236614227,0.06947748363018036,-2.368413209915161,-0.0,0.0,0.0,0.0,0.0,0.0,0.10000000149011612,0.0,0.10737865418195724,-1.4848934412002563,-0.14419420063495636,-0.0,-0.0,0.0,0.10737865418195724,-1.4848934412002563,-0.14419420063495636,-0.0,-0.0,-0.2715145945549011,-0.9234564304351807,-0.06442718952894211,0.012632614001631737,2.450196916470304e-05,0.0,0.0,0.0,0.005789338145405054,0.10004892200231552,0.0,0.10741472989320755,-1.4850562810897827,-0.14416742324829102,0.0,0.0,0.06892840564250946,0.3509591519832611,-1.9470815658569336,-0.2944178283214569,-0.01989131048321724,0.14634501934051514,-0.31757688522338867,-1.2804909944534302,0.058146048337221146
205,-0.0,0.0,0.0,0.0,0.0,0.0,0.10000000149011612,0.0,0.10737865418195724,-1.4848934412002563,-0.14419420063495636,-0.0,-0.0,0.0,0.10737865418195724,-1.4848934412002563,-0.14419420063495636,-0.0,-0.0,-0.2715145945549011,-0.9188544750213623,-0.06596117466688156,-0.3286009132862091,-0.00332721252925694,0.0,0.0,0.0,-0.04250015318393707,-0.9998122453689575,0.0,-0.99986732006073,-0.9998070001602173,-1.0001758337020874,-0.0,-0.0,-0.3946073651313782,-0.6581684350967407,-0.9468866586685181,0.298265665769577,0.1643766313791275,-0.481687992811203,-0.15852992236614227,0.08227578550577164,-2.397247314453125,-0.0,0.0,0.0,0.0,0.0,0.0,0.10000000149011612,0.0,0.10737865418195724,-1.4848934412002563,-0.14419420063495636,-0.0,-0.0,0.0,0.10737865418195724,-1.4848934412002563,-0.14419420063495636,-0.0,-0.0,-0.2715145945549011,-0.9188544750213623,-0.06596117466688156,0.012632614001631737,2.450196916470304e-05,0.0,0.0,0.0,0.005789338145405054,0.10004892200231552,0.0,0.10741472989320755,-1.4850562810897827,-0.14416742324829102,0.0,0.0,0.06892840564250946,0.3509591519832611,-1.9470815658569336,-0.2944178283214569,-0.01989131048321724,0.14634501934051514,-0.31757688522338867,-1.2788362503051758,0.05806443840265274
206,-0.0,0.0,0.0,0.0,0.0,0.0,0.10000000149011612,0.0,0.10737865418195724,-1.4848934412002563,-0.14419420063495636,-0.0,-0.0,0.0,0.10737865418195724,-1.4848934412002563,-0.14419420063495636,-0.0,-0.0,-0.26691266894340515,-0.9219224452972412,-0.0613592304289341,-0.3286009132862091,-0.00332721252925694,0.0,0.0,0.0,-0.04250015318393707,-0.9998122453689575,0.0,-0.99986732006073,-0.9998070001602173,-1.0001758337020874,-0.0,-0.0,-0.3946073651313782,-0.6581684350967407,-0.9468866586685181,0.298265665769577,0.1643766313791275,-0.481687992811203,-0.14724200963974,0.07374358177185059,-2.3107454776763916,-0.0,0.0,0.0,0.0,0.0,0.0,0.10000000149011612,0.0,0.10737865418195724,-1.4848934412002563,-0.14419420063495636,-0.0,-0.0,0.0,0.10737865418195724,-1.4848934412002563,-0.14419420063495636,-0.0,-0.0,-0.26691266894340515,-0.9219224452972412,-0.0613592304289341,0.012632614001631737,2.450196916470304e-05,0.0,0.0,0.0,0.005789338145405054,0.10004892200231552,0.0,0.10741472989320755,-1.4850562810897827,-0.14416742324829102,0.0,0.0,0.06892840564250946,0.3509591519832611,-1.9470815658569336,-0.2944178283214569,-0.01989131048321724,0.14634501934051514,-0.3157007396221161,-1.2799394130706787,0.05830926448106766
207,-0.0,0.0,0.0,0.0,0.0,0.0,0.10000000149011612,0.0,0.10737865418195724,-1.4848934412002563,-0.14419420063495636,-0.0,-0.0,0.0,0.10737865418195724,-1.4848934412002563,-0.14419420063495636,-0.0,-0.0,-0.2684466242790222,-0.9234564304351807,-0.06289321184158325,-0.3286009132862091,-0.00332721252925694,0.0,0.0,0.0,-0.04250015318393707,-0.9998122453689575,0.0,-0.99986732006073,-0.9998070001602173,-1.0001758337020874,-0.0,-0.0,-0.3946073651313782,-0.6581684350967407,-0.9468866586685181,0.298265665769577,0.1643766313791275,-0.481687992811203,-0.1510045975446701,0.06947748363018036,-2.3395795822143555,-0.0,0.0,0.0,0.0,0.0,0.0,0.10000000149011612,0.0,0.10737865418195724,-1.4848934412002563,-0.14419420063495636,-0.0,-0.0,0.0,0.10737865418195724,-1.4848934412002563,-0.14419420063495636,-0.0,-0.0,-0.2684466242790222,-0.9234564304351807,-0.06289321184158325,0.012632614001631737,2.450196916470304e-05,0.0,0.0,0.0,0.005789338145405054,0.10004892200231552,0.0,0.10741472989320755,-1.4850562810897827,-0.14416742324829102,0.0,0.0,0.06892840564250946,0.3509591519832611,-1.9470815658569336,-0.2944178283214569,-0.01989131048321724,0.14634501934051514,-0.3163261115550995,-1.2804909944534302,0.05822765454649925
208,-0.0,0.0,0.0,0.0,0.0,0.0,0.10000000149011612,0.0,0.10737865418195724,-1.4848934412002563,-0.14419420063495636,-0.0,-0.0,0.0,0.10737865418195724,-1.4848934412002563,-0.14419420063495636,-0.0,-0.0,-0.26077672839164734,-0.9188544750213623,-0.058291271328926086,-0.3286009132862091,-0.00332721252925694,0.0,0.0,0.0,-0.04250015318393707,-0.9998122453689575,0.0,-0.99986732006073,-0.9998070001602173,-1.0001758337020874,-0.0,-0.0,-0.3946073651313782,-0.6581684350967407,-0.9468866586685181,0.298265665769577,0.1643766313791275,-0.481687992811203,-0.13219137489795685,0.08227578550577164,-2.253077745437622,-0.0,0.0,0.0,0.0,0.0,0.0,0.10000000149011612,0.0,0.10737865418195724,-1.4848934412002563,-0.14419420063495636,-0.0,-0.0,0.0,0.10737865418195724,-1.4848934412002563,-0.14419420063495636,-0.0,-0.0,-0.26077672839164734,-0.9188544750213623,-0.058291271328926086,0.012632614001631737,2.450196916470304e-05,0.0,0.0,0.0,0.005789338145405054,0.10004892200231552,0.0,0.10741472989320755,-1.4850562810897827,-0.14416742324829102,0.0,0.0,0.06892840564250946,0.3509591519832611,-1.9470815658569336,-0.2944178283214569,-0.01989131048321724,0.14634501934051514,-0.3131992220878601,-1.2788362503051758,0.05847248062491417
209,-0.0,0.0,0.0,0.0,0.0,0.0,0.10000000149011612,0.0,0.10737865418195724,-1.4848934412002563,-0.14419420063495636,-0.0,-0.0,0.0,0.04295146092772484,-1.4848934412002563,1.4419419765472412,-0.0,-0.0,-0.25310683250427246,-0.9157865047454834,-0.05675728991627693,-0.3286009132862091,-0.00332721252925694,0.0,0.0,0.0,-0.04250015318393707,-0.9998122453689575,0.0,-0.99986732006073,-0.9998070001602173,-1.0001758337020874,-0.0,-0.0,-0.3946073651313782,-0.8606561422348022,-0.9468866586685181,4.969978332519531,0.1643766313791275,-0.481687992811203,-0.1133781373500824,0.09080798923969269,-2.224243640899658,-0.0,0.0,0.0,0.0,0.0,0.0,0.10000000149011612,0.0,0.10737865418195724,-1.4848934412002563,-0.14419420063495636,-0.0,-0.0,0.0,0.04295146092772484,-1.4848934412002563,1.4419419765472412,-0.0,-0.0,-0.25310683250427246,-0.9157865047454834,-0.05675728991627693,0.012632614001631737,2.450196916470304e-05,0.0,0.0,0.0,0.005789338145405054,0.10004892200231552,0.0,0.10741472989320755,-1.4850562810897827,-0.14416742324829102,0.0,0.0,0.06892840564250946,0.3304598033428192,-1.9470815658569336,0.24410586059093475,-0.01989131048321724,0.14634501934051514,-0.31007230281829834,-1.2777330875396729,0.058554090559482574
210,-0.0,0.0,0.0,0.0,0.0,0.0,0.10000000149011612,0.0,0.10737865418195724,-1.4848934412002563,-0.14419420063495636,-0.0,-0.0,-0.004601942375302315,-0.6565437912940979,-1.538582682609558,2.1291654109954834,-0.01073786523193121,-0.0,-0.251572847366333,-0.9142525792121887,-0.058291271328926086,-0.3286009132862091,-0.00332721252925694,0.0,0.0,0.0,-0.04250015318393707,-0.9998122453689575,0.0,-0.99986732006073,-0.9998070001602173,-1.0001758337020874,-0.0,-0.0,-0.4209529459476471,-3.059093952178955,-1.0093833208084106,6.994086265563965,0.0756416991353035,-0.481687992811203,-0.10961547493934631,0.09507392346858978,-2.253077745437622,-0.0,0.0,0.0,0.0,0.0,0.0,0.10000000149011612,0.0,0.10737865418195724,-1.4848934412002563,-0.14419420063495636,-0.0,-0.0,-0.004601942375302315,-0.6565437912940979,-1.538582682609558,2.1291654109954834,-0.01073786523193121,-0.0,-0.251572847366333,-0.9142525792121887,-0.058291271328926086,0.012632614001631737,2.450196916470304e-05,0.0,0.0,0.0,0.005789338145405054,0.10004892200231552,0.0,0.10741472989320755,-1.4850562810897827,-0.14416742324829102,0.0,0.0,0.06812455505132675,0.10789558291435242,-1.9932045936584473,0.47743141651153564,-0.02119070664048195,0.14634501934051514,-0.30944690108299255,-1.277181625366211,0.05847248062491417
211,-0.0,0.0,0.0,0.0,0.0,0.0,0.10000000149011612,0.0,0.10737865418195724,-1.4848934412002563,-0.14419420063495636,-0.0,-0.0,-0.004601942375302315,-1.0032234191894531,-1.56159245967865,2.412951707839966,0.015339807607233524,-0.0,-0.25617480278015137,-0.9142525792121887,-0.05522330850362778,-0.3286009132862091,-0.00332721252925694,0.0,0.0,0.0,-0.04250015318393707,-0.9998122453689575,0.0,-0.99986732006073,-0.9998070001602173,-1.0001758337020874,-0.0,-0.0,-0.4209529459476471,-4.148670196533203,-1.0361676216125488,7.829934120178223,0.2911408245563507,-0.481687992811203,-0.12090345472097397,0.09507392346858978,-2.1954095363616943,-0.0,0.0,0.0,0.0,0.0,0.0,0.10000000149011612,0.0,0.10737865418195724,-1.4848934412002563,-0.14419420063495636,-0.0,-0.0,-0.004601942375302315,-1.0032234191894531,-1.56159245967865,2.412951707839966,0.015339807607233524,-0.0,-0.25617480278015137,-0.9142525792121887,-0.05522330850362778,0.012632614001631737,2.450196916470304e-05,0.0,0.0,0.0,0.005789338145405054,0.10004892200231552,0.0,0.10741472989320755,-1.4850562810897827,-0.14416742324829102,0.0,0.0,0.06812455505132675,-0.0024103522300720215,-2.0129716396331787,0.5737823247909546,-0.018035031855106354,0.14634501934051514,-0.31132304668426514,-1.277181625366211,0.05863569676876068
212,-0.0,0.0,0.0,0.0,0.0,0.0,0.10000000149011612,0.0,0.10737865418195724,-1.4848934412002563,-0.14419420063495636,-0.0,-0.0,-0.004601942375302315,-0.4448544383049011,-1.4986991882324219,1.905204176902771,-0.05062136426568031,-0.0,-0.2623107135295868,-0.9111846089363098,-0.04908738657832146,-0.3286009132862091,-0.00332721252925694,0.0,0.0,0.0,-0.04250015318393707,-0.9998122453689575,0.0,-0.99986732006073,-0.9998070001602173,-1.0001758337020874,-0.0,-0.0,-0.4209529459476471,-2.393777370452881,-0.9629571437835693,6.33444356918335,-0.2539452016353607,-0.481687992811203,-0.13595403730869293,0.10360612720251083,-2.080073833465576,-0.0,0.0,0.0,0.0,0.0,0.0,0.10000000149011612,0.0,0.10737865418195724,-1.4848934412002563,-0.14419420063495636,-0.0,-0.0,-0.004601942375302315,-0.4448544383049011,-1.4986991882324219,1.905204176902771,-0.05062136426568031,-0.0,-0.2623107135295868,-0.9111846089363098,-0.04908738657832146,0.012632614001631737,2.450196916470304e-05,0.0,0.0,0.0,0.005789338145405054,0.10004892200231552,0.0,0.10741472989320755,-1.4850562810897827,-0.14416742324829102,0.0,0.0,0.06812455505132675,0.17525054514408112,-1.9589416980743408,0.40139228105545044,-0.02601703070104122,0.14634501934051514,-0.3138245940208435,-1.2760783433914185,0.058962132781744
213,-0.0,0.0,0.0,0.0,0.0,0.0,0.10000000149011612,0.0,0.10737865418195724,-1.4848934412002563,-0.14419420063495636,-0.0,-0.0,-0.004601942375302315,-0.21629129350185394,-1.466485619544983,1.7057865858078003,-0.03681553900241852,-0.0,-0.26384469866752625,-0.9096506237983704,-0.04601942375302315,-0.3286009132862091,-0.00332721252925694,0.0,0.0,0.0,-0.04250015318393707,-0.9998122453689575,0.0,-0.99986732006073,-0.9998070001602173,-1.0001758337020874,-0.0,-0.0,-0.4209529459476471,-1.675428032875061,-0.9254592061042786,5.747090816497803,-0.1398574411869049,-0.481687992811203,-0.13971668481826782,0.10787223279476166,-2.0224061012268066,-0.0,0.0,0.0,0.0,0.0,0.0,0.10000000149011612,0.0,0.10737865418195724,-1.4848934412002563,-0.14419420063495636,-0.0,-0.0,-0.004601942375302315,-0.21629129350185394,-1.466485619544983,1.7057865858078003,-0.03681553900241852,-0.0,-0.26384469866752625,-0.9096506237983704,-0.04601942375302315,0.012632614001631737,2.450196916470304e-05,0.0,0.0,0.0,0.005789338145405054,0.10004892200231552,0.0,0.10741472989320755,-1.4850562810897827,-0.14416742324829102,0.0,0.0,0.06812455505132675,0.24797439575195312,-1.9312677383422852,0.3336861729621887,-0.024346379563212395,0.14634501934051514,-0.3144499659538269,-1.275526762008667,0.059125348925590515
214,-0.0,0.0,0.0,0.0,0.0,0.0,0.10000000149011612,0.0,0.10737865418195724,-1.4848934412002563,-0.14419420063495636,-0.0,-0.0,-0.004601942375302315,-0.06442718952894211,-1.434272050857544,1.4864274263381958,-0.041417479515075684,-0.0,-0.26384469866752625,-0.9096506237983704,-0.04601942375302315,-0.3286009132862091,-0.00332721252925694,0.0,0.0,0.0,-0.04250015318393707,-0.9998122453689575,0.0,-0.99986732006073,-0.9998070001602173,-1.0001758337020874,-0.0,-0.0,-0.4209529459476471,-1.1981356143951416,-0.887961208820343,5.101003170013428,-0.17788667976856232,-0.481687992811203,-0.13971668481826782,0.10787223279476166,-2.0224061012268066,-0.0,0.0,0.0,0.0,0.0,0.0,0.10000000149011612,0.0,0.10737865418195724,-1.4848934412002563,-0.14419420063495636,-0.0,-0.0,-0.004601942375302315,-0.06442718952894211,-1.434272050857544,1.4864274263381958,-0.041417479515075684,-0.0,-0.26384469866752625,-0.9096506237983704,-0.04601942375302315,0.012632614001631737,2.450196916470304e-05,0.0,0.0,0.0,0.005789338145405054,0.10004892200231552,0.0,0.10741472989320755,-1.4850562810897827,-0.14416742324829102,0.0,0.0,0.06812455505132675,0.296294242143631,-1.9035940170288086,0.2592095732688904,-0.02490326389670372,0.14634501934051514,-0.3144499659538269,-1.275526762008667,0.059125348925590515
215,-0.0,0.0,0.0,0.0,0.0,0.0,0.10000000149011612,0.0,0.10737865418195724,-1.4848934412002563,-0.14419420063495636,-0.0,-0.0,-0.019941750913858414,0.04295146092772484,-1.3928545713424683,1.3652429580688477,-0.01840776950120926,-0.0,-0.26384469866752625,-0.9096506237983704,-0.04295146092772484,-0.3286009132862091,-0.00332721252925694,0.0,0.0,0.0,-0.04250015318393707,-0.9998122453689575,0.0,-0.99986732006073,-0.9998070001602173,-1.0001758337020874,-0.0,-0.0,-0.5087715983390808,-0.8606561422348022,-0.8397494554519653,4.744073390960693,0.012259597890079021,-0.481687992811203,-0.13971668481826782,0.10787223279476166,-1.964738130569458,-0.0,0.0,0.0,0.0,0.0,0.0,0.10000000149011612,0.0,0.10737865418195724,-1.4848934412002563,-0.14419420063495636,-0.0,-0.0,-0.019941750913858414,0.04295146092772484,-1.3928545713424683,1.3652429580688477,-0.01840776950120926,-0.0,-0.26384469866752625,-0.9096506237983704,-0.04295146092772484,0.012632614001631737,2.450196916470304e-05,0.0,0.0,0.0,0.005789338145405054,0.10004892200231552,0.0,0.10741472989320755,-1.4850562810897827,-0.14416742324829102,0.0,0.0,0.06544506549835205,0.3304598033428192,-1.8680131435394287,0.2180650681257248,-0.02211884595453739,0.14634501934051514,-0.3144499659538269,-1.275526762008667,0.05928856506943703
216,-0.0,0.0,0.0,0.0,0.0,0.0,0.10000000149011612,0.0,0.10737865418195724,-1.4848934412002563,-0.14419420063495636,-0.0,-0.0,-0.04448544234037399,0.11965049803256989,-1.3453011512756348,1.2640001773834229,-0.03988350182771683,-0.0,-0.26691266894340515,-0.9096506237983704,-0.03988350182771683,-0.3286009132862091,-0.00332721252925694,0.0,0.0,0.0,-0.04250015318393707,-0.9998122453689575,0.0,-0.99986732006073,-0.9998070001602173,-1.0001758337020874,-0.0,-0.0,-0.6492815017700195,-0.6195994019508362,-0.7843952775001526,4.445878982543945,-0.1652102917432785,-0.481687992811203,-0.14724200963974,0.10787223279476166,-1.9070701599121094,-0.0,0.0,0.0,0.0,0.0,0.0,0.10000000149011612,0.0,0.10737865418195724,-1.4848934412002563,-0.14419420063495636,-0.0,-0.0,-0.04448544234037399,0.11965049803256989,-1.3453011512756348,1.2640001773834229,-0.03988350182771683,-0.0,-0.26691266894340515,-0.9096506237983704,-0.03988350182771683,0.012632614001631737,2.450196916470304e-05,0.0,0.0,0.0,0.005789338145405054,0.10004892200231552,0.0,0.10741472989320755,-1.4850562810897827,-0.14416742324829102,0.0,0.0,0.061157871037721634,0.3548637926578522,-1.8271613121032715,0.18369121849536896,-0.02471763640642166,0.14634501934051514,-0.3157007396221161,-1.275526762008667,0.05945178493857384
217,-0.0,0.0,0.0,0.0,0.0,0.0,0.10000000149011612,0.0,0.10737865418195724,-1.4848934412002563,-0.14419420063495636,-0.0,-0.0,-0.0613592304289341,0.19174760580062866,-1.2992817163467407,1.1320778131484985,-0.06596117466688156,-0.0,-0.26691266894340515,-0.9081166386604309,-0.03988350182771683,-0.3286009132862091,-0.00332721252925694,0.0,0.0,0.0,-0.04250015318393707,-0.9998122453689575,0.0,-0.99986732006073,-0.9998070001602173,-1.0001758337020874,-0.0,-0.0,-0.7458820343017578,-0.39300596714019775,-0.7308266758918762,4.0573225021362305,-0.3807094097137451,-0.481687992811203,-0.14724200963974,0.11213833093643188,-1.9070701599121094,-0.0,0.0,0.0,0.0,0.0,0.0,0.10000000149011612,0.0,0.10737865418195724,-1.4848934412002563,-0.14419420063495636,-0.0,-0.0,-0.0613592304289341,0.19174760580062866,-1.2992817163467407,1.1320778131484985,-0.06596117466688156,-0.0,-0.26691266894340515,-0.9081166386604309,-0.03988350182771683,0.012632614001631737,2.450196916470304e-05,0.0,0.0,0.0,0.005789338145405054,0.10004892200231552,0.0,0.10741472989320755,-1.4850562810897827,-0.14416742324829102,0.0,0.0,0.058210425078868866,0.3778035342693329,-1.7876272201538086,0.13890103995800018,-0.027873311191797256,0.14634501934051514,-0.3157007396221161,-1.2749751806259155,0.05945178493857384
218,-0.0,0.0,0.0,0.0,0.0,0.0,0.10000000149011612,0.0,0.10737865418195724,-1.4848934412002563,-0.14419420063495636,-0.0,-0.0,-0.08130098134279251,0.29145634174346924,-1.2363885641098022,1.0599807500839233,-0.06749515235424042,-0.0,-0.26691266894340515,-0.9019806981086731,-0.03528155758976936,-0.3286009132862091,-0.00332721252925694,0.0,0.0,0.0,-0.04250015318393707,-0.9998122453689575,0.0,-0.99986732006073,-0.9998070001602173,-1.0001758337020874,-0.0,-0.0,-0.86004638671875,-0.0796322301030159,-0.6576163172721863,3.8449721336364746,-0.39338579773902893,-0.481687992811203,-0.14724200963974,0.129202738404274,-1.820568323135376,-0.0,0.0,0.0,0.0,0.0,0.0,0.10000000149011612,0.0,0.10737865418195724,-1.4848934412002563,-0.14419420063495636,-0.0,-0.0,-0.08130098134279251,0.29145634174346924,-1.2363885641098022,1.0599807500839233,-0.06749515235424042,-0.0,-0.26691266894340515,-0.9019806981086731,-0.03528155758976936,0.012632614001631737,2.450196916470304e-05,0.0,0.0,0.0,0.005789338145405054,0.10004892200231552,0.0,0.10741472989320755,-1.4850562810897827,-0.14416742324829102,0.0,0.0,0.05472708120942116,0.4095286726951599,-1.7335972785949707,0.11442269384860992,-0.028058938682079315,0.14634501934051514,-0.3157007396221161,-1.2727688550949097,0.059696607291698456
219,-0.0,0.0,0.0,0.0,0.0,0.0,0.10000000149011612,0.0,0.10737865418195724,-1.4848934412002563,-0.14419420063495636,-0.0,-0.0,-0.08130098134279251,0.3635534346103668,-1.2057088613510132,0.9940195679664612,-0.02761165425181389,-0.0,-0.2653786838054657,-0.9004467129707336,-0.03374757617712021,-0.3286009132862091,-0.00332721252925694,0.0,0.0,0.0,-0.04250015318393707,-0.9998122453689575,0.0,-0.99986732006073,-0.9998070001602173,-1.0001758337020874,-0.0,-0.0,-0.86004638671875,0.14696112275123596,-0.6219038367271423,3.6506941318511963,-0.0637989193201065,-0.481687992811203,-0.1434793472290039,0.1334688365459442,-1.7917343378067017,-0.0,0.0,0.0,0.0,0.0,0.0,0.10000000149011612,0.0,0.10737865418195724,-1.4848934412002563,-0.14419420063495636,-0.0,-0.0,-0.08130098134279251,0.3635534346103668,-1.2057088613510132,0.9940195679664612,-0.02761165425181389,-0.0,-0.2653786838054657,-0.9004467129707336,-0.03374757617712021,0.012632614001631737,2.450196916470304e-05,0.0,0.0,0.0,0.005789338145405054,0.10004892200231552,0.0,0.10741472989320755,-1.4850562810897827,-0.14416742324829102,0.0,0.0,0.05472708120942116,0.4324684143066406,-1.7072410583496094,0.09202761948108673,-0.023232612758874893,0.14634501934051514,-0.3150753676891327,-1.2722172737121582,0.05977821722626686
220,-0.0,0.0,0.0,0.0,0.0,0.0,0.10000000149011612,0.0,0.10737865418195724,-1.4848934412002563,-0.14419420063495636,-0.0,-0.0,-0.08130098134279251,0.401902973651886,-1.1873011589050293,0.937262237071991,-0.02761165425181389,-0.0,-0.2653786838054657,-0.9004467129707336,-0.03374757617712021,-0.3286009132862091,-0.00332721252925694,0.0,0.0,0.0,-0.04250015318393707,-0.9998122453689575,0.0,-0.99986732006073,-0.9998070001602173,-1.0001758337020874,-0.0,-0.0,-0.86004638671875,0.26748958230018616,-0.6004764437675476,3.4835243225097656,-0.0637989193201065,-0.481687992811203,-0.1434793472290039,0.1334688365459442,-1.7917343378067017,-0.0,0.0,0.0,0.0,0.0,0.0,0.10000000149011612,0.0,0.10737865418195724,-1.4848934412002563,-0.14419420063495636,-0.0,-0.0,-0.08130098134279251,0.401902973651886,-1.1873011589050293,0.937262237071991,-0.02761165425181389,-0.0,-0.2653786838054657,-0.9004467129707336,-0.03374757617712021,0.012632614001631737,2.450196916470304e-05,0.0,0.0,0.0,0.005789338145405054,0.10004892200231552,0.0,0.10741472989320755,-1.4850562810897827,-0.14416742324829102,0.0,0.0,0.05472708120942116,0.4446704089641571,-1.69142746925354,0.07275740802288055,-0.023232612758874893,0.14634501934051514,-0.3150753676891327,-1.2722172737121582,0.05977821722626686
221,-0.0,0.0,0.0,0.0,0.0,0.0,0.10000000149011612,0.0,0.10737865418195724,-1.4848934412002563,-0.14419420063495636,-0.0,-0.0,-0.11504855751991272,0.503145694732666,-1.1182719469070435,0.8697671294212341,-0.07976700365543365,-0.0,-0.2730485796928406,-0.9035146832466125,-0.03067961521446705,-0.3286009132862091,-0.00332721252925694,0.0,0.0,0.0,-0.04250015318393707,-0.9998122453689575,0.0,-0.99986732006073,-0.9998070001602173,-1.0001758337020874,-0.0,-0.0,-1.053247332572937,0.5856844782829285,-0.5201234817504883,3.2847282886505127,-0.4947971999645233,-0.481687992811203,-0.16229258477687836,0.12493664026260376,-1.7340664863586426,-0.0,0.0,0.0,0.0,0.0,0.0,0.10000000149011612,0.0,0.10737865418195724,-1.4848934412002563,-0.14419420063495636,-0.0,-0.0,-0.11504855751991272,0.503145694732666,-1.1182719469070435,0.8697671294212341,-0.07976700365543365,-0.0,-0.2730485796928406,-0.9035146832466125,-0.03067961521446705,0.012632614001631737,2.450196916470304e-05,0.0,0.0,0.0,0.005789338145405054,0.10004892200231552,0.0,0.10741472989320755,-1.4850562810897827,-0.14416742324829102,0.0,0.0,0.04883219301700592,0.4768836498260498,-1.6321262121200562,0.04984150826931,-0.029543962329626083,0.14634501934051514,-0.31820225715637207,-1.2733204364776611,0.05994143337011337
222,-0.0,0.0,0.0,0.0,0.0,0.0,0.10000000149011612,0.0,0.10737865418195724,-1.4848934412002563,-0.14419420063495636,-0.0,-0.0,-0.139592245221138,0.604388415813446,-1.0308350324630737,0.7715923190116882,-0.07976700365543365,-0.0,-0.2730485796928406,-0.9019806981086731,-0.02761165425181389,-0.3286009132862091,-0.00332721252925694,0.0,0.0,0.0,-0.04250015318393707,-0.9998122453689575,0.0,-0.99986732006073,-0.9998070001602173,-1.0001758337020874,-0.0,-0.0,-1.193757176399231,0.9038793444633484,-0.4183431565761566,2.995569944381714,-0.4947971999645233,-0.481687992811203,-0.16229258477687836,0.129202738404274,-1.6763986349105835,-0.0,0.0,0.0,0.0,0.0,0.0,0.10000000149011612,0.0,0.10737865418195724,-1.4848934412002563,-0.14419420063495636,-0.0,-0.0,-0.139592245221138,0.604388415813446,-1.0308350324630737,0.7715923190116882,-0.07976700365543365,-0.0,-0.2730485796928406,-0.9019806981086731,-0.02761165425181389,0.012632614001631737,2.450196916470304e-05,0.0,0.0,0.0,0.005789338145405054,0.10004892200231552,0.0,0.10741472989320755,-1.4850562810897827,-0.14416742324829102,0.0,0.0,0.0445450022816658,0.5090968608856201,-1.557011365890503,0.0165092796087265,-0.029543962329626083,0.14634501934051514,-0.31820225715637207,-1.2727688550949097,0.06010465323925018
223,-0.0,0.0,0.0,0.0,0.0,0.0,0.10000000149011612,0.0,0.10737865418195724,-1.4848934412002563,-0.14419420063495636,-0.0,-0.0,-0.14879614114761353,0.653475821018219,-0.9909515976905823,0.7133010625839233,-0.07516505569219589,-0.0,-0.2730485796928406,-0.9035146832466125,-0.029145635664463043,-0.3286009132862091,-0.00332721252925694,0.0,0.0,0.0,-0.04250015318393707,-0.9998122453689575,0.0,-0.99986732006073,-0.9998070001602173,-1.0001758337020874,-0.0,-0.0,-1.2464485168457031,1.0581557750701904,-0.37191712856292725,2.8238821029663086,-0.4567679166793823,-0.481687992811203,-0.16229258477687836,0.12493664026260376,-1.7052325010299683,-0.0,0.0,0.0,0.0,0.0,0.0,0.10000000149011612,0.0,0.10737865418195724,-1.4848934412002563,-0.14419420063495636,-0.0,-0.0,-0.14879614114761353,0.653475821018219,-0.9909515976905823,0.7133010625839233,-0.07516505569219589,-0.0,-0.2730485796928406,-0.9035146832466125,-0.029145635664463043,0.012632614001631737,2.450196916470304e-05,0.0,0.0,0.0,0.005789338145405054,0.10004892200231552,0.0,0.10741472989320755,-1.4850562810897827,-0.14416742324829102,0.0,0.0,0.042937301099300385,0.5247154235839844,-1.5227484703063965,-0.003281712532043457,-0.02898707613348961,0.14634501934051514,-0.31820225715637207,-1.2733204364776611,0.06002304330468178
224,-0.0,0.0,0.0,0.0,0.0,0.0,0.10000000149011612,0.0,0.10737865418195724,-1.4848934412002563,-0.14419420063495636,-0.0,-0.0,-0.1702718734741211,0.7501165866851807,-0.9065826535224915,0.6227961778640747,-0.09817477315664291,-0.0,-0.2730485796928406,-0.9081166386604309,-0.02761165425181389,-0.3286009132862091,-0.00332721252925694,0.0,0.0,0.0,-0.04250015318393707,-0.9998122453689575,0.0,-0.99986732006073,-0.9998070001602173,-1.0001758337020874,-0.0,-0.0,-1.3693946599960327,1.3618872165679932,-0.2737080454826355,2.557314157485962,-0.6469142436981201,-0.481687992811203,-0.16229258477687836,0.11213833093643188,-1.6763986349105835,-0.0,0.0,0.0,0.0,0.0,0.0,0.10000000149011612,0.0,0.10737865418195724,-1.4848934412002563,-0.14419420063495636,-0.0,-0.0,-0.1702718734741211,0.7501165866851807,-0.9065826535224915,0.6227961778640747,-0.09817477315664291,-0.0,-0.2730485796928406,-0.9081166386604309,-0.02761165425181389,0.012632614001631737,2.450196916470304e-05,0.0,0.0,0.0,0.005789338145405054,0.10004892200231552,0.0,0.10741472989320755,-1.4850562810897827,-0.14416742324829102,0.0,0.0,0.039186008274555206,0.5554644465446472,-1.4502692222595215,-0.03400985896587372,-0.031771495938301086,0.14634501934051514,-0.31820225715637207,-1.2749751806259155,0.06010465323925018
225,-0.0,0.0,0.0,0.0,0.0,0.0,0.10000000149011612,0.0,0.10737865418195724,-1.4848934412002563,-0.14419420063495636,-0.0,-0.0,-0.17487381398677826,0.8130097985267639,-0.8513593077659607,0.5169515013694763,-0.09664078801870346,-0.0,-0.2715145945549011,-0.9096506237983704,-0.02761165425181389,-0.3286009132862091,-0.00332721252925694,0.0,0.0,0.0,-0.04250015318393707,-0.9998122453689575,0.0,-0.99986732006073,-0.9998070001602173,-1.0001758337020874,-0.0,-0.0,-1.395740270614624,1.5595537424087524,-0.209425687789917,2.245565414428711,-0.6342377662658691,-0.481687992811203,-0.15852992236614227,0.10787223279476166,-1.6763986349105835,-0.0,0.0,0.0,0.0,0.0,0.0,0.10000000149011612,0.0,0.10737865418195724,-1.4848934412002563,-0.14419420063495636,-0.0,-0.0,-0.17487381398677826,0.8130097985267639,-0.8513593077659607,0.5169515013694763,-0.09664078801870346,-0.0,-0.2715145945549011,-0.9096506237983704,-0.02761165425181389,0.012632614001631737,2.450196916470304e-05,0.0,0.0,0.0,0.005789338145405054,0.10004892200231552,0.0,0.10741472989320755,-1.4850562810897827,-0.14416742324829102,0.0,0.0,0.0383821576833725,0.5754756927490234,-1.4028282165527344,-0.06994615495204926,-0.03158586844801903,0.14634501934051514,-0.31757688522338867,-1.275526762008667,0.06010465323925018
226,-0.0,0.0,0.0,0.0,0.0,0.0,0.10000000149011612,0.0,0.10737865418195724,-1.4848934412002563,-0.14419420063495636,-0.0,-0.0,-0.17487381398677826,0.855961263179779,-0.8206797242164612,0.4724660813808441,-0.11811652034521103,-0.0,-0.2715145945549011,-0.9096506237983704,-0.02761165425181389,-0.3286009132862091,-0.00332721252925694,0.0,0.0,0.0,-0.04250015318393707,-0.9998122453689575,0.0,-0.99986732006073,-0.9998070001602173,-1.0001758337020874,-0.0,-0.0,-1.395740270614624,1.6945455074310303,-0.1737133413553238,2.1145408153533936,-0.811707615852356,-0.481687992811203,-0.15852992236614227,0.10787223279476166,-1.6763986349105835,-0.0,0.0,0.0,0.0,0.0,0.0,0.10000000149011612,0.0,0.10737865418195724,-1.4848934412002563,-0.14419420063495636,-0.0,-0.0,-0.17487381398677826,0.855961263179779,-0.8206797242164612,0.4724660813808441,-0.11811652034521103,-0.0,-0.2715145945549011,-0.9096506237983704,-0.02761165425181389,0.012632614001631737,2.450196916470304e-05,0.0,0.0,0.0,0.005789338145405054,0.10004892200231552,0.0,0.10741472989320755,-1.4850562810897827,-0.14416742324829102,0.0,0.0,0.0383821576833725,0.5891419053077698,-1.3764722347259521,-0.08504980802536011,-0.03418465703725815,0.14634501934051514,-0.31757688522338867,-1.275526762008667,0.06010465323925018
227,-0.0,0.0,0.0,0.0,0.0,0.0,0.10000000149011612,0.0,0.10737865418195724,-1.4848934412002563,-0.14419420063495636,-0.0,-0.0,-0.17487381398677826,0.9418641924858093,-0.7930680513381958,0.3804272413253784,-0.07209710031747818,-0.0,-0.27458256483078003,-0.9127185940742493,-0.03067961521446705,-0.3286009132862091,-0.00332721252925694,0.0,0.0,0.0,-0.04250015318393707,-0.9998122453689575,0.0,-0.99986732006073,-0.9998070001602173,-1.0001758337020874,-0.0,-0.0,-1.395740270614624,1.964529037475586,-0.14157216250896454,1.8434549570083618,-0.4314151108264923,-0.481687992811203,-0.16605524718761444,0.0993400290608406,-1.7340664863586426,-0.0,0.0,0.0,0.0,0.0,0.0,0.10000000149011612,0.0,0.10737865418195724,-1.4848934412002563,-0.14419420063495636,-0.0,-0.0,-0.17487381398677826,0.9418641924858093,-0.7930680513381958,0.3804272413253784,-0.07209710031747818,-0.0,-0.27458256483078003,-0.9127185940742493,-0.03067961521446705,0.012632614001631737,2.450196916470304e-05,0.0,0.0,0.0,0.005789338145405054,0.10004892200231552,0.0,0.10741472989320755,-1.4850562810897827,-0.14416742324829102,0.0,0.0,0.0383821576833725,0.6164743900299072,-1.3527517318725586,-0.11629876494407654,-0.02861582115292549,0.14634501934051514,-0.31882765889167786,-1.27662992477417,0.05994143337011337
228,-0.0,0.0,0.0,0.0,0.0,0.0,0.10000000149011612,0.0,0.10737865418195724,-1.4848934412002563,-0.14419420063495636,-0.0,-0.0,-0.19328157603740692,0.9863496422767639,-0.7700583338737488,0.28071847558021545,-0.08897088468074799,-0.0,-0.28378644585609436,-0.9127185940742493,-0.03374757617712021,-0.3286009132862091,-0.00332721252925694,0.0,0.0,0.0,-0.04250015318393707,-0.9998122453689575,0.0,-0.99986732006073,-0.9998070001602173,-1.0001758337020874,-0.0,-0.0,-1.5011225938796997,2.104341983795166,-0.11478786170482635,1.549778699874878,-0.5708557367324829,-0.481687992811203,-0.18863114714622498,0.0993400290608406,-1.7917343378067017,-0.0,0.0,0.0,0.0,0.0,0.0,0.10000000149011612,0.0,0.10737865418195724,-1.4848934412002563,-0.14419420063495636,-0.0,-0.0,-0.19328157603740692,0.9863496422767639,-0.7700583338737488,0.28071847558021545,-0.08897088468074799,-0.0,-0.28378644585609436,-0.9127185940742493,-0.03374757617712021,0.012632614001631737,2.450196916470304e-05,0.0,0.0,0.0,0.005789338145405054,0.10004892200231552,0.0,0.10741472989320755,-1.4850562810897827,-0.14416742324829102,0.0,0.0,0.03516676649451256,0.6306287050247192,-1.3329846858978271,-0.1501518189907074,-0.030657727271318436,0.14634501934051514,-0.322579950094223,-1.27662992477417,0.05977821722626686
229,-0.0,0.0,0.0,0.0,0.0,0.0,0.10000000149011612,0.0,0.10737865418195724,-1.4848934412002563,-0.14419420063495636,-0.0,-0.0,-0.2070874124765396,0.983281672000885,-0.7255728840827942,0.2546408176422119,-0.04448544234037399,-0.0,-0.2883884012699127,-0.9127185940742493,-0.032213594764471054,-0.3286009132862091,-0.00332721252925694,0.0,0.0,0.0,-0.04250015318393707,-0.9998122453689575,0.0,-0.99986732006073,-0.9998070001602173,-1.0001758337020874,-0.0,-0.0,-1.5801594257354736,2.0946996212005615,-0.06300488114356995,1.472970962524414,-0.2032395303249359,-0.481687992811203,-0.19991913437843323,0.0993400290608406,-1.762900471687317,-0.0,0.0,0.0,0.0,0.0,0.0,0.10000000149011612,0.0,0.10737865418195724,-1.4848934412002563,-0.14419420063495636,-0.0,-0.0,-0.2070874124765396,0.983281672000885,-0.7255728840827942,0.2546408176422119,-0.04448544234037399,-0.0,-0.2883884012699127,-0.9127185940742493,-0.032213594764471054,0.012632614001631737,2.450196916470304e-05,0.0,0.0,0.0,0.005789338145405054,0.10004892200231552,0.0,0.10741472989320755,-1.4850562810897827,-0.14416742324829102,0.0,0.0,0.03275521844625473,0.6296525001525879,-1.2947683334350586,-0.15900567173957825,-0.025274518877267838,0.14634501934051514,-0.3244560956954956,-1.27662992477417,0.059859827160835266
230,-0.0,0.0,0.0,0.0,0.0,0.0,0.10000000149011612,0.0,0.10737865418195724,-1.4848934412002563,-0.14419420063495636,-0.0,-0.0,-0.22242721915245056,0.960271954536438,-0.6504078507423401,0.1733398288488388,0.006135923322290182,0.03988350182771683,-0.29452431201934814,-0.9096506237983704,-0.029145635664463043,-0.3286009132862091,-0.00332721252925694,0.0,0.0,0.0,-0.04250015318393707,-0.9998122453689575,0.0,-0.99986732006073,-0.9998070001602173,-1.0001758337020874,-0.0,-0.0,-1.667978048324585,2.022382974624634,0.02449045144021511,1.2335118055343628,0.2150823175907135,-0.3504132628440857,-0.2149696946144104,0.10787223279476166,-1.7052325010299683,-0.0,0.0,0.0,0.0,0.0,0.0,0.10000000149011612,0.0,0.10737865418195724,-1.4848934412002563,-0.14419420063495636,-0.0,-0.0,-0.22242721915245056,0.960271954536438,-0.6504078507423401,0.1733398288488388,0.006135923322290182,0.03988350182771683,-0.29452431201934814,-0.9096506237983704,-0.029145635664463043,0.012632614001631737,2.450196916470304e-05,0.0,0.0,0.0,0.005789338145405054,0.10004892200231552,0.0,0.10741472989320755,-1.4850562810897827,-0.14416742324829102,0.0,0.0,0.03007572516798973,0.6223313212394714,-1.2301959991455078,-0.1866089254617691,-0.019148798659443855,0.1584623008966446,-0.326957643032074,-1.275526762008667,0.06002304330468178
231,-0.0,0.0,0.0,0.0,0.0,0.0,0.10000000149011612,0.0,0.10737865418195724,-1.4848934412002563,-0.14419420063495636,-0.0,-0.0,-0.22856314480304718,0.9418641924858093,-0.5967185497283936,0.17487381398677826,0.015339807607233524,0.05982524901628494,-0.2960582971572876,-0.905048668384552,-0.03374757617712021,-0.3286009132862091,-0.00332721252925694,0.0,0.0,0.0,-0.04250015318393707,-0.9998122453689575,0.0,-0.99986732006073,-0.9998070001602173,-1.0001758337020874,-0.0,-0.0,-1.7031055688858032,1.964529037475586,0.08698710799217224,1.238029956817627,0.2911408245563507,-0.28477591276168823,-0.21873235702514648,0.12067053467035294,-1.7917343378067017,-0.0,0.0,0.0,0.0,0.0,0.0,0.10000000149011612,0.0,0.10737865418195724,-1.4848934412002563,-0.14419420063495636,-0.0,-0.0,-0.22856314480304718,0.9418641924858093,-0.5967185497283936,0.17487381398677826,0.015339807607233524,0.05982524901628494,-0.2960582971572876,-0.905048668384552,-0.03374757617712021,0.012632614001631737,2.450196916470304e-05,0.0,0.0,0.0,0.005789338145405054,0.10004892200231552,0.0,0.10741472989320755,-1.4850562810897827,-0.14416742324829102,0.0,0.0,0.029003925621509552,0.6164743900299072,-1.1840728521347046,-0.18608810007572174,-0.018035031855106354,0.16452094912528992,-0.3275830149650574,-1.2738720178604126,0.05977821722626686
232,-0.0,0.0,0.0,0.0,0.0,0.0,0.10000000149011612,0.0,0.10737865418195724,-1.4848934412002563,-0.14419420063495636,-0.0,-0.0,-0.22856314480304718,0.9234564304351807,-0.5430291891098022,0.11965049803256989,0.06749515235424042,-0.0,-0.2991262674331665,-0.9019806981086731,-0.03528155758976936,-0.3286009132862091,-0.00332721252925694,0.0,0.0,0.0,-0.04250015318393707,-0.9998122453689575,0.0,-0.99986732006073,-0.9998070001602173,-1.0001758337020874,-0.0,-0.0,-1.7031055688858032,1.9066756963729858,0.1494838297367096,1.07537841796875,0.7221390604972839,-0.481687992811203,-0.22625768184661865,0.129202738404274,-1.820568323135376,-0.0,0.0,0.0,0.0,0.0,0.0,0.10000000149011612,0.0,0.10737865418195724,-1.4848934412002563,-0.14419420063495636,-0.0,-0.0,-0.22856314480304718,0.9234564304351807,-0.5430291891098022,0.11965049803256989,0.06749515235424042,-0.0,-0.2991262674331665,-0.9019806981086731,-0.03528155758976936,0.012632614001631737,2.450196916470304e-05,0.0,0.0,0.0,0.005789338145405054,0.10004892200231552,0.0,0.10741472989320755,-1.4850562810897827,-0.14416742324829102,0.0,0.0,0.029003925621509552,0.6106173992156982,-1.1379497051239014,-0.20483747124671936,-0.011723683215677738,0.14634501934051514,-0.32883378863334656,-1.2727688550949097,0.059696607291698456
233,-0.0,0.0,0.0,0.0,0.0,0.0,0.10000000149011612,0.0,0.10737865418195724,-1.4848934412002563,-0.14419420063495636,-0.0,-0.0,-0.22856314480304718,0.9081166386604309,-0.5016117095947266,0.06596117466688156,0.06442718952894211,-0.0,-0.2991262674331665,-0.8989127278327942,-0.03374757617712021,-0.3286009132862091,-0.00332721252925694,0.0,0.0,0.0,-0.04250015318393707,-0.9998122453689575,0.0,-0.99986732006073,-0.9998070001602173,-1.0001758337020874,-0.0,-0.0,-1.7031055688858032,1.8584641218185425,0.1976955682039261,0.9172449707984924,0.6967862844467163,-0.481687992811203,-0.22625768184661865,0.13773493468761444,-1.7917343378067017,-0.0,0.0,0.0,0.0,0.0,0.0,0.10000000149011612,0.0,0.10737865418195724,-1.4848934412002563,-0.14419420063495636,-0.0,-0.0,-0.22856314480304718,0.9081166386604309,-0.5016117095947266,0.06596117466688156,0.06442718952894211,-0.0,-0.2991262674331665,-0.8989127278327942,-0.03374757617712021,0.012632614001631737,2.450196916470304e-05,0.0,0.0,0.0,0.005789338145405054,0.10004892200231552,0.0,0.10741472989320755,-1.4850562810897827,-0.14416742324829102,0.0,0.0,0.029003925621509552,0.6057366132736206,-1.102368950843811,-0.2230660319328308,-0.01209493912756443,0.14634501934051514,-0.32883378863334656,-1.2716656923294067,0.05977821722626686
234,-0.0,0.0,0.0,0.0,0.0,0.0,0.10000000149011612,0.0,0.10737865418195724,-1.4848934412002563,-0.14419420063495636,-0.0,-0.0,-0.22856314480304718,0.8958447575569153,-0.4693981111049652,0.03374757617712021,0.12425244599580765,-0.0,-0.30066022276878357,-0.8912428617477417,-0.03067961521446705,-0.3286009132862091,-0.00332721252925694,0.0,0.0,0.0,-0.04250015318393707,-0.9998122453689575,0.0,-0.99986732006073,-0.9998070001602173,-1.0001758337020874,-0.0,-0.0,-1.7031055688858032,1.8198950290679932,0.23519358038902283,0.8223649263381958,1.191166639328003,-0.481687992811203,-0.23002026975154877,0.15906527638435364,-1.7340664863586426,-0.0,0.0,0.0,0.0,0.0,0.0,0.10000000149011612,0.0,0.10737865418195724,-1.4848934412002563,-0.14419420063495636,-0.0,-0.0,-0.22856314480304718,0.8958447575569153,-0.4693981111049652,0.03374757617712021,0.12425244599580765,-0.0,-0.30066022276878357,-0.8912428617477417,-0.03067961521446705,0.012632614001631737,2.450196916470304e-05,0.0,0.0,0.0,0.005789338145405054,0.10004892200231552,0.0,0.10741472989320755,-1.4850562810897827,-0.14416742324829102,0.0,0.0,0.029003925621509552,0.6018319725990295,-1.074695110321045,-0.23400317132472992,-0.004855451174080372,0.14634501934051514,-0.32945916056632996,-1.2689077854156494,0.05994143337011337
235,-0.0,0.0,0.0,0.0,0.0,0.0,0.10000000149011612,0.0,0.10737865418195724,-1.4848934412002563,-0.14419420063495636,-0.0,-0.0,-0.22856314480304718,0.8927768468856812,-0.4586602449417114,0.0,0.1089126393198967,-0.0,-0.2929903268814087,-0.8881748914718628,-0.03528155758976936,-0.3286009132862091,-0.00332721252925694,0.0,0.0,0.0,-0.04250015318393707,-0.9998122453689575,0.0,-0.99986732006073,-0.9998070001602173,-1.0001758337020874,-0.0,-0.0,-1.7031055688858032,1.8102530241012573,0.24769291281700134,0.7229668498039246,1.064402461051941,-0.481687992811203,-0.21120703220367432,0.16759748756885529,-1.820568323135376,-0.0,0.0,0.0,0.0,0.0,0.0,0.10000000149011612,0.0,0.10737865418195724,-1.4848934412002563,-0.14419420063495636,-0.0,-0.0,-0.22856314480304718,0.8927768468856812,-0.4586602449417114,0.0,0.1089126393198967,-0.0,-0.2929903268814087,-0.8881748914718628,-0.03528155758976936,0.012632614001631737,2.450196916470304e-05,0.0,0.0,0.0,0.005789338145405054,0.10004892200231552,0.0,0.10741472989320755,-1.4850562810897827,-0.14416742324829102,0.0,0.0,0.029003925621509552,0.600855827331543,-1.0654704570770264,-0.2454611212015152,-0.0067117298021912575,0.14634501934051514,-0.3263322412967682,-1.2678046226501465,0.059696607291698456
236,-0.0,0.0,0.0,0.0,0.0,0.0,0.10000000149011612,0.0,0.10737865418195724,-1.4848934412002563,-0.14419420063495636,-0.0,-0.0,-0.2178252786397934,0.8943107724189758,-0.46172821521759033,-0.02761165425181389,0.11351457983255386,-0.0,-0.2899223566055298,-0.8866409063339233,-0.03681553900241852,-0.3286009132862091,-0.00332721252925694,0.0,0.0,0.0,-0.04250015318393707,-0.9998122453689575,0.0,-0.99986732006073,-0.9998070001602173,-1.0001758337020874,-0.0,-0.0,-1.6416325569152832,1.815073847770691,0.24412167072296143,0.6416410803794861,1.1024317741394043,-0.481687992811203,-0.20368172228336334,0.1718635857105255,-1.8494024276733398,-0.0,0.0,0.0,0.0,0.0,0.0,0.10000000149011612,0.0,0.10737865418195724,-1.4848934412002563,-0.14419420063495636,-0.0,-0.0,-0.2178252786397934,0.8943107724189758,-0.46172821521759033,-0.02761165425181389,0.11351457983255386,-0.0,-0.2899223566055298,-0.8866409063339233,-0.03681553900241852,0.012632614001631737,2.450196916470304e-05,0.0,0.0,0.0,0.005789338145405054,0.10004892200231552,0.0,0.10741472989320755,-1.4850562810897827,-0.14416742324829102,0.0,0.0,0.03087957203388214,0.6013438701629639,-1.0681060552597046,-0.2548358142375946,-0.006154846400022507,0.14634501934051514,-0.325081467628479,-1.267253041267395,0.05961500108242035
237,-0.0,0.0,0.0,0.0,0.0,0.0,0.10000000149011612,0.0,0.10737865418195724,-1.4848934412002563,-0.14419420063495636,-0.0,-0.0,-0.2178252786397934,0.8774369955062866,-0.43718451261520386,0.05982524901628494,0.08436894416809082,-0.0,-0.28378644585609436,-0.8866409063339233,-0.03834952041506767,-0.3286009132862091,-0.00332721252925694,0.0,0.0,0.0,-0.04250015318393707,-0.9998122453689575,0.0,-0.99986732006073,-0.9998070001602173,-1.0001758337020874,-0.0,-0.0,-1.6416325569152832,1.7620415687561035,0.2726915776729584,0.8991726636886597,0.8615797162055969,-0.481687992811203,-0.18863114714622498,0.1718635857105255,-1.8782362937927246,-0.0,0.0,0.0,0.0,0.0,0.0,0.10000000149011612,0.0,0.10737865418195724,-1.4848934412002563,-0.14419420063495636,-0.0,-0.0,-0.2178252786397934,0.8774369955062866,-0.43718451261520386,0.05982524901628494,0.08436894416809082,-0.0,-0.28378644585609436,-0.8866409063339233,-0.03834952041506767,0.012632614001631737,2.450196916470304e-05,0.0,0.0,0.0,0.005789338145405054,0.10004892200231552,0.0,0.10741472989320755,-1.4850562810897827,-0.14416742324829102,0.0,0.0,0.03087957203388214,0.5959750413894653,-1.0470211505889893,-0.22514930367469788,-0.00968177616596222,0.14634501934051514,-0.322579950094223,-1.267253041267395,0.059533391147851944
238,-0.0,0.0,0.0,0.0,0.0,0.0,0.10000000149011612,0.0,0.10737865418195724,-1.4848934412002563,-0.14419420063495636,-0.0,-0.0,-0.2178252786397934,0.8574952483177185,-0.40343695878982544,0.09050486981868744,0.05215534567832947,-0.0,-0.2822524607181549,-0.8866409063339233,-0.03988350182771683,-0.3286009132862091,-0.00332721252925694,0.0,0.0,0.0,-0.04250015318393707,-0.9998122453689575,0.0,-0.99986732006073,-0.9998070001602173,-1.0001758337020874,-0.0,-0.0,-1.6416325569152832,1.699366569519043,0.3119752109050751,0.9895345568656921,0.5953748822212219,-0.481687992811203,-0.1848684847354889,0.1718635857105255,-1.9070701599121094,-0.0,0.0,0.0,0.0,0.0,0.0,0.10000000149011612,0.0,0.10737865418195724,-1.4848934412002563,-0.14419420063495636,-0.0,-0.0,-0.2178252786397934,0.8574952483177185,-0.40343695878982544,0.09050486981868744,0.05215534567832947,-0.0,-0.2822524607181549,-0.8866409063339233,-0.03988350182771683,0.012632614001631737,2.450196916470304e-05,0.0,0.0,0.0,0.005789338145405054,0.10004892200231552,0.0,0.10741472989320755,-1.4850562810897827,-0.14416742324829102,0.0,0.0,0.03087957203388214,0.5896300077438354,-1.0180294513702393,-0.21473297476768494,-0.013579962775111198,0.14634501934051514,-0.32195454835891724,-1.267253041267395,0.05945178493857384
239,-0.0,0.0,0.0,0.0,0.0,0.0,0.10000000149011612,0.0,0.10737865418195724,-1.4848934412002563,-0.14419420063495636,-0.0,-0.0,-0.2178252786397934,0.8191457390785217,-0.35281556844711304,0.27458256483078003,0.016873788088560104,-0.0,-0.279184490442276,-0.8912428617477417,-0.04295146092772484,-0.3286009132862091,-0.00332721252925694,0.0,0.0,0.0,-0.04250015318393707,-0.9998122453689575,0.0,-0.99986732006073,-0.9998070001602173,-1.0001758337020874,-0.0,-0.0,-1.6416325569152832,1.5788382291793823,0.3709006607532501,1.5317062139511108,0.3038172423839569,-0.481687992811203,-0.17734315991401672,0.15906527638435364,-1.964738130569458,-0.0,0.0,0.0,0.0,0.0,0.0,0.10000000149011612,0.0,0.10737865418195724,-1.4848934412002563,-0.14419420063495636,-0.0,-0.0,-0.2178252786397934,0.8191457390785217,-0.35281556844711304,0.27458256483078003,0.016873788088560104,-0.0,-0.279184490442276,-0.8912428617477417,-0.04295146092772484,0.012632614001631737,2.450196916470304e-05,0.0,0.0,0.0,0.005789338145405054,0.10004892200231552,0.0,0.10741472989320755,-1.4850562810897827,-0.14416742324829102,0.0,0.0,0.03087957203388214,0.5774279832839966,-0.9745419025421143,-0.15223506093025208,-0.017849404364824295,0.14634501934051514,-0.32070380449295044,-1.2689077854156494,0.05928856506943703
240,-0.0,0.0,0.0,0.0,0.0,0.0,0.10000000149011612,0.0,0.10737865418195724,-1.4848934412002563,-0.14419420063495636,-0.0,-0.0,-0.2178252786397934,0.780796229839325,-0.29759228229522705,0.2883884012699127,-0.026077672839164734,0.015339807607233524,-0.279184490442276,-0.8927768468856812,-0.04295146092772484,-0.3286009132862091,-0.00332721252925694,0.0,0.0,0.0,-0.04250015318393707,-0.9998122453689575,0.0,-0.99986732006073,-0.9998070001602173,-1.0001758337020874,-0.0,-0.0,-1.6416325569152832,1.4583100080490112,0.43518295884132385,1.5723692178726196,-0.05112249404191971,-0.43119773268699646,-0.17734315991401672,0.1547991782426834,-1.964738130569458,-0.0,0.0,0.0,0.0,0.0,0.0,0.10000000149011612,0.0,0.10737865418195724,-1.4848934412002563,-0.14419420063495636,-0.0,-0.0,-0.2178252786397934,0.780796229839325,-0.29759228229522705,0.2883884012699127,-0.026077672839164734,0.015339807607233524,-0.279184490442276,-0.8927768468856812,-0.04295146092772484,0.012632614001631737,2.450196916470304e-05,0.0,0.0,0.0,0.005789338145405054,0.10004892200231552,0.0,0.10741472989320755,-1.4850562810897827,-0.14416742324829102,0.0,0.0,0.03087957203388214,0.5652260184288025,-0.9271010160446167,-0.14754772186279297,-0.023046985268592834,0.15100550651550293,-0.32070380449295044,-1.2694593667984009,0.05928856506943703
241,-0.0,0.0,0.0,0.0,0.0,0.0,0.10000000149011612,0.0,0.10737865418195724,-1.4848934412002563,-0.14419420063495636,-0.0,-0.0,-0.2178252786397934,0.754718542098999,-0.26077672839164734,0.26998060941696167,-0.004601942375302315,0.7838642001152039,-0.27765053510665894,-0.8927768468856812,-0.04295146092772484,-0.3286009132862091,-0.00332721252925694,0.0,0.0,0.0,-0.04250015318393707,-0.9998122453689575,0.0,-0.99986732006073,-0.9998070001602173,-1.0001758337020874,-0.0,-0.0,-1.6416325569152832,1.3763506412506104,0.47803783416748047,1.518151879310608,0.1263473778963089,2.098365545272827,-0.1735805720090866,0.1547991782426834,-1.964738130569458,-0.0,0.0,0.0,0.0,0.0,0.0,0.10000000149011612,0.0,0.10737865418195724,-1.4848934412002563,-0.14419420063495636,-0.0,-0.0,-0.2178252786397934,0.754718542098999,-0.26077672839164734,0.26998060941696167,-0.004601942375302315,0.7838642001152039,-0.27765053510665894,-0.8927768468856812,-0.04295146092772484,0.012632614001631737,2.450196916470304e-05,0.0,0.0,0.0,0.005789338145405054,0.10004892200231552,0.0,0.10741472989320755,-1.4850562810897827,-0.14416742324829102,0.0,0.0,0.03087957203388214,0.5569286942481995,-0.8954737186431885,-0.15379752218723297,-0.020448194816708565,0.3844963312149048,-0.32007843255996704,-1.2694593667984009,0.05928856506943703
242,-0.0,0.0,0.0,0.0,0.0,0.0,0.10000000149011612,0.0,0.10737865418195724,-1.4848934412002563,-0.14419420063495636,-0.0,-0.0,-0.2178252786397934,0.7363107800483704,-0.24390295147895813,0.22396118938922882,0.0015339808305725455,0.7838642001152039,-0.2761165499687195,-0.8912428617477417,-0.04601942375302315,-0.3286009132862091,-0.00332721252925694,0.0,0.0,0.0,-0.04250015318393707,-0.9998122453689575,0.0,-0.99986732006073,-0.9998070001602173,-1.0001758337020874,-0.0,-0.0,-1.6416325569152832,1.3184970617294312,0.4976796507835388,1.3826090097427368,0.1770530641078949,2.098365545272827,-0.16981790959835052,0.15906527638435364,-2.0224061012268066,-0.0,0.0,0.0,0.0,0.0,0.0,0.10000000149011612,0.0,0.10737865418195724,-1.4848934412002563,-0.14419420063495636,-0.0,-0.0,-0.2178252786397934,0.7363107800483704,-0.24390295147895813,0.22396118938922882,0.0015339808305725455,0.7838642001152039,-0.2761165499687195,-0.8912428617477417,-0.04601942375302315,0.012632614001631737,2.450196916470304e-05,0.0,0.0,0.0,0.005789338145405054,0.10004892200231552,0.0,0.10741472989320755,-1.4850562810897827,-0.14416742324829102,0.0,0.0,0.03087957203388214,0.5510717034339905,-0.8809778690338135,-0.1694220006465912,-0.01970568299293518,0.3844963312149048,-0.31945303082466125,-1.2689077854156494,0.059125348925590515
243,-0.0,0.0,0.0,0.0,0.0,0.0,0.10000000149011612,0.0,0.10737865418195724,-1.4848934412002563,-0.14419420063495636,-0.0,-0.0,-0.2178252786397934,0.7240389585494995,-0.23930099606513977,0.2208932340145111,0.01073786523193121,0.7838642001152039,-0.2761165499687195,-0.8927768468856812,-0.04601942375302315,-0.3286009132862091,-0.00332721252925694,0.0,0.0,0.0,-0.04250015318393707,-0.9998122453689575,0.0,-0.99986732006073,-0.9998070001602173,-1.0001758337020874,-0.0,-0.0,-1.6416325569152832,1.2799280881881714,0.5030364990234375,1.373572826385498,0.2531115710735321,2.098365545272827,-0.16981790959835052,0.1547991782426834,-2.0224061012268066,-0.0,0.0,0.0,0.0,0.0,0.0,0.10000000149011612,0.0,0.10737865418195724,-1.4848934412002563,-0.14419420063495636,-0.0,-0.0,-0.2178252786397934,0.7240389585494995,-0.23930099606513977,0.2208932340145111,0.01073786523193121,0.7838642001152039,-0.2761165499687195,-0.8927768468856812,-0.04601942375302315,0.012632614001631737,2.450196916470304e-05,0.0,0.0,0.0,0.005789338145405054,0.10004892200231552,0.0,0.10741472989320755,-1.4850562810897827,-0.14416742324829102,0.0,0.0,0.03087957203388214,0.5471670627593994,-0.8770244121551514,-0.17046362161636353,-0.01859191432595253,0.3844963312149048,-0.31945303082466125,-1.2694593667984009,0.059125348925590515
244,-0.0,0.0,0.0,0.0,0.0,0.0,0.10000000149011612,0.0,0.10737865418195724,-1.4848934412002563,-0.14419420063495636,-0.0,-0.0,-0.2178252786397934,0.7194370031356812,-0.23930099606513977,0.21935924887657166,0.012271846644580364,0.7838642001152039,-0.279184490442276,-0.8958447575569153,-0.04601942375302315,-0.3286009132862091,-0.00332721252925694,0.0,0.0,0.0,-0.04250015318393707,-0.9998122453689575,0.0,-0.99986732006073,-0.9998070001602173,-1.0001758337020874,-0.0,-0.0,-1.6416325569152832,1.2654646635055542,0.5030364990234375,1.3690547943115234,0.2657879889011383,2.098365545272827,-0.17734315991401672,0.1462671458721161,-2.0224061012268066,-0.0,0.0,0.0,0.0,0.0,0.0,0.10000000149011612,0.0,0.10737865418195724,-1.4848934412002563,-0.14419420063495636,-0.0,-0.0,-0.2178252786397934,0.7194370031356812,-0.23930099606513977,0.21935924887657166,0.012271846644580364,0.7838642001152039,-0.279184490442276,-0.8958447575569153,-0.04601942375302315,0.012632614001631737,2.450196916470304e-05,0.0,0.0,0.0,0.005789338145405054,0.10004892200231552,0.0,0.10741472989320755,-1.4850562810897827,-0.14416742324829102,0.0,0.0,0.03087957203388214,0.5457028150558472,-0.8770244121551514,-0.1709844470024109,-0.01840628683567047,0.3844963312149048,-0.32070380449295044,-1.2705625295639038,0.059125348925590515
245,-0.0,0.0,0.0,0.0,0.0,0.0,0.10000000149011612,0.0,0.10737865418195724,-1.4848934412002563,-0.14419420063495636,-0.0,-0.0,-0.2178252786397934,0.7056311368942261,-0.23930099606513977,0.1978835165500641,-0.01840776950120926,0.7838642001152039,-0.28378644585609436,-0.8973787426948547,-0.04601942375302315,-0.3286009132862091,-0.00332721252925694,0.0,0.0,0.0,-0.04250015318393707,-0.9998122453689575,0.0,-0.99986732006073,-0.9998070001602173,-1.0001758337020874,-0.0,-0.0,-1.6416325569152832,1.222074270248413,0.5030364990234375,1.3058013916015625,0.012259597890079021,2.098365545272827,-0.18863114714622498,0.14200104773044586,-2.0224061012268066,-0.0,0.0,0.0,0.0,0.0,0.0,0.10000000149011612,0.0,0.10737865418195724,-1.4848934412002563,-0.14419420063495636,-0.0,-0.0,-0.2178252786397934,0.7056311368942261,-0.23930099606513977,0.1978835165500641,-0.01840776950120926,0.7838642001152039,-0.28378644585609436,-0.8973787426948547,-0.04601942375302315,0.012632614001631737,2.450196916470304e-05,0.0,0.0,0.0,0.005789338145405054,0.10004892200231552,0.0,0.10741472989320755,-1.4850562810897827,-0.14416742324829102,0.0,0.0,0.03087957203388214,0.5413101315498352,-0.8770244121551514,-0.17827586829662323,-0.02211884595453739,0.3844963312149048,-0.322579950094223,-1.2711141109466553,0.059125348925590515
246,-0.0,0.0,0.0,0.0,0.0,0.0,0.10000000149011612,0.0,0.10737865418195724,-1.4848934412002563,-0.14419420063495636,-0.0,-0.0,-0.22396118938922882,0.6887573599815369,-0.2377670258283615,0.1902136206626892,-0.03528155758976936,0.7838642001152039,-0.28378644585609436,-0.8973787426948547,-0.04601942375302315,-0.3286009132862091,-0.00332721252925694,0.0,0.0,0.0,-0.04250015318393707,-0.9998122453689575,0.0,-0.99986732006073,-0.9998070001602173,-1.0001758337020874,-0.0,-0.0,-1.676759958267212,1.1690418720245361,0.5048221349716187,1.2832108736038208,-0.1271810084581375,2.098365545272827,-0.18863114714622498,0.14200104773044586,-2.0224061012268066,-0.0,0.0,0.0,0.0,0.0,0.0,0.10000000149011612,0.0,0.10737865418195724,-1.4848934412002563,-0.14419420063495636,-0.0,-0.0,-0.22396118938922882,0.6887573599815369,-0.2377670258283615,0.1902136206626892,-0.03528155758976936,0.7838642001152039,-0.28378644585609436,-0.8973787426948547,-0.04601942375302315,0.012632614001631737,2.450196916470304e-05,0.0,0.0,0.0,0.005789338145405054,0.10004892200231552,0.0,0.10741472989320755,-1.4850562810897827,-0.14416742324829102,0.0,0.0,0.02980777621269226,0.5359412431716919,-0.8757066130638123,-0.18087995052337646,-0.024160752072930336,0.3844963312149048,-0.322579950094223,-1.2711141109466553,0.059125348925590515
247,-0.0,0.0,0.0,0.0,0.0,0.0,0.10000000149011612,0.0,0.10737865418195724,-1.4848934412002563,-0.14419420063495636,-0.0,-0.0,-0.2346990555524826,0.6642136573791504,-0.23316508531570435,0.17487381398677826,-0.07669904083013535,0.7838642001152039,-0.2883884012699127,-0.9004467129707336,-0.04601942375302315,-0.3286009132862091,-0.00332721252925694,0.0,0.0,0.0,-0.04250015318393707,-0.9998122453689575,0.0,-0.99986732006073,-0.9998070001602173,-1.0001758337020874,-0.0,-0.0,-1.738232970237732,1.091903567314148,0.5101789832115173,1.238029956817627,-0.4694443643093109,2.098365545272827,-0.19991913437843323,0.1334688365459442,-2.0224061012268066,-0.0,0.0,0.0,0.0,0.0,0.0,0.10000000149011612,0.0,0.10737865418195724,-1.4848934412002563,-0.14419420063495636,-0.0,-0.0,-0.2346990555524826,0.6642136573791504,-0.23316508531570435,0.17487381398677826,-0.07669904083013535,0.7838642001152039,-0.2883884012699127,-0.9004467129707336,-0.04601942375302315,0.012632614001631737,2.450196916470304e-05,0.0,0.0,0.0,0.005789338145405054,0.10004892200231552,0.0,0.10741472989320755,-1.4850562810897827,-0.14416742324829102,0.0,0.0,0.02793212980031967,0.5281319618225098,-0.8717532157897949,-0.18608810007572174,-0.029172705486416817,0.3844963312149048,-0.3244560956954956,-1.2722172737121582,0.059125348925590515
248,-0.0,0.0,0.0,0.0,0.0,0.0,0.10000000149011612,0.0,0.10737865418195724,-1.4848934412002563,-0.14419420063495636,-0.0,-0.0,-0.2346990555524826,0.6442719101905823,-0.2316311001777649,0.17180584371089935,-0.07209710031747818,0.7838642001152039,-0.2929903268814087,-0.9004467129707336,-0.0475534051656723,-0.3286009132862091,-0.00332721252925694,0.0,0.0,0.0,-0.04250015318393707,-0.9998122453689575,0.0,-0.99986732006073,-0.9998070001602173,-1.0001758337020874,-0.0,-0.0,-1.738232970237732,1.029228925704956,0.5119646191596985,1.2289936542510986,-0.4314151108264923,2.098365545272827,-0.21120703220367432,0.1334688365459442,-2.0512399673461914,-0.0,0.0,0.0,0.0,0.0,0.0,0.10000000149011612,0.0,0.10737865418195724,-1.4848934412002563,-0.14419420063495636,-0.0,-0.0,-0.2346990555524826,0.6442719101905823,-0.2316311001777649,0.17180584371089935,-0.07209710031747818,0.7838642001152039,-0.2929903268814087,-0.9004467129707336,-0.0475534051656723,0.012632614001631737,2.450196916470304e-05,0.0,0.0,0.0,0.005789338145405054,0.10004892200231552,0.0,0.10741472989320755,-1.4850562810897827,-0.14416742324829102,0.0,0.0,0.02793212980031967,0.5217869281768799,-0.8704354166984558,-0.18712973594665527,-0.02861582115292549,0.3844963312149048,-0.3263322412967682,-1.2722172737121582,0.05904373899102211
249,-0.0,0.0,0.0,0.0,0.0,0.0,0.10000000149011612,0.0,0.10737865418195724,-1.4848934412002563,-0.14419420063495636,-0.0,-0.0,-0.2346990555524826,0.6212621927261353,-0.2316311001777649,0.1595340073108673,-0.08743690699338913,0.7838642001152039,-0.29452431201934814,-0.8958447575569153,-0.0475534051656723,-0.3286009132862091,-0.00332721252925694,0.0,0.0,0.0,-0.04250015318393707,-0.9998122453689575,0.0,-0.99986732006073,-0.9998070001602173,-1.0001758337020874,-0.0,-0.0,-1.738232970237732,0.9569118022918701,0.5119646191596985,1.192849040031433,-0.5581792593002319,2.098365545272827,-0.2149696946144104,0.1462671458721161,-2.0512399673461914,-0.0,0.0,0.0,0.0,0.0,0.0,0.10000000149011612,0.0,0.10737865418195724,-1.4848934412002563,-0.14419420063495636,-0.0,-0.0,-0.2346990555524826,0.6212621927261353,-0.2316311001777649,0.1595340073108673,-0.08743690699338913,0.7838642001152039,-0.29452431201934814,-0.8958447575569153,-0.0475534051656723,0.012632614001631737,2.450196916470304e-05,0.0,0.0,0.0,0.005789338145405054,0.10004892200231552,0.0,0.10741472989320755,-1.4850562810897827,-0.14416742324829102,0.0,0.0,0.02793212980031967,0.5144657492637634,-0.8704354166984558,-0.1912962645292282,-0.030472099781036377,0.3844963312149048,-0.326957643032074,-1.2705625295639038,0.05904373899102211
250,-0.0,0.0,0.0,0.0,0.0,0.0,0.10000000149011612,0.0,0.10737865418195724,-1.4848934412002563,-0.14419420063495636,-0.0,-0.0,-0.2346990555524826,0.6028544306755066,-0.2316311001777649,0.15800002217292786,-0.09664078801870346,0.7838642001152039,-0.2960582971572876,-0.8866409063339233,-0.0475534051656723,-0.3286009132862091,-0.00332721252925694,0.0,0.0,0.0,-0.04250015318393707,-0.9998122453689575,0.0,-0.99986732006073,-0.9998070001602173,-1.0001758337020874,-0.0,-0.0,-1.738232970237732,0.8990582227706909,0.5119646191596985,1.188330888748169,-0.6342377662658691,2.098365545272827,-0.21873235702514648,0.1718635857105255,-2.0512399673461914,-0.0,0.0,0.0,0.0,0.0,0.0,0.10000000149011612,0.0,0.10737865418195724,-1.4848934412002563,-0.14419420063495636,-0.0,-0.0,-0.2346990555524826,0.6028544306755066,-0.2316311001777649,0.15800002217292786,-0.09664078801870346,0.7838642001152039,-0.2960582971572876,-0.8866409063339233,-0.0475534051656723,0.012632614001631737,2.450196916470304e-05,0.0,0.0,0.0,0.005789338145405054,0.10004892200231552,0.0,0.10741472989320755,-1.4850562810897827,-0.14416742324829102,0.0,0.0,0.02793212980031967,0.5086088180541992,-0.8704354166984558,-0.19181707501411438,-0.03158586844801903,0.3844963312149048,-0.3275830149650574,-1.267253041267395,0.05904373899102211
251,-0.0,0.0,0.0,0.0,0.0,0.0,0.10000000149011612,0.0,0.10737865418195724,-1.4848934412002563,-0.14419420063495636,-0.0,-0.0,-0.2346990555524826,0.5875146389007568,-0.23009711503982544,0.15800002217292786,-0.0951068103313446,0.7838642001152039,-0.30066022276878357,-0.8851069211959839,-0.04601942375302315,-0.3286009132862091,-0.00332721252925694,0.0,0.0,0.0,-0.04250015318393707,-0.9998122453689575,0.0,-0.99986732006073,-0.9998070001602173,-1.0001758337020874,-0.0,-0.0,-1.738232970237732,0.8508469462394714,0.5137502551078796,1.188330888748169,-0.6215614080429077,2.098365545272827,-0.23002026975154877,0.17612968385219574,-2.0224061012268066,-0.0,0.0,0.0,0.0,0.0,0.0,0.10000000149011612,0.0,0.10737865418195724,-1.4848934412002563,-0.14419420063495636,-0.0,-0.0,-0.2346990555524826,0.5875146389007568,-0.23009711503982544,0.15800002217292786,-0.0951068103313446,0.7838642001152039,-0.30066022276878357,-0.8851069211959839,-0.04601942375302315,0.012632614001631737,2.450196916470304e-05,0.0,0.0,0.0,0.005789338145405054,0.10004892200231552,0.0,0.10741472989320755,-1.4850562810897827,-0.14416742324829102,0.0,0.0,0.02793212980031967,0.5037280321121216,-0.8691176176071167,-0.19181707501411438,-0.03140024095773697,0.3844963312149048,-0.32945916056632996,-1.2667014598846436,0.059125348925590515
252,-0.0,0.0,0.0,0.0,0.0,0.0,0.10000000149011612,0.0,0.10737865418195724,-1.4848934412002563,-0.14419420063495636,-0.0,-0.0,-0.2346990555524826,0.5614369511604309,-0.22396118938922882,0.17640778422355652,-0.10277671366930008,0.7838642001152039,-0.30066022276878357,-0.8897088766098022,-0.0475534051656723,-0.3286009132862091,-0.00332721252925694,0.0,0.0,0.0,-0.04250015318393707,-0.9998122453689575,0.0,-0.99986732006073,-0.9998070001602173,-1.0001758337020874,-0.0,-0.0,-1.738232970237732,0.7688875794410706,0.5208927392959595,1.2425479888916016,-0.684943437576294,2.098365545272827,-0.23002026975154877,0.16333138942718506,-2.0512399673461914,-0.0,0.0,0.0,0.0,0.0,0.0,0.10000000149011612,0.0,0.10737865418195724,-1.4848934412002563,-0.14419420063495636,-0.0,-0.0,-0.2346990555524826,0.5614369511604309,-0.22396118938922882,0.17640778422355652,-0.10277671366930008,0.7838642001152039,-0.30066022276878357,-0.8897088766098022,-0.0475534051656723,0.012632614001631737,2.450196916470304e-05,0.0,0.0,0.0,0.005789338145405054,0.10004892200231552,0.0,0.10741472989320755,-1.4850562810897827,-0.14416742324829102,0.0,0.0,0.02793212980031967,0.4954306483268738,-0.8638464212417603,-0.18556728959083557,-0.03232837840914726,0.3844963312149048,-0.32945916056632996,-1.268356204032898,0.05904373899102211
253,-0.0,0.0,0.0,0.0,0.0,0.0,0.10000000149011612,0.0,0.10737865418195724,-1.4848934412002563,-0.14419420063495636,-0.0,-0.0,-0.2346990555524826,0.5491651296615601,-0.2208932340145111,0.17487381398677826,-0.09970875084400177,0.7838642001152039,-0.2991262674331665,-0.8927768468856812,-0.05062136426568031,-0.3286009132862091,-0.00332721252925694,0.0,0.0,0.0,-0.04250015318393707,-0.9998122453689575,0.0,-0.99986732006073,-0.9998070001602173,-1.0001758337020874,-0.0,-0.0,-1.738232970237732,0.730318546295166,0.524463951587677,1.238029956817627,-0.6595906615257263,2.098365545272827,-0.22625768184661865,0.1547991782426834,-2.10890793800354,-0.0,0.0,0.0,0.0,0.0,0.0,0.10000000149011612,0.0,0.10737865418195724,-1.4848934412002563,-0.14419420063495636,-0.0,-0.0,-0.2346990555524826,0.5491651296615601,-0.2208932340145111,0.17487381398677826,-0.09970875084400177,0.7838642001152039,-0.2991262674331665,-0.8927768468856812,-0.05062136426568031,0.012632614001631737,2.450196916470304e-05,0.0,0.0,0.0,0.005789338145405054,0.10004892200231552,0.0,0.10741472989320755,-1.4850562810897827,-0.14416742324829102,0.0,0.0,0.02793212980031967,0.4915260374546051,-0.8612107634544373,-0.18608810007572174,-0.031957123428583145,0.3844963312149048,-0.32883378863334656,-1.2694593667984009,0.0588805228471756
254,-0.0,0.0,0.0,0.0,0.0,0.0,0.10000000149011612,0.0,0.10737865418195724,-1.4848934412002563,-0.14419420063495636,-0.0,-0.0,-0.2346990555524826,0.526155412197113,-0.2178252786397934,0.17947575449943542,-0.11965049803256989,0.7838642001152039,-0.2960582971572876,-0.8943107724189758,-0.05215534567832947,-0.3286009132862091,-0.00332721252925694,0.0,0.0,0.0,-0.04250015318393707,-0.9998122453689575,0.0,-0.99986732006073,-0.9998070001602173,-1.0001758337020874,-0.0,-0.0,-1.738232970237732,0.6580015420913696,0.5280351638793945,1.2515842914581299,-0.8243840932846069,2.098365545272827,-0.21873235702514648,0.15053324401378632,-2.137741804122925,-0.0,0.0,0.0,0.0,0.0,0.0,0.10000000149011612,0.0,0.10737865418195724,-1.4848934412002563,-0.14419420063495636,-0.0,-0.0,-0.2346990555524826,0.526155412197113,-0.2178252786397934,0.17947575449943542,-0.11965049803256989,0.7838642001152039,-0.2960582971572876,-0.8943107724189758,-0.05215534567832947,0.012632614001631737,2.450196916470304e-05,0.0,0.0,0.0,0.005789338145405054,0.10004892200231552,0.0,0.10741472989320755,-1.4850562810897827,-0.14416742324829102,0.0,0.0,0.02793212980031967,0.48420482873916626,-0.858575165271759,-0.18452565371990204,-0.03437028452754021,0.3844963312149048,-0.3275830149650574,-1.2700109481811523,0.05879891663789749
255,-0.0,0.0,0.0,0.0,0.0,0.0,0.10000000149011612,0.0,0.10737865418195724,-1.4848934412002563,-0.14419420063495636,-0.0,-0.0,-0.2346990555524826,0.5000777244567871,-0.21935924887657166,0.17487381398677826,-0.12732040882110596,0.7838642001152039,-0.2929903268814087,-0.8927768468856812,-0.04908738657832146,-0.3286009132862091,-0.00332721252925694,0.0,0.0,0.0,-0.04250015318393707,-0.9998122453689575,0.0,-0.99986732006073,-0.9998070001602173,-1.0001758337020874,-0.0,-0.0,-1.738232970237732,0.5760421752929688,0.5262495875358582,1.238029956817627,-0.8877662420272827,2.098365545272827,-0.21120703220367432,0.1547991782426834,-2.080073833465576,-0.0,0.0,0.0,0.0,0.0,0.0,0.10000000149011612,0.0,0.10737865418195724,-1.4848934412002563,-0.14419420063495636,-0.0,-0.0,-0.2346990555524826,0.5000777244567871,-0.21935924887657166,0.17487381398677826,-0.12732040882110596,0.7838642001152039,-0.2929903268814087,-0.8927768468856812,-0.04908738657832146,0.012632614001631737,2.450196916470304e-05,0.0,0.0,0.0,0.005789338145405054,0.10004892200231552,0.0,0.10741472989320755,-1.4850562810897827,-0.14416742324829102,0.0,0.0,0.02793212980031967,0.47590750455856323,-0.8598929643630981,-0.18608810007572174,-0.0352984257042408,0.3844963312149048,-0.3263322412967682,-1.2694593667984009,0.058962132781744
256,-0.0,0.0,0.0,0.0,0.0,0.0,0.10000000149011612,0.0,0.10737865418195724,-1.4848934412002563,-0.14419420063495636,-0.0,-0.0,-0.23009711503982544,0.4862719178199768,-0.22242721915245056,0.1840776950120926,-0.1257864236831665,0.7838642001152039,-0.2883884012699127,-0.8912428617477417,-0.05062136426568031,-0.3286009132862091,-0.00332721252925694,0.0,0.0,0.0,-0.04250015318393707,-0.9998122453689575,0.0,-0.99986732006073,-0.9998070001602173,-1.0001758337020874,-0.0,-0.0,-1.7118874788284302,0.5326520204544067,0.5226783156394958,1.2651385068893433,-0.8750898241996765,2.098365545272827,-0.19991913437843323,0.15906527638435364,-2.10890793800354,-0.0,0.0,0.0,0.0,0.0,0.0,0.10000000149011612,0.0,0.10737865418195724,-1.4848934412002563,-0.14419420063495636,-0.0,-0.0,-0.23009711503982544,0.4862719178199768,-0.22242721915245056,0.1840776950120926,-0.1257864236831665,0.7838642001152039,-0.2883884012699127,-0.8912428617477417,-0.05062136426568031,0.012632614001631737,2.450196916470304e-05,0.0,0.0,0.0,0.005789338145405054,0.10004892200231552,0.0,0.10741472989320755,-1.4850562810897827,-0.14416742324829102,0.0,0.0,0.02873598039150238,0.4715147614479065,-0.8625285625457764,-0.18296320736408234,-0.03511279821395874,0.3844963312149048,-0.3244560956954956,-1.2689077854156494,0.0588805228471756
257,-0.0,0.0,0.0,0.0,0.0,0.0,0.10000000149011612,0.0,0.10737865418195724,-1.4848934412002563,-0.14419420063495636,-0.0,-0.0,-0.23009711503982544,0.4632622003555298,-0.22396118938922882,0.19481556117534637,-0.1365242898464203,0.7838642001152039,-0.2853204309940338,-0.8897088766098022,-0.05368932709097862,-0.3286009132862091,-0.00332721252925694,0.0,0.0,0.0,-0.04250015318393707,-0.9998122453689575,0.0,-0.99986732006073,-0.9998070001602173,-1.0001758337020874,-0.0,-0.0,-1.7118874788284302,0.4603349566459656,0.5208927392959595,1.2967652082443237,-0.9638247489929199,2.098365545272827,-0.19239380955696106,0.16333138942718506,-2.1665756702423096,-0.0,0.0,0.0,0.0,0.0,0.0,0.10000000149011612,0.0,0.10737865418195724,-1.4848934412002563,-0.14419420063495636,-0.0,-0.0,-0.23009711503982544,0.4632622003555298,-0.22396118938922882,0.19481556117534637,-0.1365242898464203,0.7838642001152039,-0.2853204309940338,-0.8897088766098022,-0.05368932709097862,0.012632614001631737,2.450196916470304e-05,0.0,0.0,0.0,0.005789338145405054,0.10004892200231552,0.0,0.10741472989320755,-1.4850562810897827,-0.14416742324829102,0.0,0.0,0.02873598039150238,0.46419358253479004,-0.8638464212417603,-0.17931750416755676,-0.03641219437122345,0.3844963312149048,-0.3232053518295288,-1.268356204032898,0.058717306703329086
258,-0.0,0.0,0.0,0.0,0.0,0.0,0.10000000149011612,0.0,0.10737865418195724,-1.4848934412002563,-0.14419420063495636,-0.0,-0.0,-0.22702915966510773,0.43718451261520386,-0.21935924887657166,0.21015536785125732,-0.15800002217292786,0.7838642001152039,-0.27765053510665894,-0.8912428617477417,-0.058291271328926086,-0.3286009132862091,-0.00332721252925694,0.0,0.0,0.0,-0.04250015318393707,-0.9998122453689575,0.0,-0.99986732006073,-0.9998070001602173,-1.0001758337020874,-0.0,-0.0,-1.6943236589431763,0.3783756196498871,0.5262495875358582,1.3419461250305176,-1.1412945985794067,2.098365545272827,-0.1735805720090866,0.15906527638435364,-2.253077745437622,-0.0,0.0,0.0,0.0,0.0,0.0,0.10000000149011612,0.0,0.10737865418195724,-1.4848934412002563,-0.14419420063495636,-0.0,-0.0,-0.22702915966510773,0.43718451261520386,-0.21935924887657166,0.21015536785125732,-0.15800002217292786,0.7838642001152039,-0.27765053510665894,-0.8912428617477417,-0.058291271328926086,0.012632614001631737,2.450196916470304e-05,0.0,0.0,0.0,0.005789338145405054,0.10004892200231552,0.0,0.10741472989320755,-1.4850562810897827,-0.14416742324829102,0.0,0.0,0.02927187830209732,0.4558962285518646,-0.8598929643630981,-0.1741093397140503,-0.03901098296046257,0.3844963312149048,-0.32007843255996704,-1.2689077854156494,0.05847248062491417
259,-0.0,0.0,0.0,0.0,0.0,0.0,0.10000000149011612,0.0,0.10737865418195724,-1.4848934412002563,-0.14419420063495636,-0.0,-0.0,-0.2178252786397934,0.42337870597839355,-0.21322332322597504,0.22549517452716827,-0.1672039031982422,0.7838642001152039,-0.27458256483078003,-0.8958447575569153,-0.058291271328926086,-0.3286009132862091,-0.00332721252925694,0.0,0.0,0.0,-0.04250015318393707,-0.9998122453689575,0.0,-0.99986732006073,-0.9998070001602173,-1.0001758337020874,-0.0,-0.0,-1.6416325569152832,0.3349854648113251,0.5333920121192932,1.387127161026001,-1.217353105545044,2.098365545272827,-0.16605524718761444,0.1462671458721161,-2.253077745437622,-0.0,0.0,0.0,0.0,0.0,0.0,0.10000000149011612,0.0,0.10737865418195724,-1.4848934412002563,-0.14419420063495636,-0.0,-0.0,-0.2178252786397934,0.42337870597839355,-0.21322332322597504,0.22549517452716827,-0.1672039031982422,0.7838642001152039,-0.27458256483078003,-0.8958447575569153,-0.058291271328926086,0.012632614001631737,2.450196916470304e-05,0.0,0.0,0.0,0.005789338145405054,0.10004892200231552,0.0,0.10741472989320755,-1.4850562810897827,-0.14416742324829102,0.0,0.0,0.03087957203388214,0.4515035152435303,-0.8546217679977417,-0.16890117526054382,-0.04012475162744522,0.3844963312149048,-0.31882765889167786,-1.2705625295639038,0.05847248062491417
260,-0.0,0.0,0.0,0.0,0.0,0.0,0.10000000149011612,0.0,0.10737865418195724,-1.4848934412002563,-0.14419420063495636,-0.0,-0.0,-0.19941750168800354,0.40036898851394653,-0.200951486825943,0.2316311001777649,-0.1595340073108673,0.7838642001152039,-0.2715145945549011,-0.8989127278327942,-0.05522330850362778,-0.3286009132862091,-0.00332721252925694,0.0,0.0,0.0,-0.04250015318393707,-0.9998122453689575,0.0,-0.99986732006073,-0.9998070001602173,-1.0001758337020874,-0.0,-0.0,-1.5362499952316284,0.2626684308052063,0.5476769804954529,1.4051995277404785,-1.1539710760116577,2.098365545272827,-0.15852992236614227,0.13773493468761444,-2.1954095363616943,-0.0,0.0,0.0,0.0,0.0,0.0,0.10000000149011612,0.0,0.10737865418195724,-1.4848934412002563,-0.14419420063495636,-0.0,-0.0,-0.19941750168800354,0.40036898851394653,-0.200951486825943,0.2316311001777649,-0.1595340073108673,0.7838642001152039,-0.2715145945549011,-0.8989127278327942,-0.05522330850362778,0.012632614001631737,2.450196916470304e-05,0.0,0.0,0.0,0.005789338145405054,0.10004892200231552,0.0,0.10741472989320755,-1.4850562810897827,-0.14416742324829102,0.0,0.0,0.03409496694803238,0.4441823363304138,-0.844079315662384,-0.16681791841983795,-0.03919661045074463,0.3844963312149048,-0.31757688522338867,-1.2716656923294067,0.05863569676876068
261,-0.0,0.0,0.0,0.0,0.0,0.0,0.10000000149011612,0.0,0.10737865418195724,-1.4848934412002563,-0.14419420063495636,-0.0,-0.0,-0.19328157603740692,0.3850291669368744,-0.19328157603740692,0.23316508531570435,-0.16260196268558502,0.7838642001152039,-0.2684466242790222,-0.9004467129707336,-0.05522330850362778,-0.3286009132862091,-0.00332721252925694,0.0,0.0,0.0,-0.04250015318393707,-0.9998122453689575,0.0,-0.99986732006073,-0.9998070001602173,-1.0001758337020874,-0.0,-0.0,-1.5011225938796997,0.21445702016353607,0.5566051006317139,1.4097175598144531,-1.1793239116668701,2.098365545272827,-0.1510045975446701,0.1334688365459442,-2.1954095363616943,-0.0,0.0,0.0,0.0,0.0,0.0,0.10000000149011612,0.0,0.10737865418195724,-1.4848934412002563,-0.14419420063495636,-0.0,-0.0,-0.19328157603740692,0.3850291669368744,-0.19328157603740692,0.23316508531570435,-0.16260196268558502,0.7838642001152039,-0.2684466242790222,-0.9004467129707336,-0.05522330850362778,0.012632614001631737,2.450196916470304e-05,0.0,0.0,0.0,0.005789338145405054,0.10004892200231552,0.0,0.10741472989320755,-1.4850562810897827,-0.14416742324829102,0.0,0.0,0.03516676649451256,0.4393015205860138,-0.8374903202056885,-0.16629710793495178,-0.039567865431308746,0.3844963312149048,-0.3163261115550995,-1.2722172737121582,0.05863569676876068
262,-0.0,0.0,0.0,0.0,0.0,0.0,0.10000000149011612,0.0,0.10737865418195724,-1.4848934412002563,-0.14419420063495636,-0.0,-0.0,-0.17947575449943542,0.3650874197483063,-0.18254370987415314,0.2346990555524826,-0.15800002217292786,0.7838642001152039,-0.26691266894340515,-0.9004467129707336,-0.05522330850362778,-0.3286009132862091,-0.00332721252925694,0.0,0.0,0.0,-0.04250015318393707,-0.9998122453689575,0.0,-0.99986732006073,-0.9998070001602173,-1.0001758337020874,-0.0,-0.0,-1.4220858812332153,0.15178227424621582,0.5691044330596924,1.4142357110977173,-1.1412945985794067,2.098365545272827,-0.14724200963974,0.1334688365459442,-2.1954095363616943,-0.0,0.0,0.0,0.0,0.0,0.0,0.10000000149011612,0.0,0.10737865418195724,-1.4848934412002563,-0.14419420063495636,-0.0,-0.0,-0.17947575449943542,0.3650874197483063,-0.18254370987415314,0.2346990555524826,-0.15800002217292786,0.7838642001152039,-0.26691266894340515,-0.9004467129707336,-0.05522330850362778,0.012632614001631737,2.450196916470304e-05,0.0,0.0,0.0,0.005789338145405054,0.10004892200231552,0.0,0.10741472989320755,-1.4850562810897827,-0.14416742324829102,0.0,0.0,0.03757831081748009,0.4329564869403839,-0.8282656669616699,-0.16577628254890442,-0.03901098296046257,0.3844963312149048,-0.3157007396221161,-1.2722172737121582,0.05863569676876068
263,-0.0,0.0,0.0,0.0,0.0,0.0,0.10000000149011612,0.0,0.10737865418195724,-1.4848934412002563,-0.14419420063495636,-0.0,-0.0,-0.17947575449943542,0.3497476279735565,-0.17640778422355652,0.2346990555524826,-0.16260196268558502,0.7838642001152039,-0.26691266894340515,-0.9019806981086731,-0.05522330850362778,-0.3286009132862091,-0.00332721252925694,0.0,0.0,0.0,-0.04250015318393707,-0.9998122453689575,0.0,-0.99986732006073,-0.9998070001602173,-1.0001758337020874,-0.0,-0.0,-1.4220858812332153,0.10357096791267395,0.5762469172477722,1.4142357110977173,-1.1793239116668701,2.098365545272827,-0.14724200963974,0.129202738404274,-2.1954095363616943,-0.0,0.0,0.0,0.0,0.0,0.0,0.10000000149011612,0.0,0.10737865418195724,-1.4848934412002563,-0.14419420063495636,-0.0,-0.0,-0.17947575449943542,0.3497476279735565,-0.17640778422355652,0.2346990555524826,-0.16260196268558502,0.7838642001152039,-0.26691266894340515,-0.9019806981086731,-0.05522330850362778,0.012632614001631737,2.450196916470304e-05,0.0,0.0,0.0,0.005789338145405054,0.10004892200231552,0.0,0.10741472989320755,-1.4850562810897827,-0.14416742324829102,0.0,0.0,0.03757831081748009,0.4280757009983063,-0.8229944705963135,-0.16577628254890442,-0.039567865431308746,0.3844963312149048,-0.3157007396221161,-1.2727688550949097,0.05863569676876068
264,-0.0,0.0,0.0,0.0,0.0,0.0,0.10000000149011612,0.0,0.10737865418195724,-1.4848934412002563,-0.14419420063495636,-0.0,-0.0,-0.17947575449943542,0.3206019699573517,-0.15800002217292786,0.23623304069042206,-0.17180584371089935,0.7838642001152039,-0.2653786838054657,-0.9019806981086731,-0.05368932709097862,-0.3286009132862091,-0.00332721252925694,0.0,0.0,0.0,-0.04250015318393707,-0.9998122453689575,0.0,-0.99986732006073,-0.9998070001602173,-1.0001758337020874,-0.0,-0.0,-1.4220858812332153,0.011969323270022869,0.5976743102073669,1.4187538623809814,-1.2553822994232178,2.098365545272827,-0.1434793472290039,0.129202738404274,-2.1665756702423096,-0.0,0.0,0.0,0.0,0.0,0.0,0.10000000149011612,0.0,0.10737865418195724,-1.4848934412002563,-0.14419420063495636,-0.0,-0.0,-0.17947575449943542,0.3206019699573517,-0.15800002217292786,0.23623304069042206,-0.17180584371089935,0.7838642001152039,-0.2653786838054657,-0.9019806981086731,-0.05368932709097862,0.012632614001631737,2.450196916470304e-05,0.0,0.0,0.0,0.005789338145405054,0.10004892200231552,0.0,0.10741472989320755,-1.4850562810897827,-0.14416742324829102,0.0,0.0,0.03757831081748009,0.4188022017478943,-0.8071808218955994,-0.16525545716285706,-0.0406816340982914,0.3844963312149048,-0.3150753676891327,-1.2727688550949097,0.058717306703329086
265,-0.0,0.0,0.0,0.0,0.0,0.0,0.10000000149011612,0.0,0.10737865418195724,-1.4848934412002563,-0.14419420063495636,-0.0,-0.0,-0.17947575449943542,0.2960582971572876,-0.1365242898464203,0.24236896634101868,-0.17487381398677826,0.7838642001152039,-0.26691266894340515,-0.905048668384552,-0.05215534567832947,-0.3286009132862091,-0.00332721252925694,0.0,0.0,0.0,-0.04250015318393707,-0.9998122453689575,0.0,-0.99986732006073,-0.9998070001602173,-1.0001758337020874,-0.0,-0.0,-1.4220858812332153,-0.06516878306865692,0.6226730346679688,1.436826229095459,-1.2807352542877197,2.098365545272827,-0.14724200963974,0.12067053467035294,-2.137741804122925,-0.0,0.0,0.0,0.0,0.0,0.0,0.10000000149011612,0.0,0.10737865418195724,-1.4848934412002563,-0.14419420063495636,-0.0,-0.0,-0.17947575449943542,0.2960582971572876,-0.1365242898464203,0.24236896634101868,-0.17487381398677826,0.7838642001152039,-0.26691266894340515,-0.905048668384552,-0.05215534567832947,0.012632614001631737,2.450196916470304e-05,0.0,0.0,0.0,0.005789338145405054,0.10004892200231552,0.0,0.10741472989320755,-1.4850562810897827,-0.14416742324829102,0.0,0.0,0.03757831081748009,0.41099292039871216,-0.788731575012207,-0.16317220032215118,-0.04105289280414581,0.3844963312149048,-0.3157007396221161,-1.2738720178604126,0.05879891663789749
266,-0.0,0.0,0.0,0.0,0.0,0.0,0.10000000149011612,0.0,0.10737865418195724,-1.4848934412002563,-0.14419420063495636,-0.0,-0.0,-0.1840776950120926,0.26691266894340515,-0.10431069135665894,0.23930099606513977,-0.16106797754764557,0.7838642001152039,-0.2684466242790222,-0.9035146832466125,-0.05062136426568031,-0.3286009132862091,-0.00332721252925694,0.0,0.0,0.0,-0.04250015318393707,-0.9998122453689575,0.0,-0.99986732006073,-0.9998070001602173,-1.0001758337020874,-0.0,-0.0,-1.448431372642517,-0.15677033364772797,0.6601710319519043,1.4277900457382202,-1.1666474342346191,2.098365545272827,-0.1510045975446701,0.12493664026260376,-2.10890793800354,-0.0,0.0,0.0,0.0,0.0,0.0,0.10000000149011612,0.0,0.10737865418195724,-1.4848934412002563,-0.14419420063495636,-0.0,-0.0,-0.1840776950120926,0.26691266894340515,-0.10431069135665894,0.23930099606513977,-0.16106797754764557,0.7838642001152039,-0.2684466242790222,-0.9035146832466125,-0.05062136426568031,0.012632614001631737,2.450196916470304e-05,0.0,0.0,0.0,0.005789338145405054,0.10004892200231552,0.0,0.10741472989320755,-1.4850562810897827,-0.14416742324829102,0.0,0.0,0.03677446395158768,0.40171942114830017,-0.7610576748847961,-0.16421383619308472,-0.03938223794102669,0.3844963312149048,-0.3163261115550995,-1.2733204364776611,0.0588805228471756
267,-0.0,0.0,0.0,0.0,0.0,0.0,0.10000000149011612,0.0,0.10737865418195724,-1.4848934412002563,-0.14419420063495636,-0.0,-0.0,-0.1840776950120926,0.251572847366333,-0.08436894416809082,0.23930099606513977,-0.17180584371089935,0.7838642001152039,-0.26998060941696167,-0.905048668384552,-0.05062136426568031,-0.3286009132862091,-0.00332721252925694,0.0,0.0,0.0,-0.04250015318393707,-0.9998122453689575,0.0,-0.99986732006073,-0.9998070001602173,-1.0001758337020874,-0.0,-0.0,-1.448431372642517,-0.204981729388237,0.683384120464325,1.4277900457382202,-1.2553822994232178,2.098365545272827,-0.1547672599554062,0.12067053467035294,-2.10890793800354,-0.0,0.0,0.0,0.0,0.0,0.0,0.10000000149011612,0.0,0.10737865418195724,-1.4848934412002563,-0.14419420063495636,-0.0,-0.0,-0.1840776950120926,0.251572847366333,-0.08436894416809082,0.23930099606513977,-0.17180584371089935,0.7838642001152039,-0.26998060941696167,-0.905048668384552,-0.05062136426568031,0.012632614001631737,2.450196916470304e-05,0.0,0.0,0.0,0.005789338145405054,0.10004892200231552,0.0,0.10741472989320755,-1.4850562810897827,-0.14416742324829102,0.0,0.0,0.03677446395158768,0.39683860540390015,-0.7439262270927429,-0.16421383619308472,-0.0406816340982914,0.3844963312149048,-0.3169515132904053,-1.2738720178604126,0.0588805228471756
268,-0.0,0.0,0.0,0.0,0.0,0.0,0.10000000149011612,0.0,0.10737865418195724,-1.4848934412002563,-0.14419420063495636,-0.0,-0.0,-0.1840776950120926,0.2316311001777649,-0.05982524901628494,0.21935924887657166,-0.1564660370349884,0.7838642001152039,-0.2730485796928406,-0.9035146832466125,-0.04908738657832146,-0.3286009132862091,-0.00332721252925694,0.0,0.0,0.0,-0.04250015318393707,-0.9998122453689575,0.0,-0.99986732006073,-0.9998070001602173,-1.0001758337020874,-0.0,-0.0,-1.448431372642517,-0.26765647530555725,0.7119539976119995,1.3690547943115234,-1.1286181211471558,2.098365545272827,-0.16229258477687836,0.12493664026260376,-2.080073833465576,-0.0,0.0,0.0,0.0,0.0,0.0,0.10000000149011612,0.0,0.10737865418195724,-1.4848934412002563,-0.14419420063495636,-0.0,-0.0,-0.1840776950120926,0.2316311001777649,-0.05982524901628494,0.21935924887657166,-0.1564660370349884,0.7838642001152039,-0.2730485796928406,-0.9035146832466125,-0.04908738657832146,0.012632614001631737,2.450196916470304e-05,0.0,0.0,0.0,0.005789338145405054,0.10004892200231552,0.0,0.10741472989320755,-1.4850562810897827,-0.14416742324829102,0.0,0.0,0.03677446395158768,0.39049357175827026,-0.7228413224220276,-0.1709844470024109,-0.03882535547018051,0.3844963312149048,-0.31820225715637207,-1.2733204364776611,0.058962132781744
269,-0.0,0.0,0.0,0.0,0.0,0.0,0.10000000149011612,0.0,0.10737865418195724,-1.4848934412002563,-0.14419420063495636,-0.0,-0.0,-0.18867963552474976,0.21935924887657166,-0.04601942375302315,0.2040194422006607,-0.1533980816602707,0.7838642001152039,-0.2761165499687195,-0.9019806981086731,-0.0475534051656723,-0.3286009132862091,-0.00332721252925694,0.0,0.0,0.0,-0.04250015318393707,-0.9998122453689575,0.0,-0.99986732006073,-0.9998070001602173,-1.0001758337020874,-0.0,-0.0,-1.474777102470398,-0.30622556805610657,0.7280246019363403,1.32387375831604,-1.103265404701233,2.098365545272827,-0.16981790959835052,0.129202738404274,-2.0512399673461914,-0.0,0.0,0.0,0.0,0.0,0.0,0.10000000149011612,0.0,0.10737865418195724,-1.4848934412002563,-0.14419420063495636,-0.0,-0.0,-0.18867963552474976,0.21935924887657166,-0.04601942375302315,0.2040194422006607,-0.1533980816602707,0.7838642001152039,-0.2761165499687195,-0.9019806981086731,-0.0475534051656723,0.012632614001631737,2.450196916470304e-05,0.0,0.0,0.0,0.005789338145405054,0.10004892200231552,0.0,0.10741472989320755,-1.4850562810897827,-0.14416742324829102,0.0,0.0,0.03597061708569527,0.3865889310836792,-0.7109811305999756,-0.17619261145591736,-0.038454100489616394,0.3844963312149048,-0.31945303082466125,-1.2727688550949097,0.05904373899102211
270,-0.0,0.0,0.0,0.0,0.0,0.0,0.10000000149011612,0.0,0.10737865418195724,-1.4848934412002563,-0.14419420063495636,-0.0,-0.0,-0.2070874124765396,0.2040194422006607,-0.03374757617712021,0.17640778422355652,-0.15186409652233124,0.7838642001152039,-0.28071847558021545,-0.8989127278327942,-0.04908738657832146,-0.3286009132862091,-0.00332721252925694,0.0,0.0,0.0,-0.04250015318393707,-0.9998122453689575,0.0,-0.99986732006073,-0.9998070001602173,-1.0001758337020874,-0.0,-0.0,-1.5801594257354736,-0.3544369339942932,0.7423095703125,1.2425479888916016,-1.090588927268982,2.098365545272827,-0.1811058223247528,0.13773493468761444,-2.080073833465576,-0.0,0.0,0.0,0.0,0.0,0.0,0.10000000149011612,0.0,0.10737865418195724,-1.4848934412002563,-0.14419420063495636,-0.0,-0.0,-0.2070874124765396,0.2040194422006607,-0.03374757617712021,0.17640778422355652,-0.15186409652233124,0.7838642001152039,-0.28071847558021545,-0.8989127278327942,-0.04908738657832146,0.012632614001631737,2.450196916470304e-05,0.0,0.0,0.0,0.005789338145405054,0.10004892200231552,0.0,0.10741472989320755,-1.4850562810897827,-0.14416742324829102,0.0,0.0,0.03275521844625473,0.38170814514160156,-0.7004386782646179,-0.18556728959083557,-0.03826846927404404,0.3844963312149048,-0.32132917642593384,-1.2716656923294067,0.058962132781744
271,-0.0,0.0,0.0,0.0,0.0,0.0,0.10000000149011612,0.0,0.10737865418195724,-1.4848934412002563,-0.14419420063495636,-0.0,-0.0,-0.21629129350185394,0.1902136206626892,-0.01840776950120926,0.16260196268558502,-0.1564660370349884,0.7838642001152039,-0.28378644585609436,-0.8989127278327942,-0.04908738657832146,-0.3286009132862091,-0.00332721252925694,0.0,0.0,0.0,-0.04250015318393707,-0.9998122453689575,0.0,-0.99986732006073,-0.9998070001602173,-1.0001758337020874,-0.0,-0.0,-1.6328506469726562,-0.3978271186351776,0.7601657509803772,1.2018851041793823,-1.1286181211471558,2.098365545272827,-0.18863114714622498,0.13773493468761444,-2.080073833465576,-0.0,0.0,0.0,0.0,0.0,0.0,0.10000000149011612,0.0,0.10737865418195724,-1.4848934412002563,-0.14419420063495636,-0.0,-0.0,-0.21629129350185394,0.1902136206626892,-0.01840776950120926,0.16260196268558502,-0.1564660370349884,0.7838642001152039,-0.28378644585609436,-0.8989127278327942,-0.04908738657832146,0.012632614001631737,2.450196916470304e-05,0.0,0.0,0.0,0.005789338145405054,0.10004892200231552,0.0,0.10741472989320755,-1.4850562810897827,-0.14416742324829102,0.0,0.0,0.03114752471446991,0.3773154318332672,-0.687260627746582,-0.19025462865829468,-0.03882535547018051,0.3844963312149048,-0.322579950094223,-1.2716656923294067,0.058962132781744
272,-0.0,0.0,0.0,0.0,0.0,0.0,0.10000000149011612,0.0,0.10737865418195724,-1.4848934412002563,-0.14419420063495636,-0.0,-0.0,-0.23009711503982544,0.1733398288488388,0.003067961661145091,0.1426602154970169,-0.1533980816602707,0.7838642001152039,-0.2899223566055298,-0.9004467129707336,-0.0475534051656723,-0.3286009132862091,-0.00332721252925694,0.0,0.0,0.0,-0.04250015318393707,-0.9998122453689575,0.0,-0.99986732006073,-0.9998070001602173,-1.0001758337020874,-0.0,-0.0,-1.7118874788284302,-0.4508596360683441,0.7851644158363342,1.1431498527526855,-1.103265404701233,2.098365545272827,-0.20368172228336334,0.1334688365459442,-2.0512399673461914,-0.0,0.0,0.0,0.0,0.0,0.0,0.10000000149011612,0.0,0.10737865418195724,-1.4848934412002563,-0.14419420063495636,-0.0,-0.0,-0.23009711503982544,0.1733398288488388,0.003067961661145091,0.1426602154970169,-0.1533980816602707,0.7838642001152039,-0.2899223566055298,-0.9004467129707336,-0.0475534051656723,0.012632614001631737,2.450196916470304e-05,0.0,0.0,0.0,0.005789338145405054,0.10004892200231552,0.0,0.10741472989320755,-1.4850562810897827,-0.14416742324829102,0.0,0.0,0.02873598039150238,0.3719465732574463,-0.6688113808631897,-0.19702523946762085,-0.038454100489616394,0.3844963312149048,-0.325081467628479,-1.2722172737121582,0.05904373899102211
273,-0.0,0.0,0.0,0.0,0.0,0.0,0.10000000149011612,0.0,0.10737865418195724,-1.4848934412002563,-0.14419420063495636,-0.0,-0.0,-0.23623304069042206,0.1564660370349884,0.03067961521446705,0.12885437905788422,-0.15493206679821014,0.7838642001152039,-0.2929903268814087,-0.9019806981086731,-0.04601942375302315,-0.3286009132862091,-0.00332721252925694,0.0,0.0,0.0,-0.04250015318393707,-0.9998122453689575,0.0,-0.99986732006073,-0.9998070001602173,-1.0001758337020874,-0.0,-0.0,-1.7470148801803589,-0.5038921236991882,0.8173056244850159,1.1024869680404663,-1.1159418821334839,2.098365545272827,-0.21120703220367432,0.129202738404274,-2.0224061012268066,-0.0,0.0,0.0,0.0,0.0,0.0,0.10000000149011612,0.0,0.10737865418195724,-1.4848934412002563,-0.14419420063495636,-0.0,-0.0,-0.23623304069042206,0.1564660370349884,0.03067961521446705,0.12885437905788422,-0.15493206679821014,0.7838642001152039,-0.2929903268814087,-0.9019806981086731,-0.04601942375302315,0.012632614001631737,2.450196916470304e-05,0.0,0.0,0.0,0.005789338145405054,0.10004892200231552,0.0,0.10741472989320755,-1.4850562810897827,-0.14416742324829102,0.0,0.0,0.0276641808450222,0.366577684879303,-0.6450908780097961,-0.20171257853507996,-0.03863972797989845,0.3844963312149048,-0.3263322412967682,-1.2727688550949097,0.059125348925590515
274,-0.0,0.0,0.0,0.0,0.0,0.0,0.10000000149011612,0.0,0.10737865418195724,-1.4848934412002563,-0.14419420063495636,-0.0,-0.0,-0.251572847366333,0.13038836419582367,0.0782330185174942,0.0951068103313446,-0.16260196268558502,0.7838642001152039,-0.30066022276878357,-0.8989127278327942,-0.04601942375302315,-0.3286009132862091,-0.00332721252925694,0.0,0.0,0.0,-0.04250015318393707,-0.9998122453689575,0.0,-0.99986732006073,-0.9998070001602173,-1.0001758337020874,-0.0,-0.0,-1.8348336219787598,-0.5858514308929443,0.8726597428321838,1.0030889511108398,-1.1793239116668701,2.098365545272827,-0.23002026975154877,0.13773493468761444,-2.0224061012268066,-0.0,0.0,0.0,0.0,0.0,0.0,0.10000000149011612,0.0,0.10737865418195724,-1.4848934412002563,-0.14419420063495636,-0.0,-0.0,-0.251572847366333,0.13038836419582367,0.0782330185174942,0.0951068103313446,-0.16260196268558502,0.7838642001152039,-0.30066022276878357,-0.8989127278327942,-0.04601942375302315,0.012632614001631737,2.450196916470304e-05,0.0,0.0,0.0,0.005789338145405054,0.10004892200231552,0.0,0.10741472989320755,-1.4850562810897827,-0.14416742324829102,0.0,0.0,0.024984683841466904,0.35828033089637756,-0.6042389869689941,-0.21317052841186523,-0.039567865431308746,0.3844963312149048,-0.32945916056632996,-1.2716656923294067,0.059125348925590515
275,-0.0,0.0,0.0,0.0,0.0,0.0,0.10000000149011612,0.0,0.10737865418195724,-1.4848934412002563,-0.14419420063495636,-0.0,-0.0,-0.25770875811576843,0.11198059469461441,0.12425244599580765,0.0920388475060463,-0.16873788833618164,0.7838642001152039,-0.302194207906723,-0.8989127278327942,-0.04601942375302315,-0.3286009132862091,-0.00332721252925694,0.0,0.0,0.0,-0.04250015318393707,-0.9998122453689575,0.0,-0.99986732006073,-0.9998070001602173,-1.0001758337020874,-0.0,-0.0,-1.869960904121399,-0.6437050700187683,0.9262283444404602,0.9940527081489563,-1.230029582977295,2.098365545272827,-0.23378293216228485,0.13773493468761444,-2.0224061012268066,-0.0,0.0,0.0,0.0,0.0,0.0,0.10000000149011612,0.0,0.10737865418195724,-1.4848934412002563,-0.14419420063495636,-0.0,-0.0,-0.25770875811576843,0.11198059469461441,0.12425244599580765,0.0920388475060463,-0.16873788833618164,0.7838642001152039,-0.302194207906723,-0.8989127278327942,-0.04601942375302315,0.012632614001631737,2.450196916470304e-05,0.0,0.0,0.0,0.005789338145405054,0.10004892200231552,0.0,0.10741472989320755,-1.4850562810897827,-0.14416742324829102,0.0,0.0,0.023912888020277023,0.35242339968681335,-0.5647048354148865,-0.21421216428279877,-0.04031037911772728,0.3844963312149048,-0.33008453249931335,-1.2716656923294067,0.059125348925590515
276,-0.0,0.0,0.0,0.0,0.0,0.0,0.10000000149011612,0.0,0.10737865418195724,-1.4848934412002563,-0.14419420063495636,-0.0,-0.0,-0.2684466242790222,0.0951068103313446,0.17640778422355652,0.05215534567832947,-0.1564660370349884,0.7838642001152039,-0.30526217818260193,-0.8989127278327942,-0.04601942375302315,-0.3286009132862091,-0.00332721252925694,0.0,0.0,0.0,-0.04250015318393707,-0.9998122453689575,0.0,-0.99986732006073,-0.9998070001602173,-1.0001758337020874,-0.0,-0.0,-1.931434154510498,-0.69673752784729,0.9869393706321716,0.8765822052955627,-1.1286181211471558,2.098365545272827,-0.24130825698375702,0.13773493468761444,-2.0224061012268066,-0.0,0.0,0.0,0.0,0.0,0.0,0.10000000149011612,0.0,0.10737865418195724,-1.4848934412002563,-0.14419420063495636,-0.0,-0.0,-0.2684466242790222,0.0951068103313446,0.17640778422355652,0.05215534567832947,-0.1564660370349884,0.7838642001152039,-0.30526217818260193,-0.8989127278327942,-0.04601942375302315,0.012632614001631737,2.450196916470304e-05,0.0,0.0,0.0,0.005789338145405054,0.10004892200231552,0.0,0.10741472989320755,-1.4850562810897827,-0.14416742324829102,0.0,0.0,0.022037241607904434,0.34705451130867004,-0.5198994874954224,-0.2277533859014511,-0.03882535547018051,0.3844963312149048,-0.33133530616760254,-1.2716656923294067,0.059125348925590515
277,-0.0,0.0,0.0,0.0,0.0,0.0,0.10000000149011612,0.0,0.10737865418195724,-1.4848934412002563,-0.14419420063495636,-0.0,-0.0,-0.27458256483078003,0.08590292185544968,0.20555342733860016,0.04295146092772484,-0.1672039031982422,0.7838642001152039,-0.3098641335964203,-0.8989127278327942,-0.0475534051656723,-0.3286009132862091,-0.00332721252925694,0.0,0.0,0.0,-0.04250015318393707,-0.9998122453689575,0.0,-0.99986732006073,-0.9998070001602173,-1.0001758337020874,-0.0,-0.0,-1.9665616750717163,-0.7256643176078796,1.0208661556243896,0.8494735360145569,-1.217353105545044,2.098365545272827,-0.2525962293148041,0.13773493468761444,-2.0512399673461914,-0.0,0.0,0.0,0.0,0.0,0.0,0.10000000149011612,0.0,0.10737865418195724,-1.4848934412002563,-0.14419420063495636,-0.0,-0.0,-0.27458256483078003,0.08590292185544968,0.20555342733860016,0.04295146092772484,-0.1672039031982422,0.7838642001152039,-0.3098641335964203,-0.8989127278327942,-0.0475534051656723,0.012632614001631737,2.450196916470304e-05,0.0,0.0,0.0,0.005789338145405054,0.10004892200231552,0.0,0.10741472989320755,-1.4850562810897827,-0.14416742324829102,0.0,0.0,0.020965442061424255,0.34412604570388794,-0.4948612153530121,-0.23087827861309052,-0.04012475162744522,0.3844963312149048,-0.3332114815711975,-1.2716656923294067,0.05904373899102211
278,-0.0,0.0,0.0,0.0,0.0,0.0,0.10000000149011612,0.0,0.10737865418195724,-1.4848934412002563,-0.14419420063495636,-0.0,-0.0,-0.28378644585609436,0.07516505569219589,0.24236896634101868,0.015339807607233524,-0.16873788833618164,0.7838642001152039,-0.31753402948379517,-0.9019806981086731,-0.0475534051656723,-0.3286009132862091,-0.00332721252925694,0.0,0.0,0.0,-0.04250015318393707,-0.9998122453689575,0.0,-0.99986732006073,-0.9998070001602173,-1.0001758337020874,-0.0,-0.0,-2.0192527770996094,-0.7594122886657715,1.0637210607528687,0.7681478261947632,-1.230029582977295,2.098365545272827,-0.2714094817638397,0.129202738404274,-2.0512399673461914,-0.0,0.0,0.0,0.0,0.0,0.0,0.10000000149011612,0.0,0.10737865418195724,-1.4848934412002563,-0.14419420063495636,-0.0,-0.0,-0.28378644585609436,0.07516505569219589,0.24236896634101868,0.015339807607233524,-0.16873788833618164,0.7838642001152039,-0.31753402948379517,-0.9019806981086731,-0.0475534051656723,0.012632614001631737,2.450196916470304e-05,0.0,0.0,0.0,0.005789338145405054,0.10004892200231552,0.0,0.10741472989320755,-1.4850562810897827,-0.14416742324829102,0.0,0.0,0.019357744604349136,0.34070947766304016,-0.46323391795158386,-0.24025295674800873,-0.04031037911772728,0.3844963312149048,-0.3363383710384369,-1.2727688550949097,0.05904373899102211
279,-0.0,0.0,0.0,0.0,0.0,0.0,0.10000000149011612,0.0,0.10737865418195724,-1.4848934412002563,-0.14419420063495636,-0.0,-0.0,-0.28685441613197327,0.0613592304289341,0.27765053510665894,0.012271846644580364,-0.17487381398677826,0.7838642001152039,-0.32213595509529114,-0.9019806981086731,-0.0475534051656723,-0.3286009132862091,-0.00332721252925694,0.0,0.0,0.0,-0.04250015318393707,-0.9998122453689575,0.0,-0.99986732006073,-0.9998070001602173,-1.0001758337020874,-0.0,-0.0,-2.0368165969848633,-0.8028025031089783,1.1047903299331665,0.7591115832328796,-1.2807352542877197,2.098365545272827,-0.2826973795890808,0.129202738404274,-2.0512399673461914,-0.0,0.0,0.0,0.0,0.0,0.0,0.10000000149011612,0.0,0.10737865418195724,-1.4848934412002563,-0.14419420063495636,-0.0,-0.0,-0.28685441613197327,0.0613592304289341,0.27765053510665894,0.012271846644580364,-0.17487381398677826,0.7838642001152039,-0.32213595509529114,-0.9019806981086731,-0.0475534051656723,0.012632614001631737,2.450196916470304e-05,0.0,0.0,0.0,0.005789338145405054,0.10004892200231552,0.0,0.10741472989320755,-1.4850562810897827,-0.14416742324829102,0.0,0.0,0.018821842968463898,0.3363167643547058,-0.43292438983917236,-0.24129459261894226,-0.04105289280414581,0.3844963312149048,-0.3382145166397095,-1.2727688550949097,0.05904373899102211
280,-0.0,0.0,0.0,0.0,0.0,0.0,0.10000000149011612,0.0,0.10737865418195724,-1.4848934412002563,-0.14419420063495636,-0.0,-0.0,-0.28685441613197327,0.04601942375302315,0.3160000443458557,-0.01073786523193121,-0.17487381398677826,0.7838642001152039,-0.32213595509529114,-0.9004467129707336,-0.0475534051656723,-0.3286009132862091,-0.00332721252925694,0.0,0.0,0.0,-0.04250015318393707,-0.9998122453689575,0.0,-0.99986732006073,-0.9998070001602173,-1.0001758337020874,-0.0,-0.0,-2.0368165969848633,-0.8510138392448425,1.1494308710098267,0.6913401484489441,-1.2807352542877197,2.098365545272827,-0.2826973795890808,0.1334688365459442,-2.0512399673461914,-0.0,0.0,0.0,0.0,0.0,0.0,0.10000000149011612,0.0,0.10737865418195724,-1.4848934412002563,-0.14419420063495636,-0.0,-0.0,-0.28685441613197327,0.04601942375302315,0.3160000443458557,-0.01073786523193121,-0.17487381398677826,0.7838642001152039,-0.32213595509529114,-0.9004467129707336,-0.0475534051656723,0.012632614001631737,2.450196916470304e-05,0.0,0.0,0.0,0.005789338145405054,0.10004892200231552,0.0,0.10741472989320755,-1.4850562810897827,-0.14416742324829102,0.0,0.0,0.018821842968463898,0.3314359784126282,-0.3999793231487274,-0.24910683929920197,-0.04105289280414581,0.3844963312149048,-0.3382145166397095,-1.2722172737121582,0.05904373899102211
281,-0.0,0.0,0.0,0.0,0.0,0.0,0.10000000149011612,0.0,0.10737865418195724,-1.4848934412002563,-0.14419420063495636,-0.0,-0.0,-0.29145634174346924,0.02454369328916073,0.3742913007736206,-0.029145635664463043,-0.16566991806030273,0.7838642001152039,-0.3206019699573517,-0.9019806981086731,-0.04908738657832146,-0.3286009132862091,-0.00332721252925694,0.0,0.0,0.0,-0.04250015318393707,-0.9998122453689575,0.0,-0.99986732006073,-0.9998070001602173,-1.0001758337020874,-0.0,-0.0,-2.063162088394165,-0.9185097217559814,1.2172843217849731,0.6371229290962219,-1.204676628112793,2.098365545272827,-0.2789347171783447,0.129202738404274,-2.080073833465576,-0.0,0.0,0.0,0.0,0.0,0.0,0.10000000149011612,0.0,0.10737865418195724,-1.4848934412002563,-0.14419420063495636,-0.0,-0.0,-0.29145634174346924,0.02454369328916073,0.3742913007736206,-0.029145635664463043,-0.16566991806030273,0.7838642001152039,-0.3206019699573517,-0.9019806981086731,-0.04908738657832146,0.012632614001631737,2.450196916470304e-05,0.0,0.0,0.0,0.005789338145405054,0.10004892200231552,0.0,0.10741472989320755,-1.4850562810897827,-0.14416742324829102,0.0,0.0,0.018017999827861786,0.324602872133255,-0.34990277886390686,-0.2553566098213196,-0.039939120411872864,0.3844963312149048,-0.3375891447067261,-1.2727688550949097,0.058962132781744
282,-0.0,0.0,0.0,0.0,0.0,0.0,0.10000000149011612,0.0,0.10737865418195724,-1.4848934412002563,-0.14419420063495636,-0.0,-0.0,-0.29145634174346924,0.01073786523193121,0.40957286953926086,-0.05522330850362778,-0.16260196268558502,0.7838642001152039,-0.3190680146217346,-0.9019806981086731,-0.04908738657832146,-0.3286009132862091,-0.00332721252925694,0.0,0.0,0.0,-0.04250015318393707,-0.9998122453689575,0.0,-0.99986732006073,-0.9998070001602173,-1.0001758337020874,-0.0,-0.0,-2.063162088394165,-0.961899995803833,1.2583537101745605,0.5603153705596924,-1.1793239116668701,2.098365545272827,-0.2751721441745758,0.129202738404274,-2.080073833465576,-0.0,0.0,0.0,0.0,0.0,0.0,0.10000000149011612,0.0,0.10737865418195724,-1.4848934412002563,-0.14419420063495636,-0.0,-0.0,-0.29145634174346924,0.01073786523193121,0.40957286953926086,-0.05522330850362778,-0.16260196268558502,0.7838642001152039,-0.3190680146217346,-0.9019806981086731,-0.04908738657832146,0.012632614001631737,2.450196916470304e-05,0.0,0.0,0.0,0.005789338145405054,0.10004892200231552,0.0,0.10741472989320755,-1.4850562810897827,-0.14416742324829102,0.0,0.0,0.018017999827861786,0.32021015882492065,-0.31959325075149536,-0.2642104923725128,-0.039567865431308746,0.3844963312149048,-0.3369637727737427,-1.2727688550949097,0.058962132781744
283,-0.0,0.0,0.0,0.0,0.0,0.0,0.10000000149011612,0.0,0.10737865418195724,-1.4848934412002563,-0.14419420063495636,-0.0,-0.0,-0.28685441613197327,-0.012271846644580364,0.47093209624290466,-0.06442718952894211,-0.14879614114761353,0.7838642001152039,-0.3190680146217346,-0.9019806981086731,-0.05062136426568031,-0.3286009132862091,-0.00332721252925694,0.0,0.0,0.0,-0.04250015318393707,-0.9998122453689575,0.0,-0.99986732006073,-0.9998070001602173,-1.0001758337020874,-0.0,-0.0,-2.0368165969848633,-1.0342170000076294,1.3297783136367798,0.5332067608833313,-1.0652360916137695,2.098365545272827,-0.2751721441745758,0.129202738404274,-2.10890793800354,-0.0,0.0,0.0,0.0,0.0,0.0,0.10000000149011612,0.0,0.10737865418195724,-1.4848934412002563,-0.14419420063495636,-0.0,-0.0,-0.28685441613197327,-0.012271846644580364,0.47093209624290466,-0.06442718952894211,-0.14879614114761353,0.7838642001152039,-0.3190680146217346,-0.9019806981086731,-0.05062136426568031,0.012632614001631737,2.450196916470304e-05,0.0,0.0,0.0,0.005789338145405054,0.10004892200231552,0.0,0.10741472989320755,-1.4850562810897827,-0.14416742324829102,0.0,0.0,0.018821842968463898,0.3128889501094818,-0.2668811082839966,-0.2673353850841522,-0.03789721429347992,0.3844963312149048,-0.3369637727737427,-1.2727688550949097,0.0588805228471756
284,-0.0,0.0,0.0,0.0,0.0,0.0,0.10000000149011612,0.0,0.10737865418195724,-1.4848934412002563,-0.14419420063495636,-0.0,-0.0,-0.27765053510665894,-0.03067961521446705,0.5138835906982422,-0.08590292185544968,-0.139592245221138,0.7838642001152039,-0.3190680146217346,-0.9004467129707336,-0.05062136426568031,-0.3286009132862091,-0.00332721252925694,0.0,0.0,0.0,-0.04250015318393707,-0.9998122453689575,0.0,-0.99986732006073,-0.9998070001602173,-1.0001758337020874,-0.0,-0.0,-1.9841254949569702,-1.0920705795288086,1.379775881767273,0.46995341777801514,-0.9891775250434875,2.098365545272827,-0.2751721441745758,0.1334688365459442,-2.10890793800354,-0.0,0.0,0.0,0.0,0.0,0.0,0.10000000149011612,0.0,0.10737865418195724,-1.4848934412002563,-0.14419420063495636,-0.0,-0.0,-0.27765053510665894,-0.03067961521446705,0.5138835906982422,-0.08590292185544968,-0.139592245221138,0.7838642001152039,-0.3190680146217346,-0.9004467129707336,-0.05062136426568031,0.012632614001631737,2.450196916470304e-05,0.0,0.0,0.0,0.005789338145405054,0.10004892200231552,0.0,0.10741472989320755,-1.4850562810897827,-0.14416742324829102,0.0,0.0,0.020429540425539017,0.3070319890975952,-0.22998255491256714,-0.27462682127952576,-0.03678344935178757,0.3844963312149048,-0.3369637727737427,-1.2722172737121582,0.0588805228471756
285,-0.0,0.0,0.0,0.0,0.0,0.0,0.10000000149011612,0.0,0.10737865418195724,-1.4848934412002563,-0.14419420063495636,-0.0,-0.0,-0.27765053510665894,-0.041417479515075684,0.5399612188339233,-0.11044661700725555,-0.14419420063495636,0.7838642001152039,-0.3160000443458557,-0.9004467129707336,-0.05062136426568031,-0.3286009132862091,-0.00332721252925694,0.0,0.0,0.0,-0.04250015318393707,-0.9998122453689575,0.0,-0.99986732006073,-0.9998070001602173,-1.0001758337020874,-0.0,-0.0,-1.9841254949569702,-1.1258186101913452,1.4101312160491943,0.39766383171081543,-1.0272068977355957,2.098365545272827,-0.26764681935310364,0.1334688365459442,-2.10890793800354,-0.0,0.0,0.0,0.0,0.0,0.0,0.10000000149011612,0.0,0.10737865418195724,-1.4848934412002563,-0.14419420063495636,-0.0,-0.0,-0.27765053510665894,-0.041417479515075684,0.5399612188339233,-0.11044661700725555,-0.14419420063495636,0.7838642001152039,-0.3160000443458557,-0.9004467129707336,-0.05062136426568031,0.012632614001631737,2.450196916470304e-05,0.0,0.0,0.0,0.005789338145405054,0.10004892200231552,0.0,0.10741472989320755,-1.4850562810897827,-0.14416742324829102,0.0,0.0,0.020429540425539017,0.3036154508590698,-0.20757991075515747,-0.28295987844467163,-0.03734033554792404,0.3844963312149048,-0.3357129693031311,-1.2722172737121582,0.0588805228471756
286,-0.0,0.0,0.0,0.0,0.0,0.0,0.10000000149011612,0.0,0.10737865418195724,-1.4848934412002563,-0.14419420063495636,-0.0,-0.0,-0.27765053510665894,-0.05675728991627693,0.5675728917121887,-0.14112623035907745,-0.139592245221138,0.7838642001152039,-0.30833014845848083,-0.8973787426948547,-0.05215534567832947,-0.3286009132862091,-0.00332721252925694,0.0,0.0,0.0,-0.04250015318393707,-0.9998122453689575,0.0,-0.99986732006073,-0.9998070001602173,-1.0001758337020874,-0.0,-0.0,-1.9841254949569702,-1.1740299463272095,1.442272424697876,0.3073018789291382,-0.9891775250434875,2.098365545272827,-0.2488335818052292,0.14200104773044586,-2.137741804122925,-0.0,0.0,0.0,0.0,0.0,0.0,0.10000000149011612,0.0,0.10737865418195724,-1.4848934412002563,-0.14419420063495636,-0.0,-0.0,-0.27765053510665894,-0.05675728991627693,0.5675728917121887,-0.14112623035907745,-0.139592245221138,0.7838642001152039,-0.30833014845848083,-0.8973787426948547,-0.05215534567832947,0.012632614001631737,2.450196916470304e-05,0.0,0.0,0.0,0.005789338145405054,0.10004892200231552,0.0,0.10741472989320755,-1.4850562810897827,-0.14416742324829102,0.0,0.0,0.020429540425539017,0.2987346649169922,-0.1838594377040863,-0.2933761775493622,-0.03678344935178757,0.3844963312149048,-0.3325860798358917,-1.2711141109466553,0.05879891663789749
287,-0.0,0.0,0.0,0.0,0.0,0.0,0.10000000149011612,0.0,0.10737865418195724,-1.4848934412002563,-0.14419420063495636,-0.0,-0.0,-0.2730485796928406,-0.0782330185174942,0.6028544306755066,-0.16413594782352448,-0.16106797754764557,0.7838642001152039,-0.30526217818260193,-0.8973787426948547,-0.05215534567832947,-0.3286009132862091,-0.00332721252925694,0.0,0.0,0.0,-0.04250015318393707,-0.9998122453689575,0.0,-0.99986732006073,-0.9998070001602173,-1.0001758337020874,-0.0,-0.0,-1.9577797651290894,-1.2415258884429932,1.4833416938781738,0.23953041434288025,-1.1666474342346191,2.098365545272827,-0.24130825698375702,0.14200104773044586,-2.137741804122925,-0.0,0.0,0.0,0.0,0.0,0.0,0.10000000149011612,0.0,0.10737865418195724,-1.4848934412002563,-0.14419420063495636,-0.0,-0.0,-0.2730485796928406,-0.0782330185174942,0.6028544306755066,-0.16413594782352448,-0.16106797754764557,0.7838642001152039,-0.30526217818260193,-0.8973787426948547,-0.05215534567832947,0.012632614001631737,2.450196916470304e-05,0.0,0.0,0.0,0.005789338145405054,0.10004892200231552,0.0,0.10741472989320755,-1.4850562810897827,-0.14416742324829102,0.0,0.0,0.021233391016721725,0.29190152883529663,-0.15354996919631958,-0.3011884391307831,-0.03938223794102669,0.3844963312149048,-0.33133530616760254,-1.2711141109466553,0.05879891663789749
288,-0.0,0.0,0.0,0.0,0.0,0.0,0.10000000149011612,0.0,0.10737865418195724,-1.4848934412002563,-0.14419420063495636,-0.0,-0.0,-0.26077672839164734,-0.11351457983255386,0.6688156127929688,-0.20555342733860016,-0.17180584371089935,0.7838642001152039,-0.30526217818260193,-0.8989127278327942,-0.04908738657832146,-0.3286009132862091,-0.00332721252925694,0.0,0.0,0.0,-0.04250015318393707,-0.9998122453689575,0.0,-0.99986732006073,-0.9998070001602173,-1.0001758337020874,-0.0,-0.0,-1.8875246047973633,-1.3524119853973389,1.5601234436035156,0.11754179000854492,-1.2553822994232178,2.098365545272827,-0.24130825698375702,0.13773493468761444,-2.080073833465576,-0.0,0.0,0.0,0.0,0.0,0.0,0.10000000149011612,0.0,0.10737865418195724,-1.4848934412002563,-0.14419420063495636,-0.0,-0.0,-0.26077672839164734,-0.11351457983255386,0.6688156127929688,-0.20555342733860016,-0.17180584371089935,0.7838642001152039,-0.30526217818260193,-0.8989127278327942,-0.04908738657832146,0.012632614001631737,2.450196916470304e-05,0.0,0.0,0.0,0.005789338145405054,0.10004892200231552,0.0,0.10741472989320755,-1.4850562810897827,-0.14416742324829102,0.0,0.0,0.023376990109682083,0.2806757092475891,-0.09688436985015869,-0.3152504563331604,-0.0406816340982914,0.3844963312149048,-0.33133530616760254,-1.2716656923294067,0.058962132781744
289,-0.0,0.0,0.0,0.0,0.0,0.0,0.10000000149011612,0.0,0.10737865418195724,-1.4848934412002563,-0.14419420063495636,-0.0,-0.0,-0.2546408176422119,-0.12885437905788422,0.699495255947113,-0.23930099606513977,-0.17794176936149597,0.7838642001152039,-0.302194207906723,-0.8973787426948547,-0.04908738657832146,-0.3286009132862091,-0.00332721252925694,0.0,0.0,0.0,-0.04250015318393707,-0.9998122453689575,0.0,-0.99986732006073,-0.9998070001602173,-1.0001758337020874,-0.0,-0.0,-1.8523974418640137,-1.4006232023239136,1.59583580493927,0.0181436724960804,-1.3060880899429321,2.098365545272827,-0.23378293216228485,0.14200104773044586,-2.080073833465576,-0.0,0.0,0.0,0.0,0.0,0.0,0.10000000149011612,0.0,0.10737865418195724,-1.4848934412002563,-0.14419420063495636,-0.0,-0.0,-0.2546408176422119,-0.12885437905788422,0.699495255947113,-0.23930099606513977,-0.17794176936149597,0.7838642001152039,-0.302194207906723,-0.8973787426948547,-0.04908738657832146,0.012632614001631737,2.450196916470304e-05,0.0,0.0,0.0,0.005789338145405054,0.10004892200231552,0.0,0.10741472989320755,-1.4850562810897827,-0.14416742324829102,0.0,0.0,0.024448785930871964,0.2757949233055115,-0.07052826881408691,-0.3267084062099457,-0.04142414778470993,0.3844963312149048,-0.33008453249931335,-1.2711141109466553,0.058962132781744
290,-0.0,0.0,0.0,0.0,0.0,0.0,0.10000000149011612,0.0,0.10737865418195724,-1.4848934412002563,-0.14419420063495636,-0.0,-0.0,-0.24083498120307922,-0.15493206679821014,0.7577865123748779,-0.30066022276878357,-0.16566991806030273,0.7838642001152039,-0.29452431201934814,-0.8943107724189758,-0.05062136426568031,-0.3286009132862091,-0.00332721252925694,0.0,0.0,0.0,-0.04250015318393707,-0.9998122453689575,0.0,-0.99986732006073,-0.9998070001602173,-1.0001758337020874,-0.0,-0.0,-1.7733603715896606,-1.4825825691223145,1.663689374923706,-0.162580206990242,-1.204676628112793,2.098365545272827,-0.2149696946144104,0.15053324401378632,-2.10890793800354,-0.0,0.0,0.0,0.0,0.0,0.0,0.10000000149011612,0.0,0.10737865418195724,-1.4848934412002563,-0.14419420063495636,-0.0,-0.0,-0.24083498120307922,-0.15493206679821014,0.7577865123748779,-0.30066022276878357,-0.16566991806030273,0.7838642001152039,-0.29452431201934814,-0.8943107724189758,-0.05062136426568031,0.012632614001631737,2.450196916470304e-05,0.0,0.0,0.0,0.005789338145405054,0.10004892200231552,0.0,0.10741472989320755,-1.4850562810897827,-0.14416742324829102,0.0,0.0,0.02686033397912979,0.26749756932258606,-0.020451724529266357,-0.34754103422164917,-0.039939120411872864,0.3844963312149048,-0.326957643032074,-1.2700109481811523,0.0588805228471756
291,-0.0,0.0,0.0,0.0,0.0,0.0,0.10000000149011612,0.0,0.10737865418195724,-1.4848934412002563,-0.14419420063495636,-0.0,-0.0,-0.2377670258283615,-0.18867963552474976,0.8314175605773926,-0.3666214048862457,-0.1702718734741211,0.7838642001152039,-0.29145634174346924,-0.8927768468856812,-0.04908738657832146,-0.3286009132862091,-0.00332721252925694,0.0,0.0,0.0,-0.04250015318393707,-0.9998122453689575,0.0,-0.99986732006073,-0.9998070001602173,-1.0001758337020874,-0.0,-0.0,-1.7557967901229858,-1.588647723197937,1.7493990659713745,-0.35685840249061584,-1.242706060409546,2.098365545272827,-0.20744438469409943,0.1547991782426834,-2.080073833465576,-0.0,0.0,0.0,0.0,0.0,0.0,0.10000000149011612,0.0,0.10737865418195724,-1.4848934412002563,-0.14419420063495636,-0.0,-0.0,-0.2377670258283615,-0.18867963552474976,0.8314175605773926,-0.3666214048862457,-0.1702718734741211,0.7838642001152039,-0.29145634174346924,-0.8927768468856812,-0.04908738657832146,0.012632614001631737,2.450196916470304e-05,0.0,0.0,0.0,0.005789338145405054,0.10004892200231552,0.0,0.10741472989320755,-1.4850562810897827,-0.14416742324829102,0.0,0.0,0.02739623188972473,0.2567598223686218,0.04280287027359009,-0.36993613839149475,-0.04049600660800934,0.3844963312149048,-0.3257068693637848,-1.2694593667984009,0.058962132781744
292,-0.0,0.0,0.0,0.0,0.0,0.0,0.10000000149011612,0.0,0.10737865418195724,-1.4848934412002563,-0.14419420063495636,-0.0,-0.0,-0.2316311001777649,-0.21322332322597504,0.8897088766098022,-0.4218447208404541,-0.17794176936149597,0.7838642001152039,-0.2899223566055298,-0.8927768468856812,-0.0475534051656723,-0.3286009132862091,-0.00332721252925694,0.0,0.0,0.0,-0.04250015318393707,-0.9998122453689575,0.0,-0.99986732006073,-0.9998070001602173,-1.0001758337020874,-0.0,-0.0,-1.7206693887710571,-1.6657856702804565,1.817252516746521,-0.5195099115371704,-1.3060880899429321,2.098365545272827,-0.20368172228336334,0.1547991782426834,-2.0512399673461914,-0.0,0.0,0.0,0.0,0.0,0.0,0.10000000149011612,0.0,0.10737865418195724,-1.4848934412002563,-0.14419420063495636,-0.0,-0.0,-0.2316311001777649,-0.21322332322597504,0.8897088766098022,-0.4218447208404541,-0.17794176936149597,0.7838642001152039,-0.2899223566055298,-0.8927768468856812,-0.0475534051656723,0.012632614001631737,2.450196916470304e-05,0.0,0.0,0.0,0.005789338145405054,0.10004892200231552,0.0,0.10741472989320755,-1.4850562810897827,-0.14416742324829102,0.0,0.0,0.028468027710914612,0.2489505410194397,0.09287947416305542,-0.38868552446365356,-0.04142414778470993,0.3844963312149048,-0.325081467628479,-1.2694593667984009,0.05904373899102211
293,-0.0,0.0,0.0,0.0,0.0,0.0,0.10000000149011612,0.0,0.10737865418195724,-1.4848934412002563,-0.14419420063495636,-0.0,-0.0,-0.2178252786397934,-0.24083498120307922,0.951068103313446,-0.4586602449417114,-0.15800002217292786,0.7838642001152039,-0.28685441613197327,-0.8912428617477417,-0.04908738657832146,-0.3286009132862091,-0.00332721252925694,0.0,0.0,0.0,-0.04250015318393707,-0.9998122453689575,0.0,-0.99986732006073,-0.9998070001602173,-1.0001758337020874,-0.0,-0.0,-1.6416325569152832,-1.7525662183761597,1.8886773586273193,-0.6279442310333252,-1.1412945985794067,2.098365545272827,-0.19615647196769714,0.15906527638435364,-2.080073833465576,-0.0,0.0,0.0,0.0,0.0,0.0,0.10000000149011612,0.0,0.10737865418195724,-1.4848934412002563,-0.14419420063495636,-0.0,-0.0,-0.2178252786397934,-0.24083498120307922,0.951068103313446,-0.4586602449417114,-0.15800002217292786,0.7838642001152039,-0.28685441613197327,-0.8912428617477417,-0.04908738657832146,0.012632614001631737,2.450196916470304e-05,0.0,0.0,0.0,0.005789338145405054,0.10004892200231552,0.0,0.10741472989320755,-1.4850562810897827,-0.14416742324829102,0.0,0.0,0.03087957203388214,0.240165114402771,0.1455916166305542,-0.4011850953102112,-0.03901098296046257,0.3844963312149048,-0.3238307237625122,-1.2689077854156494,0.058962132781744
294,-0.0,0.0,0.0,0.0,0.0,0.0,0.10000000149011612,0.0,0.10737865418195724,-1.4848934412002563,-0.14419420063495636,-0.0,-0.0,-0.21168935298919678,-0.25003886222839355,0.9710098505020142,-0.46172821521759033,-0.1733398288488388,0.7838642001152039,-0.2853204309940338,-0.8912428617477417,-0.0475534051656723,-0.3286009132862091,-0.00332721252925694,0.0,0.0,0.0,-0.04250015318393707,-0.9998122453689575,0.0,-0.99986732006073,-0.9998070001602173,-1.0001758337020874,-0.0,-0.0,-1.6065051555633545,-1.781492829322815,1.9118903875350952,-0.6369804739952087,-1.2680587768554688,2.098365545272827,-0.19239380955696106,0.15906527638435364,-2.0512399673461914,-0.0,0.0,0.0,0.0,0.0,0.0,0.10000000149011612,0.0,0.10737865418195724,-1.4848934412002563,-0.14419420063495636,-0.0,-0.0,-0.21168935298919678,-0.25003886222839355,0.9710098505020142,-0.46172821521759033,-0.1733398288488388,0.7838642001152039,-0.2853204309940338,-0.8912428617477417,-0.0475534051656723,0.012632614001631737,2.450196916470304e-05,0.0,0.0,0.0,0.005789338145405054,0.10004892200231552,0.0,0.10741472989320755,-1.4850562810897827,-0.14416742324829102,0.0,0.0,0.03195137158036232,0.2372366487979889,0.16272306442260742,-0.4022267162799835,-0.040867261588573456,0.3844963312149048,-0.3232053518295288,-1.2689077854156494,0.05904373899102211
295,-0.0,0.0,0.0,0.0,0.0,0.0,0.10000000149011612,0.0,0.10737865418195724,-1.4848934412002563,-0.14419420063495636,-0.0,-0.0,-0.20555342733860016,-0.2623107135295868,0.9970875382423401,-0.46172821521759033,-0.16413594782352448,0.7838642001152039,-0.28378644585609436,-0.8912428617477417,-0.04601942375302315,-0.3286009132862091,-0.00332721252925694,0.0,0.0,0.0,-0.04250015318393707,-0.9998122453689575,0.0,-0.99986732006073,-0.9998070001602173,-1.0001758337020874,-0.0,-0.0,-1.5713775157928467,-1.8200620412826538,1.9422459602355957,-0.6369804739952087,-1.1920002698898315,2.098365545272827,-0.18863114714622498,0.15906527638435364,-2.0224061012268066,-0.0,0.0,0.0,0.0,0.0,0.0,0.10000000149011612,0.0,0.10737865418195724,-1.4848934412002563,-0.14419420063495636,-0.0,-0.0,-0.20555342733860016,-0.2623107135295868,0.9970875382423401,-0.46172821521759033,-0.16413594782352448,0.7838642001152039,-0.28378644585609436,-0.8912428617477417,-0.04601942375302315,0.012632614001631737,2.450196916470304e-05,0.0,0.0,0.0,0.005789338145405054,0.10004892200231552,0.0,0.10741472989320755,-1.4850562810897827,-0.14416742324829102,0.0,0.0,0.0330231711268425,0.23333200812339783,0.18512576818466187,-0.4022267162799835,-0.039753496646881104,0.3844963312149048,-0.322579950094223,-1.2689077854156494,0.059125348925590515
296,-0.0,0.0,0.0,0.0,0.0,0.0,0.10000000149011612,0.0,0.10737865418195724,-1.4848934412002563,-0.14419420063495636,-0.0,-0.0,-0.19174760580062866,-0.2929903268814087,1.0615147352218628,-0.4724660813808441,-0.19174760580062866,0.7838642001152039,-0.28071847558021545,-0.8897088766098022,-0.04908738657832146,-0.3286009132862091,-0.00332721252925694,0.0,0.0,0.0,-0.04250015318393707,-0.9998122453689575,0.0,-0.99986732006073,-0.9998070001602173,-1.0001758337020874,-0.0,-0.0,-1.4923409223556519,-1.9164847135543823,2.017241954803467,-0.6686071157455444,-1.4201759099960327,2.098365545272827,-0.1811058223247528,0.16333138942718506,-2.080073833465576,-0.0,0.0,0.0,0.0,0.0,0.0,0.10000000149011612,0.0,0.10737865418195724,-1.4848934412002563,-0.14419420063495636,-0.0,-0.0,-0.19174760580062866,-0.2929903268814087,1.0615147352218628,-0.4724660813808441,-0.19174760580062866,0.7838642001152039,-0.28071847558021545,-0.8897088766098022,-0.04908738657832146,0.012632614001631737,2.450196916470304e-05,0.0,0.0,0.0,0.005789338145405054,0.10004892200231552,0.0,0.10741472989320755,-1.4850562810897827,-0.14416742324829102,0.0,0.0,0.03543471544981003,0.22357042133808136,0.24047356843948364,-0.4058724343776703,-0.04309479892253876,0.3844963312149048,-0.32132917642593384,-1.268356204032898,0.058962132781744
297,-0.0,0.0,0.0,0.0,0.0,0.0,0.10000000149011612,0.0,0.10737865418195724,-1.4848934412002563,-0.14419420063495636,-0.0,-0.0,-0.19174760580062866,-0.31446605920791626,1.1090681552886963,-0.4939418137073517,-0.200951486825943,0.7838642001152039,-0.2822524607181549,-0.8912428617477417,-0.04908738657832146,-0.3286009132862091,-0.00332721252925694,0.0,0.0,0.0,-0.04250015318393707,-0.9998122453689575,0.0,-0.99986732006073,-0.9998070001602173,-1.0001758337020874,-0.0,-0.0,-1.4923409223556519,-1.9839807748794556,2.072596311569214,-0.7318605184555054,-1.49623441696167,2.098365545272827,-0.1848684847354889,0.15906527638435364,-2.080073833465576,-0.0,0.0,0.0,0.0,0.0,0.0,0.10000000149011612,0.0,0.10737865418195724,-1.4848934412002563,-0.14419420063495636,-0.0,-0.0,-0.19174760580062866,-0.31446605920791626,1.1090681552886963,-0.4939418137073517,-0.200951486825943,0.7838642001152039,-0.2822524607181549,-0.8912428617477417,-0.04908738657832146,0.012632614001631737,2.450196916470304e-05,0.0,0.0,0.0,0.005789338145405054,0.10004892200231552,0.0,0.10741472989320755,-1.4850562810897827,-0.14416742324829102,0.0,0.0,0.03543471544981003,0.216737300157547,0.2813255190849304,-0.41316384077072144,-0.04420856386423111,0.3844963312149048,-0.32195454835891724,-1.2689077854156494,0.058962132781744
298,-0.0,0.0,0.0,0.0,0.0,0.0,0.10000000149011612,0.0,0.10737865418195724,-1.4848934412002563,-0.14419420063495636,-0.0,-0.0,-0.19174760580062866,-0.3298058807849884,1.1397477388381958,-0.5062136650085449,-0.20555342733860016,0.7838642001152039,-0.28071847558021545,-0.8881748914718628,-0.04908738657832146,-0.3286009132862091,-0.00332721252925694,0.0,0.0,0.0,-0.04250015318393707,-0.9998122453689575,0.0,-0.99986732006073,-0.9998070001602173,-1.0001758337020874,-0.0,-0.0,-1.4923409223556519,-2.0321919918060303,2.1083085536956787,-0.7680053114891052,-1.5342636108398438,2.098365545272827,-0.1811058223247528,0.16759748756885529,-2.080073833465576,-0.0,0.0,0.0,0.0,0.0,0.0,0.10000000149011612,0.0,0.10737865418195724,-1.4848934412002563,-0.14419420063495636,-0.0,-0.0,-0.19174760580062866,-0.3298058807849884,1.1397477388381958,-0.5062136650085449,-0.20555342733860016,0.7838642001152039,-0.28071847558021545,-0.8881748914718628,-0.04908738657832146,0.012632614001631737,2.450196916470304e-05,0.0,0.0,0.0,0.005789338145405054,0.10004892200231552,0.0,0.10741472989320755,-1.4850562810897827,-0.14416742324829102,0.0,0.0,0.03543471544981003,0.21185651421546936,0.3076815605163574,-0.41733038425445557,-0.044765450060367584,0.3844963312149048,-0.32132917642593384,-1.2678046226501465,0.058962132781744
299,-0.0,0.0,0.0,0.0,0.0,0.0,0.10000000149011612,0.0,0.10737865418195724,-1.4848934412002563,-0.14419420063495636,-0.0,-0.0,-0.19174760580062866,-0.3344078063964844,1.1458836793899536,-0.5138835906982422,-0.2070874124765396,0.7838642001152039,-0.279184490442276,-0.8866409063339233,-0.0475534051656723,-0.3286009132862091,-0.00332721252925694,0.0,0.0,0.0,-0.04250015318393707,-0.9998122453689575,0.0,-0.99986732006073,-0.9998070001602173,-1.0001758337020874,-0.0,-0.0,-1.4923409223556519,-2.0466554164886475,2.1154510974884033,-0.7905958890914917,-1.5469400882720947,2.098365545272827,-0.17734315991401672,0.1718635857105255,-2.0512399673461914,-0.0,0.0,0.0,0.0,0.0,0.0,0.10000000149011612,0.0,0.10737865418195724,-1.4848934412002563,-0.14419420063495636,-0.0,-0.0,-0.19174760580062866,-0.3344078063964844,1.1458836793899536,-0.5138835906982422,-0.2070874124765396,0.7838642001152039,-0.279184490442276,-0.8866409063339233,-0.0475534051656723,0.012632614001631737,2.450196916470304e-05,0.0,0.0,0.0,0.005789338145405054,0.10004892200231552,0.0,0.10741472989320755,-1.4850562810897827,-0.14416742324829102,0.0,0.0,0.03543471544981003,0.21039226651191711,0.31295275688171387,-0.4199344515800476,-0.04495107755064964,0.3844963312149048,-0.32070380449295044,-1.267253041267395,0.05904373899102211
300,-0.0,0.0,0.0,0.0,0.0,0.0,0.10000000149011612,0.0,0.10737865418195724,-1.4848934412002563,-0.14419420063495636,-0.0,-0.0,-0.19634954631328583,-0.3436116874217987,1.1581554412841797,-0.5215534567832947,-0.2147573083639145,0.7838642001152039,-0.27765053510665894,-0.8851069211959839,-0.04908738657832146,-0.3286009132862091,-0.00332721252925694,0.0,0.0,0.0,-0.04250015318393707,-0.9998122453689575,0.0,-0.99986732006073,-0.9998070001602173,-1.0001758337020874,-0.0,-0.0,-1.5186864137649536,-2.075582265853882,2.1297359466552734,-0.8131862878799438,-1.610322117805481,2.098365545272827,-0.1735805720090866,0.17612968385219574,-2.080073833465576,-0.0,0.0,0.0,0.0,0.0,0.0,0.10000000149011612,0.0,0.10737865418195724,-1.4848934412002563,-0.14419420063495636,-0.0,-0.0,-0.19634954631328583,-0.3436116874217987,1.1581554412841797,-0.5215534567832947,-0.2147573083639145,0.7838642001152039,-0.27765053510665894,-0.8851069211959839,-0.04908738657832146,0.012632614001631737,2.450196916470304e-05,0.0,0.0,0.0,0.005789338145405054,0.10004892200231552,0.0,0.10741472989320755,-1.4850562810897827,-0.14416742324829102,0.0,0.0,0.03463086485862732,0.207463800907135,0.32349514961242676,-0.42253851890563965,-0.045879215002059937,0.3844963312149048,-0.32007843255996704,-1.2667014598846436,0.058962132781744
301,-0.0,0.0,0.0,0.0,0.0,0.0,0.10000000149011612,0.0,0.10737865418195724,-1.4848934412002563,-0.14419420063495636,-0.0,-0.0,-0.19634954631328583,-0.35128161311149597,1.1719613075256348,-0.5276893973350525,-0.2178252786397934,0.7838642001152039,-0.27765053510665894,-0.8835729360580444,-0.0475534051656723,-0.3286009132862091,-0.00332721252925694,0.0,0.0,0.0,-0.04250015318393707,-0.9998122453689575,0.0,-0.99986732006073,-0.9998070001602173,-1.0001758337020874,-0.0,-0.0,-1.5186864137649536,-2.0996880531311035,2.1458065509796143,-0.8312587141990662,-1.635675072669983,2.098365545272827,-0.1735805720090866,0.18039579689502716,-2.0512399673461914,-0.0,0.0,0.0,0.0,0.0,0.0,0.10000000149011612,0.0,0.10737865418195724,-1.4848934412002563,-0.14419420063495636,-0.0,-0.0,-0.19634954631328583,-0.35128161311149597,1.1719613075256348,-0.5276893973350525,-0.2178252786397934,0.7838642001152039,-0.27765053510665894,-0.8835729360580444,-0.0475534051656723,0.012632614001631737,2.450196916470304e-05,0.0,0.0,0.0,0.005789338145405054,0.10004892200231552,0.0,0.10741472989320755,-1.4850562810897827,-0.14416742324829102,0.0,0.0,0.03463086485862732,0.205023393034935,0.3353554606437683,-0.4246218204498291,-0.046250469982624054,0.3844963312149048,-0.32007843255996704,-1.266149878501892,0.05904373899102211
302,-0.0,0.0,0.0,0.0,0.0,0.0,0.10000000149011612,0.0,0.10737865418195724,-1.4848934412002563,-0.14419420063495636,-0.0,-0.0,-0.200951486825943,-0.3650874197483063,1.193437099456787,-0.5399612188339233,-0.2316311001777649,0.7838642001152039,-0.2761165499687195,-0.8835729360580444,-0.0475534051656723,-0.3286009132862091,-0.00332721252925694,0.0,0.0,0.0,-0.04250015318393707,-0.9998122453689575,0.0,-0.99986732006073,-0.9998070001602173,-1.0001758337020874,-0.0,-0.0,-1.5450319051742554,-2.143078088760376,2.1708054542541504,-0.8674033880233765,-1.749762773513794,2.098365545272827,-0.16981790959835052,0.18039579689502716,-2.0512399673461914,-0.0,0.0,0.0,0.0,0.0,0.0,0.10000000149011612,0.0,0.10737865418195724,-1.4848934412002563,-0.14419420063495636,-0.0,-0.0,-0.200951486825943,-0.3650874197483063,1.193437099456787,-0.5399612188339233,-0.2316311001777649,0.7838642001152039,-0.2761165499687195,-0.8835729360580444,-0.0475534051656723,0.012632614001631737,2.450196916470304e-05,0.0,0.0,0.0,0.005789338145405054,0.10004892200231552,0.0,0.10741472989320755,-1.4850562810897827,-0.14416742324829102,0.0,0.0,0.03382701799273491,0.20063069462776184,0.3538047671318054,-0.42878830432891846,-0.04792112112045288,0.3844963312149048,-0.31945303082466125,-1.266149878501892,0.05904373899102211
303,-0.0,0.0,0.0,0.0,0.0,0.0,0.10000000149011612,0.0,0.10737865418195724,-1.4848934412002563,-0.14419420063495636,-0.0,-0.0,-0.2040194422006607,-0.38196122646331787,1.2241166830062866,-0.5537670850753784,-0.23623304069042206,0.7838642001152039,-0.2730485796928406,-0.882038950920105,-0.0475534051656723,-0.3286009132862091,-0.00332721252925694,0.0,0.0,0.0,-0.04250015318393707,-0.9998122453689575,0.0,-0.99986732006073,-0.9998070001602173,-1.0001758337020874,-0.0,-0.0,-1.5625957250595093,-2.196110486984253,2.2065176963806152,-0.9080663919448853,-1.7877919673919678,2.098365545272827,-0.16229258477687836,0.1846618950366974,-2.0512399673461914,-0.0,0.0,0.0,0.0,0.0,0.0,0.10000000149011612,0.0,0.10737865418195724,-1.4848934412002563,-0.14419420063495636,-0.0,-0.0,-0.2040194422006607,-0.38196122646331787,1.2241166830062866,-0.5537670850753784,-0.23623304069042206,0.7838642001152039,-0.2730485796928406,-0.882038950920105,-0.0475534051656723,0.012632614001631737,2.450196916470304e-05,0.0,0.0,0.0,0.005789338145405054,0.10004892200231552,0.0,0.10741472989320755,-1.4850562810897827,-0.14416742324829102,0.0,0.0,0.03329112008213997,0.19526180624961853,0.38016074895858765,-0.43347567319869995,-0.048478007316589355,0.3844963312149048,-0.31820225715637207,-1.2655982971191406,0.05904373899102211
304,-0.0,0.0,0.0,0.0,0.0,0.0,0.10000000149011612,0.0,0.10737865418195724,-1.4848934412002563,-0.14419420063495636,-0.0,-0.0,-0.2070874124765396,-0.3973010182380676,1.24405837059021,-0.5706408619880676,-0.23930099606513977,0.7838642001152039,-0.2715145945549011,-0.882038950920105,-0.04601942375302315,-0.3286009132862091,-0.00332721252925694,0.0,0.0,0.0,-0.04250015318393707,-0.9998122453689575,0.0,-0.99986732006073,-0.9998070001602173,-1.0001758337020874,-0.0,-0.0,-1.5801594257354736,-2.2443220615386963,2.2297306060791016,-0.9577654600143433,-1.8131448030471802,2.098365545272827,-0.15852992236614227,0.1846618950366974,-2.0224061012268066,-0.0,0.0,0.0,0.0,0.0,0.0,0.10000000149011612,0.0,0.10737865418195724,-1.4848934412002563,-0.14419420063495636,-0.0,-0.0,-0.2070874124765396,-0.3973010182380676,1.24405837059021,-0.5706408619880676,-0.23930099606513977,0.7838642001152039,-0.2715145945549011,-0.882038950920105,-0.04601942375302315,0.012632614001631737,2.450196916470304e-05,0.0,0.0,0.0,0.005789338145405054,0.10004892200231552,0.0,0.10741472989320755,-1.4850562810897827,-0.14416742324829102,0.0,0.0,0.03275521844625473,0.1903810203075409,0.39729219675064087,-0.4392046332359314,-0.04884926229715347,0.3844963312149048,-0.31757688522338867,-1.2655982971191406,0.059125348925590515
305,-0.0,0.0,0.0,0.0,0.0,0.0,0.10000000149011612,0.0,0.10737865418195724,-1.4848934412002563,-0.14419420063495636,-0.0,-0.0,-0.2070874124765396,-0.40650489926338196,1.2517282962799072,-0.5798447132110596,-0.23930099606513977,0.7838642001152039,-0.2684466242790222,-0.8789709806442261,-0.04601942375302315,-0.3286009132862091,-0.00332721252925694,0.0,0.0,0.0,-0.04250015318393707,-0.9998122453689575,0.0,-0.99986732006073,-0.9998070001602173,-1.0001758337020874,-0.0,-0.0,-1.5801594257354736,-2.2732486724853516,2.238658905029297,-0.98487389087677,-1.8131448030471802,2.098365545272827,-0.1510045975446701,0.19319409132003784,-2.0224061012268066,-0.0,0.0,0.0,0.0,0.0,0.0,0.10000000149011612,0.0,0.10737865418195724,-1.4848934412002563,-0.14419420063495636,-0.0,-0.0,-0.2070874124765396,-0.40650489926338196,1.2517282962799072,-0.5798447132110596,-0.23930099606513977,0.7838642001152039,-0.2684466242790222,-0.8789709806442261,-0.04601942375302315,0.012632614001631737,2.450196916470304e-05,0.0,0.0,0.0,0.005789338145405054,0.10004892200231552,0.0,0.10741472989320755,-1.4850562810897827,-0.14416742324829102,0.0,0.0,0.03275521844625473,0.1874525398015976,0.4038812518119812,-0.4423295259475708,-0.04884926229715347,0.3844963312149048,-0.3163261115550995,-1.2644951343536377,0.059125348925590515
306,-0.0,0.0,0.0,0.0,0.0,0.0,0.10000000149011612,0.0,0.10737865418195724,-1.4848934412002563,-0.14419420063495636,-0.0,-0.0,-0.2070874124765396,-0.4141748249530792,1.2593982219696045,-0.581378698348999,-0.24083498120307922,0.7838642001152039,-0.26691266894340515,-0.8789709806442261,-0.0475534051656723,-0.3286009132862091,-0.00332721252925694,0.0,0.0,0.0,-0.04250015318393707,-0.9998122453689575,0.0,-0.99986732006073,-0.9998070001602173,-1.0001758337020874,-0.0,-0.0,-1.5801594257354736,-2.2973544597625732,2.247586965560913,-0.9893920421600342,-1.8258212804794312,2.098365545272827,-0.14724200963974,0.19319409132003784,-2.0512399673461914,-0.0,0.0,0.0,0.0,0.0,0.0,0.10000000149011612,0.0,0.10737865418195724,-1.4848934412002563,-0.14419420063495636,-0.0,-0.0,-0.2070874124765396,-0.4141748249530792,1.2593982219696045,-0.581378698348999,-0.24083498120307922,0.7838642001152039,-0.26691266894340515,-0.8789709806442261,-0.0475534051656723,0.012632614001631737,2.450196916470304e-05,0.0,0.0,0.0,0.005789338145405054,0.10004892200231552,0.0,0.10741472989320755,-1.4850562810897827,-0.14416742324829102,0.0,0.0,0.03275521844625473,0.18501213192939758,0.41047030687332153,-0.44285035133361816,-0.04903488978743553,0.3844963312149048,-0.3157007396221161,-1.2644951343536377,0.05904373899102211
307,-0.0,0.0,0.0,0.0,0.0,0.0,0.10000000149011612,0.0,0.10737865418195724,-1.4848934412002563,-0.14419420063495636,-0.0,-0.0,-0.2070874124765396,-0.4279806315898895,1.2808740139007568,-0.5936505794525146,-0.25003886222839355,0.7838642001152039,-0.2684466242790222,-0.8789709806442261,-0.04601942375302315,-0.3286009132862091,-0.00332721252925694,0.0,0.0,0.0,-0.04250015318393707,-0.9998122453689575,0.0,-0.99986732006073,-0.9998070001602173,-1.0001758337020874,-0.0,-0.0,-1.5801594257354736,-2.340744733810425,2.27258563041687,-1.0255368947982788,-1.9018797874450684,2.098365545272827,-0.1510045975446701,0.19319409132003784,-2.0224061012268066,-0.0,0.0,0.0,0.0,0.0,0.0,0.10000000149011612,0.0,0.10737865418195724,-1.4848934412002563,-0.14419420063495636,-0.0,-0.0,-0.2070874124765396,-0.4279806315898895,1.2808740139007568,-0.5936505794525146,-0.25003886222839355,0.7838642001152039,-0.2684466242790222,-0.8789709806442261,-0.04601942375302315,0.012632614001631737,2.450196916470304e-05,0.0,0.0,0.0,0.005789338145405054,0.10004892200231552,0.0,0.10741472989320755,-1.4850562810897827,-0.14416742324829102,0.0,0.0,0.03275521844625473,0.18061943352222443,0.42891961336135864,-0.4470168948173523,-0.05014865845441818,0.3844963312149048,-0.3163261115550995,-1.2644951343536377,0.059125348925590515
308,-0.0,0.0,0.0,0.0,0.0,0.0,0.10000000149011612,0.0,0.10737865418195724,-1.4848934412002563,-0.14419420063495636,-0.0,-0.0,-0.2070874124765396,-0.43104860186576843,1.2793400287628174,-0.5967185497283936,-0.25003886222839355,0.7838642001152039,-0.2684466242790222,-0.8774369955062866,-0.04601942375302315,-0.3286009132862091,-0.00332721252925694,0.0,0.0,0.0,-0.04250015318393707,-0.9998122453689575,0.0,-0.99986732006073,-0.9998070001602173,-1.0001758337020874,-0.0,-0.0,-1.5801594257354736,-2.35038685798645,2.2708001136779785,-1.0345730781555176,-1.9018797874450684,2.098365545272827,-0.1510045975446701,0.19746020436286926,-2.0224061012268066,-0.0,0.0,0.0,0.0,0.0,0.0,0.10000000149011612,0.0,0.10737865418195724,-1.4848934412002563,-0.14419420063495636,-0.0,-0.0,-0.2070874124765396,-0.43104860186576843,1.2793400287628174,-0.5967185497283936,-0.25003886222839355,0.7838642001152039,-0.2684466242790222,-0.8774369955062866,-0.04601942375302315,0.012632614001631737,2.450196916470304e-05,0.0,0.0,0.0,0.005789338145405054,0.10004892200231552,0.0,0.10741472989320755,-1.4850562810897827,-0.14416742324829102,0.0,0.0,0.03275521844625473,0.17964327335357666,0.42760175466537476,-0.448058545589447,-0.05014865845441818,0.3844963312149048,-0.3163261115550995,-1.2639435529708862,0.059125348925590515
309,-0.0,0.0,0.0,0.0,0.0,0.0,0.10000000149011612,0.0,0.10737865418195724,-1.4848934412002563,-0.14419420063495636,-0.0,-0.0,-0.2070874124765396,-0.42337870597839355,1.2547962665557861,-0.604388415813446,-0.24697090685367584,0.7838642001152039,-0.2653786838054657,-0.8743690252304077,-0.0475534051656723,-0.3286009132862091,-0.00332721252925694,0.0,0.0,0.0,-0.04250015318393707,-0.9998122453689575,0.0,-0.99986732006073,-0.9998070001602173,-1.0001758337020874,-0.0,-0.0,-1.5801594257354736,-2.3262813091278076,2.242230176925659,-1.0571634769439697,-1.876526951789856,2.098365545272827,-0.1434793472290039,0.20599240064620972,-2.0512399673461914,-0.0,0.0,0.0,0.0,0.0,0.0,0.10000000149011612,0.0,0.10737865418195724,-1.4848934412002563,-0.14419420063495636,-0.0,-0.0,-0.2070874124765396,-0.42337870597839355,1.2547962665557861,-0.604388415813446,-0.24697090685367584,0.7838642001152039,-0.2653786838054657,-0.8743690252304077,-0.0475534051656723,0.012632614001631737,2.450196916470304e-05,0.0,0.0,0.0,0.005789338145405054,0.10004892200231552,0.0,0.10741472989320755,-1.4850562810897827,-0.14416742324829102,0.0,0.0,0.03275521844625473,0.18208366632461548,0.4065168499946594,-0.45066261291503906,-0.049777403473854065,0.3844963312149048,-0.3150753676891327,-1.2628403902053833,0.05904373899102211
310,-0.0,0.0,0.0,0.0,0.0,0.0,0.10000000149011612,0.0,0.10737865418195724,-1.4848934412002563,-0.14419420063495636,-0.0,-0.0,-0.21168935298919678,-0.4141748249530792,1.2317866086959839,-0.6028544306755066,-0.24390295147895813,0.7838642001152039,-0.2653786838054657,-0.8728350400924683,-0.04601942375302315,-0.3286009132862091,-0.00332721252925694,0.0,0.0,0.0,-0.04250015318393707,-0.9998122453689575,0.0,-0.99986732006073,-0.9998070001602173,-1.0001758337020874,-0.0,-0.0,-1.6065051555633545,-2.2973544597625732,2.2154457569122314,-1.0526454448699951,-1.8511741161346436,2.098365545272827,-0.1434793472290039,0.21025849878787994,-2.0224061012268066,-0.0,0.0,0.0,0.0,0.0,0.0,0.10000000149011612,0.0,0.10737865418195724,-1.4848934412002563,-0.14419420063495636,-0.0,-0.0,-0.21168935298919678,-0.4141748249530792,1.2317866086959839,-0.6028544306755066,-0.24390295147895813,0.7838642001152039,-0.2653786838054657,-0.8728350400924683,-0.04601942375302315,0.012632614001631737,2.450196916470304e-05,0.0,0.0,0.0,0.005789338145405054,0.10004892200231552,0.0,0.10741472989320755,-1.4850562810897827,-0.14416742324829102,0.0,0.0,0.03195137158036232,0.18501213192939758,0.386749804019928,-0.4501417875289917,-0.04940614849328995,0.3844963312149048,-0.3150753676891327,-1.2622888088226318,0.059125348925590515
311,-0.0,0.0,0.0,0.0,0.0,0.0,0.10000000149011612,0.0,0.10737865418195724,-1.4848934412002563,-0.14419420063495636,-0.0,-0.0,-0.21168935298919678,-0.401902973651886,1.1980390548706055,-0.6151263117790222,-0.24083498120307922,0.7838642001152039,-0.2653786838054657,-0.8697671294212341,-0.04448544234037399,-0.3286009132862091,-0.00332721252925694,0.0,0.0,0.0,-0.04250015318393707,-0.9998122453689575,0.0,-0.99986732006073,-0.9998070001602173,-1.0001758337020874,-0.0,-0.0,-1.6065051555633545,-2.2587854862213135,2.1761622428894043,-1.0887902975082397,-1.8258212804794312,2.098365545272827,-0.1434793472290039,0.21879054605960846,-1.9935719966888428,-0.0,0.0,0.0,0.0,0.0,0.0,0.10000000149011612,0.0,0.10737865418195724,-1.4848934412002563,-0.14419420063495636,-0.0,-0.0,-0.21168935298919678,-0.401902973651886,1.1980390548706055,-0.6151263117790222,-0.24083498120307922,0.7838642001152039,-0.2653786838054657,-0.8697671294212341,-0.04448544234037399,0.012632614001631737,2.450196916470304e-05,0.0,0.0,0.0,0.005789338145405054,0.10004892200231552,0.0,0.10741472989320755,-1.4850562810897827,-0.14416742324829102,0.0,0.0,0.03195137158036232,0.18891677260398865,0.357758104801178,-0.45430833101272583,-0.04903488978743553,0.3844963312149048,-0.3150753676891327,-1.261185646057129,0.05920695886015892
312,-0.0,0.0,0.0,0.0,0.0,0.0,0.10000000149011612,0.0,0.10737865418195724,-1.4848934412002563,-0.14419420063495636,-0.0,-0.0,-0.21168935298919678,-0.38196122646331787,1.150485634803772,-0.6028544306755066,-0.2377670258283615,0.7838642001152039,-0.26384469866752625,-0.8682331442832947,-0.04448544234037399,-0.3286009132862091,-0.00332721252925694,0.0,0.0,0.0,-0.04250015318393707,-0.9998122453689575,0.0,-0.99986732006073,-0.9998070001602173,-1.0001758337020874,-0.0,-0.0,-1.6065051555633545,-2.196110486984253,2.1208078861236572,-1.0526454448699951,-1.8004684448242188,2.098365545272827,-0.13971668481826782,0.2230566442012787,-1.9935719966888428,-0.0,0.0,0.0,0.0,0.0,0.0,0.10000000149011612,0.0,0.10737865418195724,-1.4848934412002563,-0.14419420063495636,-0.0,-0.0,-0.21168935298919678,-0.38196122646331787,1.150485634803772,-0.6028544306755066,-0.2377670258283615,0.7838642001152039,-0.26384469866752625,-0.8682331442832947,-0.04448544234037399,0.012632614001631737,2.450196916470304e-05,0.0,0.0,0.0,0.005789338145405054,0.10004892200231552,0.0,0.10741472989320755,-1.4850562810897827,-0.14416742324829102,0.0,0.0,0.03195137158036232,0.19526180624961853,0.316906213760376,-0.4501417875289917,-0.048663634806871414,0.3844963312149048,-0.3144499659538269,-1.2606340646743774,0.05920695886015892
313,-0.0,0.0,0.0,0.0,0.0,0.0,0.10000000149011612,0.0,0.10737865418195724,-1.4848934412002563,-0.14419420063495636,-0.0,-0.0,-0.21168935298919678,-0.35281556844711304,1.0814564228057861,-0.6028544306755066,-0.25003886222839355,0.7838642001152039,-0.26077672839164734,-0.8651651740074158,-0.04601942375302315,-0.3286009132862091,-0.00332721252925694,0.0,0.0,0.0,-0.04250015318393707,-0.9998122453689575,0.0,-0.99986732006073,-0.9998070001602173,-1.0001758337020874,-0.0,-0.0,-1.6065051555633545,-2.104509115219116,2.0404551029205322,-1.0526454448699951,-1.9018797874450684,2.098365545272827,-0.13219137489795685,0.23158884048461914,-2.0224061012268066,-0.0,0.0,0.0,0.0,0.0,0.0,0.10000000149011612,0.0,0.10737865418195724,-1.4848934412002563,-0.14419420063495636,-0.0,-0.0,-0.21168935298919678,-0.35281556844711304,1.0814564228057861,-0.6028544306755066,-0.25003886222839355,0.7838642001152039,-0.26077672839164734,-0.8651651740074158,-0.04601942375302315,0.012632614001631737,2.450196916470304e-05,0.0,0.0,0.0,0.005789338145405054,0.10004892200231552,0.0,0.10741472989320755,-1.4850562810897827,-0.14416742324829102,0.0,0.0,0.03195137158036232,0.2045353204011917,0.2576049566268921,-0.4501417875289917,-0.05014865845441818,0.3844963312149048,-0.3131992220878601,-1.2595309019088745,0.059125348925590515
314,-0.0,0.0,0.0,0.0,0.0,0.0,0.10000000149011612,0.0,0.10737865418195724,-1.4848934412002563,-0.14419420063495636,-0.0,-0.0,-0.21168935298919678,-0.34207770228385925,1.0599807500839233,-0.6135923266410828,-0.26384469866752625,0.7838642001152039,-0.26077672839164734,-0.8636311888694763,-0.04448544234037399,-0.3286009132862091,-0.00332721252925694,0.0,0.0,0.0,-0.04250015318393707,-0.9998122453689575,0.0,-0.99986732006073,-0.9998070001602173,-1.0001758337020874,-0.0,-0.0,-1.6065051555633545,-2.07076096534729,2.015456199645996,-1.0842721462249756,-2.015967607498169,2.098365545272827,-0.13219137489795685,0.23585493862628937,-1.9935719966888428,-0.0,0.0,0.0,0.0,0.0,0.0,0.10000000149011612,0.0,0.10737865418195724,-1.4848934412002563,-0.14419420063495636,-0.0,-0.0,-0.21168935298919678,-0.34207770228385925,1.0599807500839233,-0.6135923266410828,-0.26384469866752625,0.7838642001152039,-0.26077672839164734,-0.8636311888694763,-0.04448544234037399,0.012632614001631737,2.450196916470304e-05,0.0,0.0,0.0,0.005789338145405054,0.10004892200231552,0.0,0.10741472989320755,-1.4850562810897827,-0.14416742324829102,0.0,0.0,0.03195137158036232,0.2079518735408783,0.23915576934814453,-0.45378750562667847,-0.05181930959224701,0.3844963312149048,-0.3131992220878601,-1.258979320526123,0.05920695886015892
315,-0.0,0.0,0.0,0.0,0.0,0.0,0.10000000149011612,0.0,0.10737865418195724,-1.4848934412002563,-0.14419420063495636,-0.0,-0.0,-0.21168935298919678,-0.34207770228385925,1.0569127798080444,-0.6197282671928406,-0.2485048919916153,0.7838642001152039,-0.2623107135295868,-0.8620972037315369,-0.04448544234037399,-0.3286009132862091,-0.00332721252925694,0.0,0.0,0.0,-0.04250015318393707,-0.9998122453689575,0.0,-0.99986732006073,-0.9998070001602173,-1.0001758337020874,-0.0,-0.0,-1.6065051555633545,-2.07076096534729,2.011885166168213,-1.1023446321487427,-1.889203429222107,2.098365545272827,-0.13595403730869293,0.2401210516691208,-1.9935719966888428,-0.0,0.0,0.0,0.0,0.0,0.0,0.10000000149011612,0.0,0.10737865418195724,-1.4848934412002563,-0.14419420063495636,-0.0,-0.0,-0.21168935298919678,-0.34207770228385925,1.0569127798080444,-0.6197282671928406,-0.2485048919916153,0.7838642001152039,-0.2623107135295868,-0.8620972037315369,-0.04448544234037399,0.012632614001631737,2.450196916470304e-05,0.0,0.0,0.0,0.005789338145405054,0.10004892200231552,0.0,0.10741472989320755,-1.4850562810897827,-0.14416742324829102,0.0,0.0,0.03195137158036232,0.2079518735408783,0.23652011156082153,-0.45587074756622314,-0.049963027238845825,0.3844963312149048,-0.3138245940208435,-1.2584277391433716,0.05920695886015892
316,-0.0,0.0,0.0,0.0,0.0,0.0,0.10000000149011612,0.0,0.10737865418195724,-1.4848934412002563,-0.14419420063495636,-0.0,-0.0,-0.21168935298919678,-0.34207770228385925,1.0615147352218628,-0.6350680589675903,-0.25310683250427246,0.7838642001152039,-0.2623107135295868,-0.8620972037315369,-0.0475534051656723,-0.3286009132862091,-0.00332721252925694,0.0,0.0,0.0,-0.04250015318393707,-0.9998122453689575,0.0,-0.99986732006073,-0.9998070001602173,-1.0001758337020874,-0.0,-0.0,-1.6065051555633545,-2.07076096534729,2.017241954803467,-1.1475255489349365,-1.9272326231002808,2.098365545272827,-0.13595403730869293,0.2401210516691208,-2.0512399673461914,-0.0,0.0,0.0,0.0,0.0,0.0,0.10000000149011612,0.0,0.10737865418195724,-1.4848934412002563,-0.14419420063495636,-0.0,-0.0,-0.21168935298919678,-0.34207770228385925,1.0615147352218628,-0.6350680589675903,-0.25310683250427246,0.7838642001152039,-0.2623107135295868,-0.8620972037315369,-0.0475534051656723,0.012632614001631737,2.450196916470304e-05,0.0,0.0,0.0,0.005789338145405054,0.10004892200231552,0.0,0.10741472989320755,-1.4850562810897827,-0.14416742324829102,0.0,0.0,0.03195137158036232,0.2079518735408783,0.24047356843948364,-0.461078941822052,-0.0505199134349823,0.3844963312149048,-0.3138245940208435,-1.2584277391433716,0.05904373899102211
317,-0.0,0.0,0.0,0.0,0.0,0.0,0.10000000149011612,0.0,0.10737865418195724,-1.4848934412002563,-0.14419420063495636,-0.0,-0.0,-0.21168935298919678,-0.33900976181030273,1.055378794670105,-0.6350680589675903,-0.2546408176422119,0.7838642001152039,-0.26384469866752625,-0.8620972037315369,-0.0475534051656723,-0.3286009132862091,-0.00332721252925694,0.0,0.0,0.0,-0.04250015318393707,-0.9998122453689575,0.0,-0.99986732006073,-0.9998070001602173,-1.0001758337020874,-0.0,-0.0,-1.6065051555633545,-2.0611188411712646,2.010099411010742,-1.1475255489349365,-1.9399091005325317,2.098365545272827,-0.13971668481826782,0.2401210516691208,-2.0512399673461914,-0.0,0.0,0.0,0.0,0.0,0.0,0.10000000149011612,0.0,0.10737865418195724,-1.4848934412002563,-0.14419420063495636,-0.0,-0.0,-0.21168935298919678,-0.33900976181030273,1.055378794670105,-0.6350680589675903,-0.2546408176422119,0.7838642001152039,-0.26384469866752625,-0.8620972037315369,-0.0475534051656723,0.012632614001631737,2.450196916470304e-05,0.0,0.0,0.0,0.005789338145405054,0.10004892200231552,0.0,0.10741472989320755,-1.4850562810897827,-0.14416742324829102,0.0,0.0,0.03195137158036232,0.20892803370952606,0.23520231246948242,-0.461078941822052,-0.05070554092526436,0.3844963312149048,-0.3144499659538269,-1.2584277391433716,0.05904373899102211
318,-0.0,0.0,0.0,0.0,0.0,0.0,0.10000000149011612,0.0,0.10737865418195724,-1.4848934412002563,-0.14419420063495636,-0.0,-0.0,-0.21629129350185394,-0.3344078063964844,1.04157292842865,-0.5645049214363098,-0.27765053510665894,0.7838642001152039,-0.2653786838054657,-0.8620972037315369,-0.0475534051656723,-0.3286009132862091,-0.00332721252925694,0.0,0.0,0.0,-0.04250015318393707,-0.9998122453689575,0.0,-0.99986732006073,-0.9998070001602173,-1.0001758337020874,-0.0,-0.0,-1.6328506469726562,-2.0466554164886475,1.9940288066864014,-0.9396929740905762,-2.1300554275512695,2.098365545272827,-0.1434793472290039,0.2401210516691208,-2.0512399673461914,-0.0,0.0,0.0,0.0,0.0,0.0,0.10000000149011612,0.0,0.10737865418195724,-1.4848934412002563,-0.14419420063495636,-0.0,-0.0,-0.21629129350185394,-0.3344078063964844,1.04157292842865,-0.5645049214363098,-0.27765053510665894,0.7838642001152039,-0.2653786838054657,-0.8620972037315369,-0.0475534051656723,0.012632614001631737,2.450196916470304e-05,0.0,0.0,0.0,0.005789338145405054,0.10004892200231552,0.0,0.10741472989320755,-1.4850562810897827,-0.14416742324829102,0.0,0.0,0.03114752471446991,0.21039226651191711,0.22334206104278564,-0.4371213912963867,-0.053489960730075836,0.3844963312149048,-0.3150753676891327,-1.2584277391433716,0.05904373899102211
319,-0.0,0.0,0.0,0.0,0.0,0.0,0.10000000149011612,0.0,0.10737865418195724,-1.4848934412002563,-0.14419420063495636,-0.0,-0.0,-0.21629129350185394,-0.3236699402332306,1.0170292854309082,-0.552233099937439,-0.2546408176422119,-0.0,-0.2653786838054657,-0.8605632185935974,-0.04908738657832146,-0.3286009132862091,-0.00332721252925694,0.0,0.0,0.0,-0.04250015318393707,-0.9998122453689575,0.0,-0.99986732006073,-0.9998070001602173,-1.0001758337020874,-0.0,-0.0,-1.6328506469726562,-2.0129075050354004,1.9654591083526611,-0.9035483002662659,-1.9399091005325317,-0.481687992811203,-0.1434793472290039,0.24438714981079102,-2.080073833465576,-0.0,0.0,0.0,0.0,0.0,0.0,0.10000000149011612,0.0,0.10737865418195724,-1.4848934412002563,-0.14419420063495636,-0.0,-0.0,-0.21629129350185394,-0.3236699402332306,1.0170292854309082,-0.552233099937439,-0.2546408176422119,-0.0,-0.2653786838054657,-0.8605632185935974,-0.04908738657832146,0.012632614001631737,2.450196916470304e-05,0.0,0.0,0.0,0.005789338145405054,0.10004892200231552,0.0,0.10741472989320755,-1.4850562810897827,-0.14416742324829102,0.0,0.0,0.03114752471446991,0.2138088345527649,0.2022572159767151,-0.4329548478126526,-0.05070554092526436,0.14634501934051514,-0.3150753676891327,-1.2578761577606201,0.058962132781744
320,-0.0,0.0,0.0,0.0,0.0,0.0,0.10000000149011612,0.0,0.10737865418195724,-1.4848934412002563,-0.14419420063495636,-0.0,-0.0,-0.2208932340145111,-0.32827189564704895,1.0293011665344238,-0.5445631742477417,-0.22242721915245056,-0.0,-0.26691266894340515,-0.8605632185935974,-0.04908738657832146,-0.3286009132862091,-0.00332721252925694,0.0,0.0,0.0,-0.04250015318393707,-0.9998122453689575,0.0,-0.99986732006073,-0.9998070001602173,-1.0001758337020874,-0.0,-0.0,-1.659196138381958,-2.0273709297180176,1.9797440767288208,-0.8809577226638794,-1.6737042665481567,-0.481687992811203,-0.14724200963974,0.24438714981079102,-2.080073833465576,-0.0,0.0,0.0,0.0,0.0,0.0,0.10000000149011612,0.0,0.10737865418195724,-1.4848934412002563,-0.14419420063495636,-0.0,-0.0,-0.2208932340145111,-0.32827189564704895,1.0293011665344238,-0.5445631742477417,-0.22242721915245056,-0.0,-0.26691266894340515,-0.8605632185935974,-0.04908738657832146,0.012632614001631737,2.450196916470304e-05,0.0,0.0,0.0,0.005789338145405054,0.10004892200231552,0.0,0.10741472989320755,-1.4850562810897827,-0.14416742324829102,0.0,0.0,0.0303436741232872,0.21234458684921265,0.21279966831207275,-0.43035078048706055,-0.04680735617876053,0.14634501934051514,-0.3157007396221161,-1.2578761577606201,0.058962132781744
321,-0.0,0.0,0.0,0.0,0.0,0.0,0.10000000149011612,0.0,0.10737865418195724,-1.4848934412002563,-0.14419420063495636,-0.0,-0.0,-0.2208932340145111,-0.32827189564704895,1.0293011665344238,-0.5553010702133179,-0.24083498120307922,-0.0,-0.26691266894340515,-0.8620972037315369,-0.04908738657832146,-0.3286009132862091,-0.00332721252925694,0.0,0.0,0.0,-0.04250015318393707,-0.9998122453689575,0.0,-0.99986732006073,-0.9998070001602173,-1.0001758337020874,-0.0,-0.0,-1.659196138381958,-2.0273709297180176,1.9797440767288208,-0.9125844836235046,-1.8258212804794312,-0.481687992811203,-0.14724200963974,0.2401210516691208,-2.080073833465576,-0.0,0.0,0.0,0.0,0.0,0.0,0.10000000149011612,0.0,0.10737865418195724,-1.4848934412002563,-0.14419420063495636,-0.0,-0.0,-0.2208932340145111,-0.32827189564704895,1.0293011665344238,-0.5553010702133179,-0.24083498120307922,-0.0,-0.26691266894340515,-0.8620972037315369,-0.04908738657832146,0.012632614001631737,2.450196916470304e-05,0.0,0.0,0.0,0.005789338145405054,0.10004892200231552,0.0,0.10741472989320755,-1.4850562810897827,-0.14416742324829102,0.0,0.0,0.0303436741232872,0.21234458684921265,0.21279966831207275,-0.4339964985847473,-0.04903488978743553,0.14634501934051514,-0.3157007396221161,-1.2584277391433716,0.058962132781744
322,-0.0,0.0,0.0,0.0,0.0,0.0,0.10000000149011612,0.0,0.10737865418195724,-1.4848934412002563,-0.14419420063495636,-0.0,-0.0,-0.2208932340145111,-0.3267379105091095,1.0246992111206055,-0.5537670850753784,-0.23623304069042206,-0.0,-0.2653786838054657,-0.8620972037315369,-0.05062136426568031,-0.3286009132862091,-0.00332721252925694,0.0,0.0,0.0,-0.04250015318393707,-0.9998122453689575,0.0,-0.99986732006073,-0.9998070001602173,-1.0001758337020874,-0.0,-0.0,-1.659196138381958,-2.022549867630005,1.9743871688842773,-0.9080663919448853,-1.7877919673919678,-0.481687992811203,-0.1434793472290039,0.2401210516691208,-2.10890793800354,-0.0,0.0,0.0,0.0,0.0,0.0,0.10000000149011612,0.0,0.10737865418195724,-1.4848934412002563,-0.14419420063495636,-0.0,-0.0,-0.2208932340145111,-0.3267379105091095,1.0246992111206055,-0.5537670850753784,-0.23623304069042206,-0.0,-0.2653786838054657,-0.8620972037315369,-0.05062136426568031,0.012632614001631737,2.450196916470304e-05,0.0,0.0,0.0,0.005789338145405054,0.10004892200231552,0.0,0.10741472989320755,-1.4850562810897827,-0.14416742324829102,0.0,0.0,0.0303436741232872,0.21283265948295593,0.20884627103805542,-0.43347567319869995,-0.048478007316589355,0.14634501934051514,-0.3150753676891327,-1.2584277391433716,0.0588805228471756
323,-0.0,0.0,0.0,0.0,0.0,0.0,0.10000000149011612,0.0,0.10737865418195724,-1.4848934412002563,-0.14419420063495636,-0.0,-0.0,-0.2208932340145111,-0.32827189564704895,1.026233196258545,-0.5614369511604309,-0.24236896634101868,-0.0,-0.26691266894340515,-0.8620972037315369,-0.05062136426568031,-0.3286009132862091,-0.00332721252925694,0.0,0.0,0.0,-0.04250015318393707,-0.9998122453689575,0.0,-0.99986732006073,-0.9998070001602173,-1.0001758337020874,-0.0,-0.0,-1.659196138381958,-2.0273709297180176,1.9761728048324585,-0.9306567907333374,-1.8384977579116821,-0.481687992811203,-0.14724200963974,0.2401210516691208,-2.10890793800354,-0.0,0.0,0.0,0.0,0.0,0.0,0.10000000149011612,0.0,0.10737865418195724,-1.4848934412002563,-0.14419420063495636,-0.0,-0.0,-0.2208932340145111,-0.32827189564704895,1.026233196258545,-0.5614369511604309,-0.24236896634101868,-0.0,-0.26691266894340515,-0.8620972037315369,-0.05062136426568031,0.012632614001631737,2.450196916470304e-05,0.0,0.0,0.0,0.005789338145405054,0.10004892200231552,0.0,0.10741472989320755,-1.4850562810897827,-0.14416742324829102,0.0,0.0,0.0303436741232872,0.21234458684921265,0.21016407012939453,-0.436079740524292,-0.04922051727771759,0.14634501934051514,-0.3157007396221161,-1.2584277391433716,0.0588805228471756
324,-0.0,0.0,0.0,0.0,0.0,0.0,0.10000000149011612,0.0,0.10737865418195724,-1.4848934412002563,-0.14419420063495636,-0.0,-0.0,-0.2208932340145111,-0.32827189564704895,1.026233196258545,-0.5721748471260071,-0.25003886222839355,-0.0,-0.26691266894340515,-0.8620972037315369,-0.04908738657832146,-0.3286009132862091,-0.00332721252925694,0.0,0.0,0.0,-0.04250015318393707,-0.9998122453689575,0.0,-0.99986732006073,-0.9998070001602173,-1.0001758337020874,-0.0,-0.0,-1.659196138381958,-2.0273709297180176,1.9761728048324585,-0.9622835516929626,-1.9018797874450684,-0.481687992811203,-0.14724200963974,0.2401210516691208,-2.080073833465576,-0.0,0.0,0.0,0.0,0.0,0.0,0.10000000149011612,0.0,0.10737865418195724,-1.4848934412002563,-0.14419420063495636,-0.0,-0.0,-0.2208932340145111,-0.32827189564704895,1.026233196258545,-0.5721748471260071,-0.25003886222839355,-0.0,-0.26691266894340515,-0.8620972037315369,-0.04908738657832146,0.012632614001631737,2.450196916470304e-05,0.0,0.0,0.0,0.005789338145405054,0.10004892200231552,0.0,0.10741472989320755,-1.4850562810897827,-0.14416742324829102,0.0,0.0,0.0303436741232872,0.21234458684921265,0.21016407012939453,-0.43972545862197876,-0.05014865845441818,0.14634501934051514,-0.3157007396221161,-1.2584277391433716,0.058962132781744
325,-0.0,0.0,0.0,0.0,0.0,0.0,0.10000000149011612,0.0,0.10737865418195724,-1.4848934412002563,-0.14419420063495636,-0.0,-0.0,-0.2208932340145111,-0.32827189564704895,1.0246992111206055,-0.5721748471260071,-0.2485048919916153,-0.0,-0.26384469866752625,-0.8636311888694763,-0.05215534567832947,-0.3286009132862091,-0.00332721252925694,0.0,0.0,0.0,-0.04250015318393707,-0.9998122453689575,0.0,-0.99986732006073,-0.9998070001602173,-1.0001758337020874,-0.0,-0.0,-1.659196138381958,-2.0273709297180176,1.9743871688842773,-0.9622835516929626,-1.889203429222107,-0.481687992811203,-0.13971668481826782,0.23585493862628937,-2.137741804122925,-0.0,0.0,0.0,0.0,0.0,0.0,0.10000000149011612,0.0,0.10737865418195724,-1.4848934412002563,-0.14419420063495636,-0.0,-0.0,-0.2208932340145111,-0.32827189564704895,1.0246992111206055,-0.5721748471260071,-0.2485048919916153,-0.0,-0.26384469866752625,-0.8636311888694763,-0.05215534567832947,0.012632614001631737,2.450196916470304e-05,0.0,0.0,0.0,0.005789338145405054,0.10004892200231552,0.0,0.10741472989320755,-1.4850562810897827,-0.14416742324829102,0.0,0.0,0.0303436741232872,0.21234458684921265,0.20884627103805542,-0.43972545862197876,-0.049963027238845825,0.14634501934051514,-0.3144499659538269,-1.258979320526123,0.05879891663789749
326,-0.0,0.0,0.0,0.0,0.0,0.0,0.10000000149011612,0.0,0.10737865418195724,-1.4848934412002563,-0.14419420063495636,-0.0,-0.0,-0.2208932340145111,-0.3267379105091095,1.0216312408447266,-0.5706408619880676,-0.251572847366333,-0.0,-0.26384469866752625,-0.8636311888694763,-0.05215534567832947,-0.3286009132862091,-0.00332721252925694,0.0,0.0,0.0,-0.04250015318393707,-0.9998122453689575,0.0,-0.99986732006073,-0.9998070001602173,-1.0001758337020874,-0.0,-0.0,-1.659196138381958,-2.022549867630005,1.9708160161972046,-0.9577654600143433,-1.9145561456680298,-0.481687992811203,-0.13971668481826782,0.23585493862628937,-2.137741804122925,-0.0,0.0,0.0,0.0,0.0,0.0,0.10000000149011612,0.0,0.10737865418195724,-1.4848934412002563,-0.14419420063495636,-0.0,-0.0,-0.2208932340145111,-0.3267379105091095,1.0216312408447266,-0.5706408619880676,-0.251572847366333,-0.0,-0.26384469866752625,-0.8636311888694763,-0.05215534567832947,0.012632614001631737,2.450196916470304e-05,0.0,0.0,0.0,0.005789338145405054,0.10004892200231552,0.0,0.10741472989320755,-1.4850562810897827,-0.14416742324829102,0.0,0.0,0.0303436741232872,0.21283265948295593,0.2062106728553772,-0.4392046332359314,-0.05033428221940994,0.14634501934051514,-0.3144499659538269,-1.258979320526123,0.05879891663789749
327,-0.0,0.0,0.0,0.0,0.0,0.0,0.10000000149011612,0.0,0.10737865418195724,-1.4848934412002563,-0.14419420063495636,-0.0,-0.0,-0.2208932340145111,-0.32520392537117004,1.0170292854309082,-0.5675728917121887,-0.251572847366333,-0.0,-0.2653786838054657,-0.8651651740074158,-0.04908738657832146,-0.3286009132862091,-0.00332721252925694,0.0,0.0,0.0,-0.04250015318393707,-0.9998122453689575,0.0,-0.99986732006073,-0.9998070001602173,-1.0001758337020874,-0.0,-0.0,-1.659196138381958,-2.017728567123413,1.9654591083526611,-0.9487292170524597,-1.9145561456680298,-0.481687992811203,-0.1434793472290039,0.23158884048461914,-2.080073833465576,-0.0,0.0,0.0,0.0,0.0,0.0,0.10000000149011612,0.0,0.10737865418195724,-1.4848934412002563,-0.14419420063495636,-0.0,-0.0,-0.2208932340145111,-0.32520392537117004,1.0170292854309082,-0.5675728917121887,-0.251572847366333,-0.0,-0.2653786838054657,-0.8651651740074158,-0.04908738657832146,0.012632614001631737,2.450196916470304e-05,0.0,0.0,0.0,0.005789338145405054,0.10004892200231552,0.0,0.10741472989320755,-1.4850562810897827,-0.14416742324829102,0.0,0.0,0.0303436741232872,0.2133207470178604,0.2022572159767151,-0.43816301226615906,-0.05033428221940994,0.14634501934051514,-0.3150753676891327,-1.2595309019088745,0.058962132781744
328,-0.0,0.0,0.0,0.0,0.0,0.0,0.10000000149011612,0.0,0.10737865418195724,-1.4848934412002563,-0.14419420063495636,-0.0,-0.0,-0.2208932340145111,-0.3236699402332306,1.0139613151550293,-0.5675728917121887,-0.2546408176422119,-0.0,-0.26384469866752625,-0.8636311888694763,-0.04908738657832146,-0.3286009132862091,-0.00332721252925694,0.0,0.0,0.0,-0.04250015318393707,-0.9998122453689575,0.0,-0.99986732006073,-0.9998070001602173,-1.0001758337020874,-0.0,-0.0,-1.659196138381958,-2.0129075050354004,1.9618878364562988,-0.9487292170524597,-1.9399091005325317,-0.481687992811203,-0.13971668481826782,0.23585493862628937,-2.080073833465576,-0.0,0.0,0.0,0.0,0.0,0.0,0.10000000149011612,0.0,0.10737865418195724,-1.4848934412002563,-0.14419420063495636,-0.0,-0.0,-0.2208932340145111,-0.3236699402332306,1.0139613151550293,-0.5675728917121887,-0.2546408176422119,-0.0,-0.26384469866752625,-0.8636311888694763,-0.04908738657832146,0.012632614001631737,2.450196916470304e-05,0.0,0.0,0.0,0.005789338145405054,0.10004892200231552,0.0,0.10741472989320755,-1.4850562810897827,-0.14416742324829102,0.0,0.0,0.0303436741232872,0.2138088345527649,0.19962161779403687,-0.43816301226615906,-0.05070554092526436,0.14634501934051514,-0.3144499659538269,-1.258979320526123,0.058962132781744
329,-0.0,0.0,0.0,0.0,0.0,0.0,0.10000000149011612,0.0,0.10737865418195724,-1.4848934412002563,-0.14419420063495636,-0.0,-0.0,-0.2208932340145111,-0.32213595509529114,1.0108933448791504,-0.5629709362983704,-0.25617480278015137,-0.0,-0.2592427432537079,-0.8620972037315369,-0.05215534567832947,-0.3286009132862091,-0.00332721252925694,0.0,0.0,0.0,-0.04250015318393707,-0.9998122453689575,0.0,-0.99986732006073,-0.9998070001602173,-1.0001758337020874,-0.0,-0.0,-1.659196138381958,-2.0080864429473877,1.9583165645599365,-0.9351748824119568,-1.9525855779647827,-0.481687992811203,-0.12842871248722076,0.2401210516691208,-2.137741804122925,-0.0,0.0,0.0,0.0,0.0,0.0,0.10000000149011612,0.0,0.10737865418195724,-1.4848934412002563,-0.14419420063495636,-0.0,-0.0,-0.2208932340145111,-0.32213595509529114,1.0108933448791504,-0.5629709362983704,-0.25617480278015137,-0.0,-0.2592427432537079,-0.8620972037315369,-0.05215534567832947,0.012632614001631737,2.450196916470304e-05,0.0,0.0,0.0,0.005789338145405054,0.10004892200231552,0.0,0.10741472989320755,-1.4850562810897827,-0.14416742324829102,0.0,0.0,0.0303436741232872,0.21429690718650818,0.19698601961135864,-0.43660056591033936,-0.05089116841554642,0.14634501934051514,-0.3125738203525543,-1.2584277391433716,0.05879891663789749
330,-0.0,0.0,0.0,0.0,0.0,0.0,0.10000000149011612,0.0,0.10737865418195724,-1.4848934412002563,-0.14419420063495636,-0.0,-0.0,-0.2208932340145111,-0.32213595509529114,1.0124273300170898,-0.5645049214363098,-0.2592427432537079,-0.0,-0.2592427432537079,-0.8620972037315369,-0.05215534567832947,-0.3286009132862091,-0.00332721252925694,0.0,0.0,0.0,-0.04250015318393707,-0.9998122453689575,0.0,-0.99986732006073,-0.9998070001602173,-1.0001758337020874,-0.0,-0.0,-1.659196138381958,-2.0080864429473877,1.9601022005081177,-0.9396929740905762,-1.977938175201416,-0.481687992811203,-0.12842871248722076,0.2401210516691208,-2.137741804122925,-0.0,0.0,0.0,0.0,0.0,0.0,0.10000000149011612,0.0,0.10737865418195724,-1.4848934412002563,-0.14419420063495636,-0.0,-0.0,-0.2208932340145111,-0.32213595509529114,1.0124273300170898,-0.5645049214363098,-0.2592427432537079,-0.0,-0.2592427432537079,-0.8620972037315369,-0.05215534567832947,0.012632614001631737,2.450196916470304e-05,0.0,0.0,0.0,0.005789338145405054,0.10004892200231552,0.0,0.10741472989320755,-1.4850562810897827,-0.14416742324829102,0.0,0.0,0.0303436741232872,0.21429690718650818,0.19830381870269775,-0.4371213912963867,-0.051262423396110535,0.14634501934051514,-0.3125738203525543,-1.2584277391433716,0.05879891663789749
331,-0.0,0.0,0.0,0.0,0.0,0.0,0.10000000149011612,0.0,0.10737865418195724,-1.4848934412002563,-0.14419420063495636,-0.0,-0.0,-0.2208932340145111,-0.3190680146217346,1.0047574043273926,-0.5660389065742493,-0.25310683250427246,-0.0,-0.26077672839164734,-0.8636311888694763,-0.05062136426568031,-0.3286009132862091,-0.00332721252925694,0.0,0.0,0.0,-0.04250015318393707,-0.9998122453689575,0.0,-0.99986732006073,-0.9998070001602173,-1.0001758337020874,-0.0,-0.0,-1.659196138381958,-1.9984441995620728,1.9511741399765015,-0.9442111253738403,-1.9272326231002808,-0.481687992811203,-0.13219137489795685,0.23585493862628937,-2.10890793800354,-0.0,0.0,0.0,0.0,0.0,0.0,0.10000000149011612,0.0,0.10737865418195724,-1.4848934412002563,-0.14419420063495636,-0.0,-0.0,-0.2208932340145111,-0.3190680146217346,1.0047574043273926,-0.5660389065742493,-0.25310683250427246,-0.0,-0.26077672839164734,-0.8636311888694763,-0.05062136426568031,0.012632614001631737,2.450196916470304e-05,0.0,0.0,0.0,0.005789338145405054,0.10004892200231552,0.0,0.10741472989320755,-1.4850562810897827,-0.14416742324829102,0.0,0.0,0.0303436741232872,0.21527306735515594,0.19171476364135742,-0.4376422166824341,-0.0505199134349823,0.14634501934051514,-0.3131992220878601,-1.258979320526123,0.0588805228471756
332,-0.0,0.0,0.0,0.0,0.0,0.0,0.10000000149011612,0.0,0.10737865418195724,-1.4848934412002563,-0.14419420063495636,-0.0,-0.0,-0.2208932340145111,-0.30833014845848083,0.9802137017250061,-0.5553010702133179,-0.21015536785125732,-0.0,-0.26077672839164734,-0.8620972037315369,-0.05062136426568031,-0.3286009132862091,-0.00332721252925694,0.0,0.0,0.0,-0.04250015318393707,-0.9998122453689575,0.0,-0.99986732006073,-0.9998070001602173,-1.0001758337020874,-0.0,-0.0,-1.659196138381958,-1.9646961688995361,1.9226040840148926,-0.9125844836235046,-1.5722929239273071,-0.481687992811203,-0.13219137489795685,0.2401210516691208,-2.10890793800354,-0.0,0.0,0.0,0.0,0.0,0.0,0.10000000149011612,0.0,0.10737865418195724,-1.4848934412002563,-0.14419420063495636,-0.0,-0.0,-0.2208932340145111,-0.30833014845848083,0.9802137017250061,-0.5553010702133179,-0.21015536785125732,-0.0,-0.26077672839164734,-0.8620972037315369,-0.05062136426568031,0.012632614001631737,2.450196916470304e-05,0.0,0.0,0.0,0.005789338145405054,0.10004892200231552,0.0,0.10741472989320755,-1.4850562810897827,-0.14416742324829102,0.0,0.0,0.0303436741232872,0.21868962049484253,0.1706298589706421,-0.4339964985847473,-0.04532233253121376,0.14634501934051514,-0.3131992220878601,-1.2584277391433716,0.0588805228471756
333,-0.0,0.0,0.0,0.0,0.0,0.0,0.10000000149011612,0.0,0.10737865418195724,-1.4848934412002563,-0.14419420063495636,-0.0,-0.0,-0.2208932340145111,-0.2883884012699127,0.9249904155731201,-0.5353593230247498,-0.1733398288488388,-0.0,-0.26077672839164734,-0.8605632185935974,-0.05062136426568031,-0.3286009132862091,-0.00332721252925694,0.0,0.0,0.0,-0.04250015318393707,-0.9998122453689575,0.0,-0.99986732006073,-0.9998070001602173,-1.0001758337020874,-0.0,-0.0,-1.659196138381958,-1.9020214080810547,1.8583219051361084,-0.8538492321968079,-1.2680587768554688,-0.481687992811203,-0.13219137489795685,0.24438714981079102,-2.10890793800354,-0.0,0.0,0.0,0.0,0.0,0.0,0.10000000149011612,0.0,0.10737865418195724,-1.4848934412002563,-0.14419420063495636,-0.0,-0.0,-0.2208932340145111,-0.2883884012699127,0.9249904155731201,-0.5353593230247498,-0.1733398288488388,-0.0,-0.26077672839164734,-0.8605632185935974,-0.05062136426568031,0.012632614001631737,2.450196916470304e-05,0.0,0.0,0.0,0.005789338145405054,0.10004892200231552,0.0,0.10741472989320755,-1.4850562810897827,-0.14416742324829102,0.0,0.0,0.0303436741232872,0.2250346541404724,0.12318897247314453,-0.42722588777542114,-0.040867261588573456,0.14634501934051514,-0.3131992220878601,-1.2578761577606201,0.0588805228471756
334,-0.0,0.0,0.0,0.0,0.0,0.0,0.10000000149011612,0.0,0.10737865418195724,-1.4848934412002563,-0.14419420063495636,-0.0,-0.0,-0.2208932340145111,-0.251572847366333,0.8314175605773926,-0.5108156204223633,-0.13345633447170258,-0.0,-0.2623107135295868,-0.859029233455658,-0.0475534051656723,-0.3286009132862091,-0.00332721252925694,0.0,0.0,0.0,-0.04250015318393707,-0.9998122453689575,0.0,-0.99986732006073,-0.9998070001602173,-1.0001758337020874,-0.0,-0.0,-1.659196138381958,-1.7863140106201172,1.7493990659713745,-0.7815596461296082,-0.9384719729423523,-0.481687992811203,-0.13595403730869293,0.24865324795246124,-2.0512399673461914,-0.0,0.0,0.0,0.0,0.0,0.0,0.10000000149011612,0.0,0.10737865418195724,-1.4848934412002563,-0.14419420063495636,-0.0,-0.0,-0.2208932340145111,-0.251572847366333,0.8314175605773926,-0.5108156204223633,-0.13345633447170258,-0.0,-0.2623107135295868,-0.859029233455658,-0.0475534051656723,0.012632614001631737,2.450196916470304e-05,0.0,0.0,0.0,0.005789338145405054,0.10004892200231552,0.0,0.10741472989320755,-1.4850562810897827,-0.14416742324829102,0.0,0.0,0.0303436741232872,0.2367485612630844,0.04280287027359009,-0.41889283061027527,-0.03604093939065933,0.14634501934051514,-0.3138245940208435,-1.2573245763778687,0.05904373899102211
335,-0.0,0.0,0.0,0.0,0.0,0.0,0.10000000149011612,0.0,0.10737865418195724,-1.4848934412002563,-0.14419420063495636,-0.0,-0.0,-0.2208932340145111,-0.2208932340145111,0.7516505718231201,-0.48166996240615845,-0.08130098134279251,-0.0,-0.26077672839164734,-0.855961263179779,-0.04908738657832146,-0.3286009132862091,-0.00332721252925694,0.0,0.0,0.0,-0.04250015318393707,-0.9998122453689575,0.0,-0.99986732006073,-0.9998070001602173,-1.0001758337020874,-0.0,-0.0,-1.659196138381958,-1.6898914575576782,1.6565468311309814,-0.6957157254219055,-0.5074735879898071,-0.481687992811203,-0.13219137489795685,0.2571854591369629,-2.080073833465576,-0.0,0.0,0.0,0.0,0.0,0.0,0.10000000149011612,0.0,0.10737865418195724,-1.4848934412002563,-0.14419420063495636,-0.0,-0.0,-0.2208932340145111,-0.2208932340145111,0.7516505718231201,-0.48166996240615845,-0.08130098134279251,-0.0,-0.26077672839164734,-0.855961263179779,-0.04908738657832146,0.012632614001631737,2.450196916470304e-05,0.0,0.0,0.0,0.005789338145405054,0.10004892200231552,0.0,0.10741472989320755,-1.4850562810897827,-0.14416742324829102,0.0,0.0,0.0303436741232872,0.24651014804840088,-0.025722920894622803,-0.4089973270893097,-0.029729589819908142,0.14634501934051514,-0.3131992220878601,-1.2562214136123657,0.058962132781744
336,-0.0,0.0,0.0,0.0,0.0,0.0,0.10000000149011612,0.0,0.10737865418195724,-1.4848934412002563,-0.14419420063495636,-0.0,-0.0,-0.21629129350185394,-0.1871456503868103,0.6626796722412109,-0.43718451261520386,-0.03374757617712021,-0.0,-0.2623107135295868,-0.8544272780418396,-0.05062136426568031,-0.3286009132862091,-0.00332721252925694,0.0,0.0,0.0,-0.04250015318393707,-0.9998122453689575,0.0,-0.99986732006073,-0.9998070001602173,-1.0001758337020874,-0.0,-0.0,-1.6328506469726562,-1.5838265419006348,1.552980899810791,-0.564690887928009,-0.11450459063053131,-0.481687992811203,-0.13595403730869293,0.2614515423774719,-2.10890793800354,-0.0,0.0,0.0,0.0,0.0,0.0,0.10000000149011612,0.0,0.10737865418195724,-1.4848934412002563,-0.14419420063495636,-0.0,-0.0,-0.21629129350185394,-0.1871456503868103,0.6626796722412109,-0.43718451261520386,-0.03374757617712021,-0.0,-0.2623107135295868,-0.8544272780418396,-0.05062136426568031,0.012632614001631737,2.450196916470304e-05,0.0,0.0,0.0,0.005789338145405054,0.10004892200231552,0.0,0.10741472989320755,-1.4850562810897827,-0.14416742324829102,0.0,0.0,0.03114752471446991,0.2572478950023651,-0.10215556621551514,-0.39389365911483765,-0.023975124582648277,0.14634501934051514,-0.3138245940208435,-1.2556698322296143,0.0588805228471756
337,-0.0,0.0,0.0,0.0,0.0,0.0,0.10000000149011612,0.0,0.10737865418195724,-1.4848934412002563,-0.14419420063495636,-0.0,-0.0,-0.21015536785125732,-0.16260196268558502,0.6059224009513855,-0.4187767505645752,-0.012271846644580364,-0.0,-0.2623107135295868,-0.8544272780418396,-0.04908738657832146,-0.3286009132862091,-0.00332721252925694,0.0,0.0,0.0,-0.04250015318393707,-0.9998122453689575,0.0,-0.99986732006073,-0.9998070001602173,-1.0001758337020874,-0.0,-0.0,-1.5977232456207275,-1.5066883563995361,1.4869129657745361,-0.5104737281799316,0.0629652738571167,-0.481687992811203,-0.13595403730869293,0.2614515423774719,-2.080073833465576,-0.0,0.0,0.0,0.0,0.0,0.0,0.10000000149011612,0.0,0.10737865418195724,-1.4848934412002563,-0.14419420063495636,-0.0,-0.0,-0.21015536785125732,-0.16260196268558502,0.6059224009513855,-0.4187767505645752,-0.012271846644580364,-0.0,-0.2623107135295868,-0.8544272780418396,-0.04908738657832146,0.012632614001631737,2.450196916470304e-05,0.0,0.0,0.0,0.005789338145405054,0.10004892200231552,0.0,0.10741472989320755,-1.4850562810897827,-0.14416742324829102,0.0,0.0,0.03221932053565979,0.26505717635154724,-0.15091431140899658,-0.38764387369155884,-0.021376334130764008,0.14634501934051514,-0.3138245940208435,-1.2556698322296143,0.058962132781744
338,-0.0,0.0,0.0,0.0,0.0,0.0,0.10000000149011612,0.0,0.10737865418195724,-1.4848934412002563,-0.14419420063495636,-0.0,-0.0,-0.19174760580062866,-0.12732040882110596,0.5230874419212341,-0.40036898851394653,0.029145635664463043,-0.0,-0.26384469866752625,-0.8513593077659607,-0.0475534051656723,-0.3286009132862091,-0.00332721252925694,0.0,0.0,0.0,-0.04250015318393707,-0.9998122453689575,0.0,-0.99986732006073,-0.9998070001602173,-1.0001758337020874,-0.0,-0.0,-1.4923409223556519,-1.3958021402359009,1.3904894590377808,-0.45625656843185425,0.4052286148071289,-0.481687992811203,-0.13971668481826782,0.26998376846313477,-2.0512399673461914,-0.0,0.0,0.0,0.0,0.0,0.0,0.10000000149011612,0.0,0.10737865418195724,-1.4848934412002563,-0.14419420063495636,-0.0,-0.0,-0.19174760580062866,-0.12732040882110596,0.5230874419212341,-0.40036898851394653,0.029145635664463043,-0.0,-0.26384469866752625,-0.8513593077659607,-0.0475534051656723,0.012632614001631737,2.450196916470304e-05,0.0,0.0,0.0,0.005789338145405054,0.10004892200231552,0.0,0.10741472989320755,-1.4850562810897827,-0.14416742324829102,0.0,0.0,0.03543471544981003,0.27628299593925476,-0.22207576036453247,-0.38139408826828003,-0.016364380717277527,0.14634501934051514,-0.3144499659538269,-1.2545666694641113,0.05904373899102211
339,-0.0,0.0,0.0,0.0,0.0,0.0,0.10000000149011612,0.0,0.10737865418195724,-1.4848934412002563,-0.14419420063495636,-0.0,-0.0,-0.17640778422355652,-0.09357282519340515,0.44332045316696167,-0.38656315207481384,0.07669904083013535,-0.0,-0.2623107135295868,-0.8467574119567871,-0.04908738657832146,-0.3286009132862091,-0.00332721252925694,0.0,0.0,0.0,-0.04250015318393707,-0.9998122453689575,0.0,-0.99986732006073,-0.9998070001602173,-1.0001758337020874,-0.0,-0.0,-1.4045220613479614,-1.2897372245788574,1.2976372241973877,-0.4155936539173126,0.7981976866722107,-0.481687992811203,-0.13595403730869293,0.2827818989753723,-2.080073833465576,-0.0,0.0,0.0,0.0,0.0,0.0,0.10000000149011612,0.0,0.10737865418195724,-1.4848934412002563,-0.14419420063495636,-0.0,-0.0,-0.17640778422355652,-0.09357282519340515,0.44332045316696167,-0.38656315207481384,0.07669904083013535,-0.0,-0.2623107135295868,-0.8467574119567871,-0.04908738657832146,0.012632614001631737,2.450196916470304e-05,0.0,0.0,0.0,0.005789338145405054,0.10004892200231552,0.0,0.10741472989320755,-1.4850562810897827,-0.14416742324829102,0.0,0.0,0.038114212453365326,0.287020742893219,-0.29060155153274536,-0.37670671939849854,-0.010609915480017662,0.14634501934051514,-0.3138245940208435,-1.252911925315857,0.058962132781744
340,-0.0,0.0,0.0,0.0,0.0,0.0,0.10000000149011612,0.0,0.10737865418195724,-1.4848934412002563,-0.14419420063495636,-0.0,-0.0,-0.1672039031982422,-0.06749515235424042,0.3773592710494995,-0.35895150899887085,0.08743690699338913,-0.0,-0.26077672839164734,-0.8452234268188477,-0.05062136426568031,-0.3286009132862091,-0.00332721252925694,0.0,0.0,0.0,-0.04250015318393707,-0.9998122453689575,0.0,-0.99986732006073,-0.9998070001602173,-1.0001758337020874,-0.0,-0.0,-1.3518308401107788,-1.2077778577804565,1.2208555936813354,-0.3342679440975189,0.8869326114654541,-0.481687992811203,-0.13219137489795685,0.28704801201820374,-2.10890793800354,-0.0,0.0,0.0,0.0,0.0,0.0,0.10000000149011612,0.0,0.10737865418195724,-1.4848934412002563,-0.14419420063495636,-0.0,-0.0,-0.1672039031982422,-0.06749515235424042,0.3773592710494995,-0.35895150899887085,0.08743690699338913,-0.0,-0.26077672839164734,-0.8452234268188477,-0.05062136426568031,0.012632614001631737,2.450196916470304e-05,0.0,0.0,0.0,0.005789338145405054,0.10004892200231552,0.0,0.10741472989320755,-1.4850562810897827,-0.14416742324829102,0.0,0.0,0.039721906185150146,0.2953180968761444,-0.34726715087890625,-0.3673320412635803,-0.009310520254075527,0.14634501934051514,-0.3131992220878601,-1.2523603439331055,0.0588805228471756
341,-0.0,0.0,0.0,0.0,0.0,0.0,0.10000000149011612,0.0,0.10737865418195724,-1.4848934412002563,-0.14419420063495636,-0.0,-0.0,-0.14879614114761353,-0.03067961521446705,0.279184490442276,-0.3236699402332306,0.10584467649459839,-0.0,-0.2592427432537079,-0.8406214714050293,-0.05368932709097862,-0.3286009132862091,-0.00332721252925694,0.0,0.0,0.0,-0.04250015318393707,-0.9998122453689575,0.0,-0.99986732006073,-0.9998070001602173,-1.0001758337020874,-0.0,-0.0,-1.2464485168457031,-1.0920705795288086,1.1065759658813477,-0.23035168647766113,1.0390496253967285,-0.481687992811203,-0.12842871248722076,0.2998462915420532,-2.1665756702423096,-0.0,0.0,0.0,0.0,0.0,0.0,0.10000000149011612,0.0,0.10737865418195724,-1.4848934412002563,-0.14419420063495636,-0.0,-0.0,-0.14879614114761353,-0.03067961521446705,0.279184490442276,-0.3236699402332306,0.10584467649459839,-0.0,-0.2592427432537079,-0.8406214714050293,-0.05368932709097862,0.012632614001631737,2.450196916470304e-05,0.0,0.0,0.0,0.005789338145405054,0.10004892200231552,0.0,0.10741472989320755,-1.4850562810897827,-0.14416742324829102,0.0,0.0,0.042937301099300385,0.3070319890975952,-0.43160662055015564,-0.35535329580307007,-0.0070829857140779495,0.14634501934051514,-0.3125738203525543,-1.250705599784851,0.058717306703329086
342,-0.0,0.0,0.0,0.0,0.0,0.0,0.10000000149011612,0.0,0.10737865418195724,-1.4848934412002563,-0.14419420063495636,-0.0,-0.0,-0.14112623035907745,0.0,0.19328157603740692,-0.2485048919916153,0.12885437905788422,-0.0,-0.25770875811576843,-0.8390874862670898,-0.05368932709097862,-0.3286009132862091,-0.00332721252925694,0.0,0.0,0.0,-0.04250015318393707,-0.9998122453689575,0.0,-0.99986732006073,-0.9998070001602173,-1.0001758337020874,-0.0,-0.0,-1.202539086341858,-0.9956479072570801,1.0065813064575195,-0.008964944630861282,1.2291958332061768,-0.481687992811203,-0.12466605007648468,0.30411240458488464,-2.1665756702423096,-0.0,0.0,0.0,0.0,0.0,0.0,0.10000000149011612,0.0,0.10737865418195724,-1.4848934412002563,-0.14419420063495636,-0.0,-0.0,-0.14112623035907745,0.0,0.19328157603740692,-0.2485048919916153,0.12885437905788422,-0.0,-0.25770875811576843,-0.8390874862670898,-0.05368932709097862,0.012632614001631737,2.450196916470304e-05,0.0,0.0,0.0,0.005789338145405054,0.10004892200231552,0.0,0.10741472989320755,-1.4850562810897827,-0.14416742324829102,0.0,0.0,0.04427704960107803,0.3167935907840729,-0.5054036378860474,-0.3298332989215851,-0.004298568703234196,0.14634501934051514,-0.31194841861724854,-1.2501540184020996,0.058717306703329086
343,-0.0,0.0,0.0,0.0,0.0,0.0,0.10000000149011612,0.0,0.10737865418195724,-1.4848934412002563,-0.14419420063495636,-0.0,-0.0,-0.12732040882110596,0.02454369328916073,0.11658254265785217,-0.19941750168800354,0.11351457983255386,-0.0,-0.25770875811576843,-0.8360195159912109,-0.05368932709097862,-0.3286009132862091,-0.00332721252925694,0.0,0.0,0.0,-0.04250015318393707,-0.9998122453689575,0.0,-0.99986732006073,-0.9998070001602173,-1.0001758337020874,-0.0,-0.0,-1.1235023736953735,-0.9185097217559814,0.917300283908844,0.13561418652534485,1.1024317741394043,-0.481687992811203,-0.12466605007648468,0.3126446008682251,-2.1665756702423096,-0.0,0.0,0.0,0.0,0.0,0.0,0.10000000149011612,0.0,0.10737865418195724,-1.4848934412002563,-0.14419420063495636,-0.0,-0.0,-0.12732040882110596,0.02454369328916073,0.11658254265785217,-0.19941750168800354,0.11351457983255386,-0.0,-0.25770875811576843,-0.8360195159912109,-0.05368932709097862,0.012632614001631737,2.450196916470304e-05,0.0,0.0,0.0,0.005789338145405054,0.10004892200231552,0.0,0.10741472989320755,-1.4850562810897827,-0.14416742324829102,0.0,0.0,0.04668859392404556,0.324602872133255,-0.571293830871582,-0.31316718459129333,-0.006154846400022507,0.14634501934051514,-0.31194841861724854,-1.2490508556365967,0.058717306703329086
344,-0.0,0.0,0.0,0.0,0.0,0.0,0.10000000149011612,0.0,0.10737865418195724,-1.4848934412002563,-0.14419420063495636,-0.0,-0.0,-0.11811652034521103,0.05675728991627693,0.03067961521446705,-0.13805827498435974,0.12425244599580765,-0.0,-0.25770875811576843,-0.8360195159912109,-0.05522330850362778,-0.3286009132862091,-0.00332721252925694,0.0,0.0,0.0,-0.04250015318393707,-0.9998122453689575,0.0,-0.99986732006073,-0.9998070001602173,-1.0001758337020874,-0.0,-0.0,-1.0708110332489014,-0.8172658681869507,0.8173056244850159,0.31633806228637695,1.191166639328003,-0.481687992811203,-0.12466605007648468,0.3126446008682251,-2.1954095363616943,-0.0,0.0,0.0,0.0,0.0,0.0,0.10000000149011612,0.0,0.10737865418195724,-1.4848934412002563,-0.14419420063495636,-0.0,-0.0,-0.11811652034521103,0.05675728991627693,0.03067961521446705,-0.13805827498435974,0.12425244599580765,-0.0,-0.25770875811576843,-0.8360195159912109,-0.05522330850362778,0.012632614001631737,2.450196916470304e-05,0.0,0.0,0.0,0.005789338145405054,0.10004892200231552,0.0,0.10741472989320755,-1.4850562810897827,-0.14416742324829102,0.0,0.0,0.04829629510641098,0.33485251665115356,-0.6450908780097961,-0.29233455657958984,-0.004855451174080372,0.14634501934051514,-0.31194841861724854,-1.2490508556365967,0.05863569676876068
345,-0.0,0.0,0.0,0.0,0.0,0.0,0.10000000149011612,0.0,0.10737865418195724,-1.4848934412002563,-0.14419420063495636,-0.0,-0.0,-0.10431069135665894,0.0920388475060463,-0.04448544234037399,-0.1365242898464203,0.14572817087173462,-0.0,-0.2546408176422119,-0.8360195159912109,-0.058291271328926086,-0.3286009132862091,-0.00332721252925694,0.0,0.0,0.0,-0.04250015318393707,-0.9998122453689575,0.0,-0.99986732006073,-0.9998070001602173,-1.0001758337020874,-0.0,-0.0,-0.991774320602417,-0.7063798308372498,0.7298101782798767,0.3208561837673187,1.3686364889144897,-0.481687992811203,-0.11714079976081848,0.3126446008682251,-2.253077745437622,-0.0,0.0,0.0,0.0,0.0,0.0,0.10000000149011612,0.0,0.10737865418195724,-1.4848934412002563,-0.14419420063495636,-0.0,-0.0,-0.10431069135665894,0.0920388475060463,-0.04448544234037399,-0.1365242898464203,0.14572817087173462,-0.0,-0.2546408176422119,-0.8360195159912109,-0.058291271328926086,0.012632614001631737,2.450196916470304e-05,0.0,0.0,0.0,0.005789338145405054,0.10004892200231552,0.0,0.10741472989320755,-1.4850562810897827,-0.14416742324829102,0.0,0.0,0.05070783942937851,0.34607836604118347,-0.7096632719039917,-0.2918137311935425,-0.0022566616535186768,0.14634501934051514,-0.31069767475128174,-1.2490508556365967,0.05847248062491417
346,-0.0,0.0,0.0,0.0,0.0,0.0,0.10000000149011612,0.0,0.10737865418195724,-1.4848934412002563,-0.14419420063495636,-0.0,-0.0,-0.09970875084400177,0.11658254265785217,-0.0951068103313446,-0.12425244599580765,0.15186409652233124,-0.0,-0.2546408176422119,-0.8360195159912109,-0.05982524901628494,-0.3286009132862091,-0.00332721252925694,0.0,0.0,0.0,-0.04250015318393707,-0.9998122453689575,0.0,-0.99986732006073,-0.9998070001602173,-1.0001758337020874,-0.0,-0.0,-0.9654287099838257,-0.6292416453361511,0.6708847880363464,0.3570009469985962,1.4193421602249146,-0.481687992811203,-0.11714079976081848,0.3126446008682251,-2.2819113731384277,-0.0,0.0,0.0,0.0,0.0,0.0,0.10000000149011612,0.0,0.10737865418195724,-1.4848934412002563,-0.14419420063495636,-0.0,-0.0,-0.09970875084400177,0.11658254265785217,-0.0951068103313446,-0.12425244599580765,0.15186409652233124,-0.0,-0.2546408176422119,-0.8360195159912109,-0.05982524901628494,0.012632614001631737,2.450196916470304e-05,0.0,0.0,0.0,0.005789338145405054,0.10004892200231552,0.0,0.10741472989320755,-1.4850562810897827,-0.14416742324829102,0.0,0.0,0.05151168629527092,0.3538876175880432,-0.7531508207321167,-0.28764721751213074,-0.0015141498297452927,0.14634501934051514,-0.31069767475128174,-1.2490508556365967,0.058390870690345764
347,-0.0,0.0,0.0,0.0,0.0,0.0,0.10000000149011612,0.0,0.10737865418195724,-1.4848934412002563,-0.14419420063495636,-0.0,-0.0,-0.08590292185544968,0.14726215600967407,-0.14726215600967407,-0.05062136426568031,0.1533980816602707,-0.0,-0.25310683250427246,-0.8344855308532715,-0.058291271328926086,-0.3286009132862091,-0.00332721252925694,0.0,0.0,0.0,-0.04250015318393707,-0.9998122453689575,0.0,-0.99986732006073,-0.9998070001602173,-1.0001758337020874,-0.0,-0.0,-0.8863918781280518,-0.5328189134597778,0.6101737022399902,0.5738696455955505,1.4320186376571655,-0.481687992811203,-0.1133781373500824,0.3169107139110565,-2.253077745437622,-0.0,0.0,0.0,0.0,0.0,0.0,0.10000000149011612,0.0,0.10737865418195724,-1.4848934412002563,-0.14419420063495636,-0.0,-0.0,-0.08590292185544968,0.14726215600967407,-0.14726215600967407,-0.05062136426568031,0.1533980816602707,-0.0,-0.25310683250427246,-0.8344855308532715,-0.058291271328926086,0.012632614001631737,2.450196916470304e-05,0.0,0.0,0.0,0.005789338145405054,0.10004892200231552,0.0,0.10741472989320755,-1.4850562810897827,-0.14416742324829102,0.0,0.0,0.05392323434352875,0.3636492192745209,-0.7979561686515808,-0.2626480460166931,-0.0013285204768180847,0.14634501934051514,-0.31007230281829834,-1.2484992742538452,0.05847248062491417
348,-0.0,0.0,0.0,0.0,0.0,0.0,0.10000000149011612,0.0,0.10737865418195724,-1.4848934412002563,-0.14419420063495636,-0.0,-0.0,-0.07516505569219589,0.17640778422355652,-0.19328157603740692,0.003067961661145091,0.11965049803256989,-0.0,-0.25310683250427246,-0.832951545715332,-0.05982524901628494,-0.3286009132862091,-0.00332721252925694,0.0,0.0,0.0,-0.04250015318393707,-0.9998122453689575,0.0,-0.99986732006073,-0.9998070001602173,-1.0001758337020874,-0.0,-0.0,-0.824918806552887,-0.4412173628807068,0.5566051006317139,0.7320030331611633,1.1531373262405396,-0.481687992811203,-0.1133781373500824,0.32117679715156555,-2.2819113731384277,-0.0,0.0,0.0,0.0,0.0,0.0,0.10000000149011612,0.0,0.10737865418195724,-1.4848934412002563,-0.14419420063495636,-0.0,-0.0,-0.07516505569219589,0.17640778422355652,-0.19328157603740692,0.003067961661145091,0.11965049803256989,-0.0,-0.25310683250427246,-0.832951545715332,-0.05982524901628494,0.012632614001631737,2.450196916470304e-05,0.0,0.0,0.0,0.005789338145405054,0.10004892200231552,0.0,0.10741472989320755,-1.4850562810897827,-0.14416742324829102,0.0,0.0,0.05579888075590134,0.37292271852493286,-0.8374903202056885,-0.24441948533058167,-0.005412335507571697,0.14634501934051514,-0.31007230281829834,-1.2479476928710938,0.058390870690345764
349,-0.0,0.0,0.0,0.0,0.0,0.0,0.10000000149011612,0.0,0.10737865418195724,-1.4848934412002563,-0.14419420063495636,-0.0,-0.0,-0.06902913749217987,0.1978835165500641,-0.23009711503982544,0.01840776950120926,0.12118448317050934,-0.0,-0.25003886222839355,-0.8344855308532715,-0.0613592304289341,-0.3286009132862091,-0.00332721252925694,0.0,0.0,0.0,-0.04250015318393707,-0.9998122453689575,0.0,-0.99986732006073,-0.9998070001602173,-1.0001758337020874,-0.0,-0.0,-0.7897914052009583,-0.37372148036956787,0.5137502551078796,0.777184009552002,1.1658138036727905,-0.481687992811203,-0.10585281252861023,0.3169107139110565,-2.3107454776763916,-0.0,0.0,0.0,0.0,0.0,0.0,0.10000000149011612,0.0,0.10737865418195724,-1.4848934412002563,-0.14419420063495636,-0.0,-0.0,-0.06902913749217987,0.1978835165500641,-0.23009711503982544,0.01840776950120926,0.12118448317050934,-0.0,-0.25003886222839355,-0.8344855308532715,-0.0613592304289341,0.012632614001631737,2.450196916470304e-05,0.0,0.0,0.0,0.005789338145405054,0.10004892200231552,0.0,0.10741472989320755,-1.4850562810897827,-0.14416742324829102,0.0,0.0,0.05687067657709122,0.3797558546066284,-0.8691176176071167,-0.2392113357782364,-0.005226707085967064,0.14634501934051514,-0.30882152915000916,-1.2484992742538452,0.05830926448106766
350,-0.0,0.0,0.0,0.0,0.0,0.0,0.10000000149011612,0.0,0.10737865418195724,-1.4848934412002563,-0.14419420063495636,-0.0,-0.0,-0.05982524901628494,0.22702915966510773,-0.27765053510665894,0.10124272853136063,0.06902913749217987,-0.0,-0.25003886222839355,-0.8360195159912109,-0.0613592304289341,-0.3286009132862091,-0.00332721252925694,0.0,0.0,0.0,-0.04250015318393707,-0.9998122453689575,0.0,-0.99986732006073,-0.9998070001602173,-1.0001758337020874,-0.0,-0.0,-0.7371001839637756,-0.28211987018585205,0.4583960175514221,1.0211613178253174,0.7348154783248901,-0.481687992811203,-0.10585281252861023,0.3126446008682251,-2.3107454776763916,-0.0,0.0,0.0,0.0,0.0,0.0,0.10000000149011612,0.0,0.10737865418195724,-1.4848934412002563,-0.14419420063495636,-0.0,-0.0,-0.05982524901628494,0.22702915966510773,-0.27765053510665894,0.10124272853136063,0.06902913749217987,-0.0,-0.25003886222839355,-0.8360195159912109,-0.0613592304289341,0.012632614001631737,2.450196916470304e-05,0.0,0.0,0.0,0.005789338145405054,0.10004892200231552,0.0,0.10741472989320755,-1.4850562810897827,-0.14416742324829102,0.0,0.0,0.058478374034166336,0.3890293538570404,-0.9099695682525635,-0.21108727157115936,-0.011538054794073105,0.14634501934051514,-0.30882152915000916,-1.2490508556365967,0.05830926448106766
351,-0.0,0.0,0.0,0.0,0.0,0.0,0.10000000149011612,0.0,0.10737865418195724,-1.4848934412002563,-0.14419420063495636,-0.0,-0.0,-0.05982524901628494,0.2485048919916153,-0.3129320740699768,0.16260196268558502,0.04295146092772484,-0.0,-0.25003886222839355,-0.8360195159912109,-0.05982524901628494,-0.3286009132862091,-0.00332721252925694,0.0,0.0,0.0,-0.04250015318393707,-0.9998122453689575,0.0,-0.99986732006073,-0.9998070001602173,-1.0001758337020874,-0.0,-0.0,-0.7371001839637756,-0.21462398767471313,0.41732677817344666,1.2018851041793823,0.5193163752555847,-0.481687992811203,-0.10585281252861023,0.3126446008682251,-2.2819113731384277,-0.0,0.0,0.0,0.0,0.0,0.0,0.10000000149011612,0.0,0.10737865418195724,-1.4848934412002563,-0.14419420063495636,-0.0,-0.0,-0.05982524901628494,0.2485048919916153,-0.3129320740699768,0.16260196268558502,0.04295146092772484,-0.0,-0.25003886222839355,-0.8360195159912109,-0.05982524901628494,0.012632614001631737,2.450196916470304e-05,0.0,0.0,0.0,0.005789338145405054,0.10004892200231552,0.0,0.10741472989320755,-1.4850562810897827,-0.14416742324829102,0.0,0.0,0.058478374034166336,0.3958624601364136,-0.9402790069580078,-0.19025462865829468,-0.0146937295794487,0.14634501934051514,-0.30882152915000916,-1.2490508556365967,0.058390870690345764
352,-0.0,0.0,0.0,0.0,0.0,0.0,0.10000000149011612,0.0,0.10737865418195724,-1.4848934412002563,-0.14419420063495636,-0.0,-0.0,-0.05522330850362778,0.2623107135295868,-0.33900976181030273,0.20248545706272125,-0.023009711876511574,-0.0,-0.25003886222839355,-0.8375535011291504,-0.05982524901628494,-0.3286009132862091,-0.00332721252925694,0.0,0.0,0.0,-0.04250015318393707,-0.9998122453689575,0.0,-0.99986732006073,-0.9998070001602173,-1.0001758337020874,-0.0,-0.0,-0.7107545733451843,-0.17123377323150635,0.38697123527526855,1.3193556070327759,-0.025769660249352455,-0.481687992811203,-0.10585281252861023,0.30837851762771606,-2.2819113731384277,-0.0,0.0,0.0,0.0,0.0,0.0,0.10000000149011612,0.0,0.10737865418195724,-1.4848934412002563,-0.14419420063495636,-0.0,-0.0,-0.05522330850362778,0.2623107135295868,-0.33900976181030273,0.20248545706272125,-0.023009711876511574,-0.0,-0.25003886222839355,-0.8375535011291504,-0.05982524901628494,0.012632614001631737,2.450196916470304e-05,0.0,0.0,0.0,0.005789338145405054,0.10004892200231552,0.0,0.10741472989320755,-1.4850562810897827,-0.14416742324829102,0.0,0.0,0.059282220900058746,0.4002551734447479,-0.9626817107200623,-0.17671342194080353,-0.022675728425383568,0.14634501934051514,-0.30882152915000916,-1.2496024370193481,0.058390870690345764
353,-0.0,0.0,0.0,0.0,0.0,0.0,0.10000000149011612,0.0,0.10737865418195724,-1.4848934412002563,-0.14419420063495636,-0.0,-0.0,-0.05522330850362778,0.27765053510665894,-0.3773592710494995,0.2899223566055298,-0.0613592304289341,-0.0,-0.251572847366333,-0.8375535011291504,-0.058291271328926086,-0.3286009132862091,-0.00332721252925694,0.0,0.0,0.0,-0.04250015318393707,-0.9998122453689575,0.0,-0.99986732006073,-0.9998070001602173,-1.0001758337020874,-0.0,-0.0,-0.7107545733451843,-0.12302238494157791,0.3423307538032532,1.5768871307373047,-0.3426801562309265,-0.481687992811203,-0.10961547493934631,0.30837851762771606,-2.253077745437622,-0.0,0.0,0.0,0.0,0.0,0.0,0.10000000149011612,0.0,0.10737865418195724,-1.4848934412002563,-0.14419420063495636,-0.0,-0.0,-0.05522330850362778,0.27765053510665894,-0.3773592710494995,0.2899223566055298,-0.0613592304289341,-0.0,-0.251572847366333,-0.8375535011291504,-0.058291271328926086,0.012632614001631737,2.450196916470304e-05,0.0,0.0,0.0,0.005789338145405054,0.10004892200231552,0.0,0.10741472989320755,-1.4850562810897827,-0.14416742324829102,0.0,0.0,0.059282220900058746,0.40513598918914795,-0.9956268072128296,-0.1470269113779068,-0.027316424995660782,0.14634501934051514,-0.30944690108299255,-1.2496024370193481,0.05847248062491417
354,-0.0,0.0,0.0,0.0,0.0,0.0,0.10000000149011612,0.0,0.10737865418195724,-1.4848934412002563,-0.14419420063495636,-0.0,-0.0,-0.05522330850362778,0.2883884012699127,-0.40957286953926086,0.3436116874217987,-0.10737865418195724,-0.0,-0.2485048919916153,-0.8390874862670898,-0.05982524901628494,-0.3286009132862091,-0.00332721252925694,0.0,0.0,0.0,-0.04250015318393707,-0.9998122453689575,0.0,-0.99986732006073,-0.9998070001602173,-1.0001758337020874,-0.0,-0.0,-0.7107545733451843,-0.08927443623542786,0.30483272671699524,1.735020637512207,-0.7229726910591125,-0.481687992811203,-0.10209018737077713,0.30411240458488464,-2.2819113731384277,-0.0,0.0,0.0,0.0,0.0,0.0,0.10000000149011612,0.0,0.10737865418195724,-1.4848934412002563,-0.14419420063495636,-0.0,-0.0,-0.05522330850362778,0.2883884012699127,-0.40957286953926086,0.3436116874217987,-0.10737865418195724,-0.0,-0.2485048919916153,-0.8390874862670898,-0.05982524901628494,0.012632614001631737,2.450196916470304e-05,0.0,0.0,0.0,0.005789338145405054,0.10004892200231552,0.0,0.10741472989320755,-1.4850562810897827,-0.14416742324829102,0.0,0.0,0.059282220900058746,0.40855252742767334,-1.0233006477355957,-0.12879836559295654,-0.03288526087999344,0.14634501934051514,-0.30819615721702576,-1.2501540184020996,0.058390870690345764
355,-0.0,0.0,0.0,0.0,0.0,0.0,0.10000000149011612,0.0,0.10737865418195724,-1.4848934412002563,-0.14419420063495636,-0.0,-0.0,-0.05522330850362778,0.29145634174346924,-0.42031073570251465,0.3957670331001282,-0.19328157603740692,-0.0,-0.2485048919916153,-0.8406214714050293,-0.058291271328926086,-0.3286009132862091,-0.00332721252925694,0.0,0.0,0.0,-0.04250015318393707,-0.9998122453689575,0.0,-0.99986732006073,-0.9998070001602173,-1.0001758337020874,-0.0,-0.0,-0.7107545733451843,-0.0796322301030159,0.2923333942890167,1.8886358737945557,-1.4328522682189941,-0.481687992811203,-0.10209018737077713,0.2998462915420532,-2.253077745437622,-0.0,0.0,0.0,0.0,0.0,0.0,0.10000000149011612,0.0,0.10737865418195724,-1.4848934412002563,-0.14419420063495636,-0.0,-0.0,-0.05522330850362778,0.29145634174346924,-0.42031073570251465,0.3957670331001282,-0.19328157603740692,-0.0,-0.2485048919916153,-0.8406214714050293,-0.058291271328926086,0.012632614001631737,2.450196916470304e-05,0.0,0.0,0.0,0.005789338145405054,0.10004892200231552,0.0,0.10741472989320755,-1.4850562810897827,-0.14416742324829102,0.0,0.0,0.059282220900058746,0.4095286726951599,-1.0325253009796143,-0.11109061539173126,-0.04328042268753052,0.14634501934051514,-0.30819615721702576,-1.250705599784851,0.05847248062491417
356,-0.0,0.0,0.0,0.0,0.0,0.0,0.10000000149011612,0.0,0.10737865418195724,-1.4848934412002563,-0.14419420063495636,-0.0,-0.0,-0.05522330850362778,0.30066022276878357,-0.43411657214164734,0.4832039475440979,-0.3267379105091095,-0.0,-0.2454369217157364,-0.8421554565429688,-0.05522330850362778,-0.3286009132862091,-0.00332721252925694,0.0,0.0,0.0,-0.04250015318393707,-0.9998122453689575,0.0,-0.99986732006073,-0.9998070001602173,-1.0001758337020874,-0.0,-0.0,-0.7107545733451843,-0.050705429166555405,0.2762628197669983,2.146167516708374,-2.535700559616089,-0.481687992811203,-0.09456486254930496,0.2955802083015442,-2.1954095363616943,-0.0,0.0,0.0,0.0,0.0,0.0,0.10000000149011612,0.0,0.10737865418195724,-1.4848934412002563,-0.14419420063495636,-0.0,-0.0,-0.05522330850362778,0.30066022276878357,-0.43411657214164734,0.4832039475440979,-0.3267379105091095,-0.0,-0.2454369217157364,-0.8421554565429688,-0.05522330850362778,0.012632614001631737,2.450196916470304e-05,0.0,0.0,0.0,0.005789338145405054,0.10004892200231552,0.0,0.10741472989320755,-1.4850562810897827,-0.14416742324829102,0.0,0.0,0.059282220900058746,0.4124571681022644,-1.044385552406311,-0.08140410482883453,-0.05943005159497261,0.14634501934051514,-0.3069453835487366,-1.2512571811676025,0.05863569676876068
357,-0.0,0.0,0.0,0.0,0.0,0.0,0.10000000149011612,0.0,0.10737865418195724,-1.4848934412002563,-0.14419420063495636,-0.0,-0.0,-0.05522330850362778,0.3037281930446625,-0.44332045316696167,0.5292233824729919,-0.3037281930446625,-0.0,-0.24236896634101868,-0.8406214714050293,-0.05675728991627693,-0.3286009132862091,-0.00332721252925694,0.0,0.0,0.0,-0.04250015318393707,-0.9998122453689575,0.0,-0.99986732006073,-0.9998070001602173,-1.0001758337020874,-0.0,-0.0,-0.7107545733451843,-0.041063129901885986,0.26554909348487854,2.281710386276245,-2.3455543518066406,-0.481687992811203,-0.08703958243131638,0.2998462915420532,-2.224243640899658,-0.0,0.0,0.0,0.0,0.0,0.0,0.10000000149011612,0.0,0.10737865418195724,-1.4848934412002563,-0.14419420063495636,-0.0,-0.0,-0.05522330850362778,0.3037281930446625,-0.44332045316696167,0.5292233824729919,-0.3037281930446625,-0.0,-0.24236896634101868,-0.8406214714050293,-0.05675728991627693,0.012632614001631737,2.450196916470304e-05,0.0,0.0,0.0,0.005789338145405054,0.10004892200231552,0.0,0.10741472989320755,-1.4850562810897827,-0.14416742324829102,0.0,0.0,0.059282220900058746,0.413433313369751,-1.0522923469543457,-0.06577962636947632,-0.05664563179016113,0.14634501934051514,-0.3056946098804474,-1.250705599784851,0.058554090559482574
358,-0.0,0.0,0.0,0.0,0.0,0.0,0.10000000149011612,0.0,0.10737865418195724,-1.4848934412002563,-0.14419420063495636,-0.0,-0.0,-0.05215534567832947,0.30833014845848083,-0.45712628960609436,0.5414952039718628,-0.27458256483078003,-0.0,-0.24083498120307922,-0.8390874862670898,-0.05675728991627693,-0.3286009132862091,-0.00332721252925694,0.0,0.0,0.0,-0.04250015318393707,-0.9998122453689575,0.0,-0.99986732006073,-0.9998070001602173,-1.0001758337020874,-0.0,-0.0,-0.6931908130645752,-0.026599682867527008,0.2494785040616989,2.3178551197052,-2.1047024726867676,-0.481687992811203,-0.08327692002058029,0.30411240458488464,-2.224243640899658,-0.0,0.0,0.0,0.0,0.0,0.0,0.10000000149011612,0.0,0.10737865418195724,-1.4848934412002563,-0.14419420063495636,-0.0,-0.0,-0.05215534567832947,0.30833014845848083,-0.45712628960609436,0.5414952039718628,-0.27458256483078003,-0.0,-0.24083498120307922,-0.8390874862670898,-0.05675728991627693,0.012632614001631737,2.450196916470304e-05,0.0,0.0,0.0,0.005789338145405054,0.10004892200231552,0.0,0.10741472989320755,-1.4850562810897827,-0.14416742324829102,0.0,0.0,0.059818122535943985,0.4148975610733032,-1.0641525983810425,-0.06161309778690338,-0.05311870202422142,0.14634501934051514,-0.305069237947464,-1.2501540184020996,0.058554090559482574
359,-0.0,0.0,0.0,0.0,0.0,0.0,0.10000000149011612,0.0,0.10737865418195724,-1.4848934412002563,-0.14419420063495636,-0.0,-0.0,-0.04601942375302315,0.3129320740699768,-0.475534051656723,0.5414952039718628,-0.28071847558021545,-0.0,-0.24083498120307922,-0.8406214714050293,-0.05522330850362778,-0.3286009132862091,-0.00332721252925694,0.0,0.0,0.0,-0.04250015318393707,-0.9998122453689575,0.0,-0.99986732006073,-0.9998070001602173,-1.0001758337020874,-0.0,-0.0,-0.6580633521080017,-0.012136328965425491,0.2280510812997818,2.3178551197052,-2.1554079055786133,-0.481687992811203,-0.08327692002058029,0.2998462915420532,-2.1954095363616943,-0.0,0.0,0.0,0.0,0.0,0.0,0.10000000149011612,0.0,0.10737865418195724,-1.4848934412002563,-0.14419420063495636,-0.0,-0.0,-0.04601942375302315,0.3129320740699768,-0.475534051656723,0.5414952039718628,-0.28071847558021545,-0.0,-0.24083498120307922,-0.8406214714050293,-0.05522330850362778,0.012632614001631737,2.450196916470304e-05,0.0,0.0,0.0,0.005789338145405054,0.10004892200231552,0.0,0.10741472989320755,-1.4850562810897827,-0.14416742324829102,0.0,0.0,0.060889922082424164,0.41636180877685547,-1.0799663066864014,-0.06161309778690338,-0.053861211985349655,0.14634501934051514,-0.305069237947464,-1.250705599784851,0.05863569676876068
360,-0.0,0.0,0.0,0.0,0.0,0.0,0.10000000149011612,0.0,0.10737865418195724,-1.4848934412002563,-0.14419420063495636,-0.0,-0.0,-0.03681553900241852,0.3206019699573517,-0.5000777244567871,0.5460971593856812,-0.26998060941696167,-0.0,-0.24083498120307922,-0.8390874862670898,-0.05522330850362778,-0.3286009132862091,-0.00332721252925694,0.0,0.0,0.0,-0.04250015318393707,-0.9998122453689575,0.0,-0.99986732006073,-0.9998070001602173,-1.0001758337020874,-0.0,-0.0,-0.6053721904754639,0.011969323270022869,0.19948118925094604,2.331409454345703,-2.0666730403900146,-0.481687992811203,-0.08327692002058029,0.30411240458488464,-2.1954095363616943,-0.0,0.0,0.0,0.0,0.0,0.0,0.10000000149011612,0.0,0.10737865418195724,-1.4848934412002563,-0.14419420063495636,-0.0,-0.0,-0.03681553900241852,0.3206019699573517,-0.5000777244567871,0.5460971593856812,-0.26998060941696167,-0.0,-0.24083498120307922,-0.8390874862670898,-0.05522330850362778,0.012632614001631737,2.450196916470304e-05,0.0,0.0,0.0,0.005789338145405054,0.10004892200231552,0.0,0.10741472989320755,-1.4850562810897827,-0.14416742324829102,0.0,0.0,0.062497615814208984,0.4188022017478943,-1.1010510921478271,-0.06005065143108368,-0.052561819553375244,0.14634501934051514,-0.305069237947464,-1.2501540184020996,0.05863569676876068
361,-0.0,0.0,0.0,0.0,0.0,0.0,0.10000000149011612,0.0,0.10737865418195724,-1.4848934412002563,-0.14419420063495636,-0.0,-0.0,-0.026077672839164734,0.33133983612060547,-0.5322913527488708,0.5246214270591736,-0.23623304069042206,-0.0,-0.23930099606513977,-0.8375535011291504,-0.05522330850362778,-0.3286009132862091,-0.00332721252925694,0.0,0.0,0.0,-0.04250015318393707,-0.9998122453689575,0.0,-0.99986732006073,-0.9998070001602173,-1.0001758337020874,-0.0,-0.0,-0.5438991189002991,0.0457172729074955,0.16198313236236572,2.268156051635742,-1.7877919673919678,-0.481687992811203,-0.07951425760984421,0.30837851762771606,-2.1954095363616943,-0.0,0.0,0.0,0.0,0.0,0.0,0.10000000149011612,0.0,0.10737865418195724,-1.4848934412002563,-0.14419420063495636,-0.0,-0.0,-0.026077672839164734,0.33133983612060547,-0.5322913527488708,0.5246214270591736,-0.23623304069042206,-0.0,-0.23930099606513977,-0.8375535011291504,-0.05522330850362778,0.012632614001631737,2.450196916470304e-05,0.0,0.0,0.0,0.005789338145405054,0.10004892200231552,0.0,0.10741472989320755,-1.4850562810897827,-0.14416742324829102,0.0,0.0,0.06437326222658157,0.4222187399864197,-1.1287250518798828,-0.06734207272529602,-0.048478007316589355,0.14634501934051514,-0.3044438362121582,-1.2496024370193481,0.05863569676876068
362,-0.0,0.0,0.0,0.0,0.0,0.0,0.10000000149011612,0.0,0.10737865418195724,-1.4848934412002563,-0.14419420063495636,-0.0,-0.0,-0.016873788088560104,0.34514567255973816,-0.5691068768501282,0.429514616727829,-0.1733398288488388,-0.0,-0.23930099606513977,-0.8344855308532715,-0.05368932709097862,-0.3286009132862091,-0.00332721252925694,0.0,0.0,0.0,-0.04250015318393707,-0.9998122453689575,0.0,-0.99986732006073,-0.9998070001602173,-1.0001758337020874,-0.0,-0.0,-0.49120792746543884,0.08910752087831497,0.1191282793879509,1.9880341291427612,-1.2680587768554688,-0.481687992811203,-0.07951425760984421,0.3169107139110565,-2.1665756702423096,-0.0,0.0,0.0,0.0,0.0,0.0,0.10000000149011612,0.0,0.10737865418195724,-1.4848934412002563,-0.14419420063495636,-0.0,-0.0,-0.016873788088560104,0.34514567255973816,-0.5691068768501282,0.429514616727829,-0.1733398288488388,-0.0,-0.23930099606513977,-0.8344855308532715,-0.05368932709097862,0.012632614001631737,2.450196916470304e-05,0.0,0.0,0.0,0.005789338145405054,0.10004892200231552,0.0,0.10741472989320755,-1.4850562810897827,-0.14416742324829102,0.0,0.0,0.06598096340894699,0.42661145329475403,-1.160352349281311,-0.09963266551494598,-0.040867261588573456,0.14634501934051514,-0.3044438362121582,-1.2484992742538452,0.058717306703329086
363,-0.0,0.0,0.0,0.0,0.0,0.0,0.10000000149011612,0.0,0.10737865418195724,-1.4848934412002563,-0.14419420063495636,-0.0,-0.0,-0.013805827125906944,0.35588353872299194,-0.5951845645904541,0.37582528591156006,-0.1365242898464203,-0.0,-0.23930099606513977,-0.832951545715332,-0.05368932709097862,-0.3286009132862091,-0.00332721252925694,0.0,0.0,0.0,-0.04250015318393707,-0.9998122453689575,0.0,-0.99986732006073,-0.9998070001602173,-1.0001758337020874,-0.0,-0.0,-0.4736441671848297,0.12285546958446503,0.0887727290391922,1.8299006223678589,-0.9638247489929199,-0.481687992811203,-0.07951425760984421,0.32117679715156555,-2.1665756702423096,-0.0,0.0,0.0,0.0,0.0,0.0,0.10000000149011612,0.0,0.10737865418195724,-1.4848934412002563,-0.14419420063495636,-0.0,-0.0,-0.013805827125906944,0.35588353872299194,-0.5951845645904541,0.37582528591156006,-0.1365242898464203,-0.0,-0.23930099606513977,-0.832951545715332,-0.05368932709097862,0.012632614001631737,2.450196916470304e-05,0.0,0.0,0.0,0.005789338145405054,0.10004892200231552,0.0,0.10741472989320755,-1.4850562810897827,-0.14416742324829102,0.0,0.0,0.06651686131954193,0.4300280213356018,-1.1827549934387207,-0.11786122620105743,-0.03641219437122345,0.14634501934051514,-0.3044438362121582,-1.2479476928710938,0.058717306703329086
364,-0.0,0.0,0.0,0.0,0.0,0.0,0.10000000149011612,0.0,0.10737865418195724,-1.4848934412002563,-0.14419420063495636,-0.0,-0.0,-0.00920388475060463,0.3742913007736206,-0.6350680589675903,0.20248545706272125,0.0015339808305725455,-0.0,-0.24236896634101868,-0.8298836350440979,-0.05522330850362778,-0.3286009132862091,-0.00332721252925694,0.0,0.0,0.0,-0.04250015318393707,-0.9998122453689575,0.0,-0.99986732006073,-0.9998070001602173,-1.0001758337020874,-0.0,-0.0,-0.447298526763916,0.1807090789079666,0.04234662652015686,1.3193556070327759,0.1770530641078949,-0.481687992811203,-0.08703958243131638,0.32970884442329407,-2.1954095363616943,-0.0,0.0,0.0,0.0,0.0,0.0,0.10000000149011612,0.0,0.10737865418195724,-1.4848934412002563,-0.14419420063495636,-0.0,-0.0,-0.00920388475060463,0.3742913007736206,-0.6350680589675903,0.20248545706272125,0.0015339808305725455,-0.0,-0.24236896634101868,-0.8298836350440979,-0.05522330850362778,0.012632614001631737,2.450196916470304e-05,0.0,0.0,0.0,0.005789338145405054,0.10004892200231552,0.0,0.10741472989320755,-1.4850562810897827,-0.14416742324829102,0.0,0.0,0.06732071191072464,0.435884952545166,-1.2170178890228271,-0.17671342194080353,-0.01970568299293518,0.14634501934051514,-0.3056946098804474,-1.2468445301055908,0.05863569676876068
365,-0.0,0.0,0.0,0.0,0.0,0.0,0.10000000149011612,0.0,0.10737865418195724,-1.4848934412002563,-0.14419420063495636,-0.0,-0.0,0.0,0.3942330479621887,-0.6734175682067871,0.019941750913858414,0.16260196268558502,-0.0,-0.24697090685367584,-0.8298836350440979,-0.05522330850362778,-0.3286009132862091,-0.00332721252925694,0.0,0.0,0.0,-0.04250015318393707,-0.9998122453689575,0.0,-0.99986732006073,-0.9998070001602173,-1.0001758337020874,-0.0,-0.0,-0.3946073651313782,0.24338382482528687,-0.002293850528076291,0.7817021012306213,1.5080770254135132,-0.481687992811203,-0.09832752496004105,0.32970884442329407,-2.1954095363616943,-0.0,0.0,0.0,0.0,0.0,0.0,0.10000000149011612,0.0,0.10737865418195724,-1.4848934412002563,-0.14419420063495636,-0.0,-0.0,0.0,0.3942330479621887,-0.6734175682067871,0.019941750913858414,0.16260196268558502,-0.0,-0.24697090685367584,-0.8298836350440979,-0.05522330850362778,0.012632614001631737,2.450196916470304e-05,0.0,0.0,0.0,0.005789338145405054,0.10004892200231552,0.0,0.10741472989320755,-1.4850562810897827,-0.14416742324829102,0.0,0.0,0.06892840564250946,0.4422299861907959,-1.2499630451202393,-0.23869051039218903,-0.0002147536724805832,0.14634501934051514,-0.30757075548171997,-1.2468445301055908,0.05863569676876068
366,-0.0,0.0,0.0,0.0,0.0,0.0,0.10000000149011612,0.0,0.10737865418195724,-1.4848934412002563,-0.14419420063495636,-0.0,-0.0,0.004601942375302315,0.40957286953926086,-0.7071651220321655,-0.003067961661145091,0.20862138271331787,-0.0,-0.2485048919916153,-0.8283496499061584,-0.05522330850362778,-0.3286009132862091,-0.00332721252925694,0.0,0.0,0.0,-0.04250015318393707,-0.9998122453689575,0.0,-0.99986732006073,-0.9998070001602173,-1.0001758337020874,-0.0,-0.0,-0.36826175451278687,0.2915952205657959,-0.041577454656362534,0.7139306664466858,1.8883696794509888,-0.481687992811203,-0.10209018737077713,0.3339749574661255,-2.1954095363616943,-0.0,0.0,0.0,0.0,0.0,0.0,0.10000000149011612,0.0,0.10737865418195724,-1.4848934412002563,-0.14419420063495636,-0.0,-0.0,0.004601942375302315,0.40957286953926086,-0.7071651220321655,-0.003067961661145091,0.20862138271331787,-0.0,-0.2485048919916153,-0.8283496499061584,-0.05522330850362778,0.012632614001631737,2.450196916470304e-05,0.0,0.0,0.0,0.005789338145405054,0.10004892200231552,0.0,0.10741472989320755,-1.4850562810897827,-0.14416742324829102,0.0,0.0,0.06973225623369217,0.4471108019351959,-1.2789547443389893,-0.24650275707244873,0.005354082211852074,0.14634501934051514,-0.30819615721702576,-1.2462929487228394,0.05863569676876068
367,-0.0,0.0,0.0,0.0,0.0,0.0,0.10000000149011612,0.0,0.10737865418195724,-1.4848934412002563,-0.14419420063495636,-0.0,-0.0,0.004601942375302315,0.42031073570251465,-0.7347767949104309,-0.05368932709097862,0.2485048919916153,-0.0,-0.2485048919916153,-0.8252816796302795,-0.058291271328926086,-0.3286009132862091,-0.00332721252925694,0.0,0.0,0.0,-0.04250015318393707,-0.9998122453689575,0.0,-0.99986732006073,-0.9998070001602173,-1.0001758337020874,-0.0,-0.0,-0.36826175451278687,0.32534316182136536,-0.07371862977743149,0.564833402633667,2.21795654296875,-0.481687992811203,-0.10209018737077713,0.34250715374946594,-2.253077745437622,-0.0,0.0,0.0,0.0,0.0,0.0,0.10000000149011612,0.0,0.10737865418195724,-1.4848934412002563,-0.14419420063495636,-0.0,-0.0,0.004601942375302315,0.42031073570251465,-0.7347767949104309,-0.05368932709097862,0.2485048919916153,-0.0,-0.2485048919916153,-0.8252816796302795,-0.058291271328926086,0.012632614001631737,2.450196916470304e-05,0.0,0.0,0.0,0.005789338145405054,0.10004892200231552,0.0,0.10741472989320755,-1.4850562810897827,-0.14416742324829102,0.0,0.0,0.06973225623369217,0.4505273699760437,-1.3026752471923828,-0.26368966698646545,0.010180408135056496,0.14634501934051514,-0.30819615721702576,-1.2451897859573364,0.05847248062491417
368,-0.0,0.0,0.0,0.0,0.0,0.0,0.10000000149011612,0.0,0.10737865418195724,-1.4848934412002563,-0.14419420063495636,-0.0,-0.0,0.004601942375302315,0.42337870597839355,-0.7455146908760071,-0.01840776950120926,0.2208932340145111,-0.0,-0.25003886222839355,-0.8237476944923401,-0.058291271328926086,-0.3286009132862091,-0.00332721252925694,0.0,0.0,0.0,-0.04250015318393707,-0.9998122453689575,0.0,-0.99986732006073,-0.9998070001602173,-1.0001758337020874,-0.0,-0.0,-0.36826175451278687,0.3349854648113251,-0.08621800690889359,0.6687496304512024,1.9897810220718384,-0.481687992811203,-0.10585281252861023,0.34677326679229736,-2.253077745437622,-0.0,0.0,0.0,0.0,0.0,0.0,0.10000000149011612,0.0,0.10737865418195724,-1.4848934412002563,-0.14419420063495636,-0.0,-0.0,0.004601942375302315,0.42337870597839355,-0.7455146908760071,-0.01840776950120926,0.2208932340145111,-0.0,-0.25003886222839355,-0.8237476944923401,-0.058291271328926086,0.012632614001631737,2.450196916470304e-05,0.0,0.0,0.0,0.005789338145405054,0.10004892200231552,0.0,0.10741472989320755,-1.4850562810897827,-0.14416742324829102,0.0,0.0,0.06973225623369217,0.4515035152435303,-1.3118999004364014,-0.2517109215259552,0.006839105859398842,0.14634501934051514,-0.30882152915000916,-1.244638204574585,0.05847248062491417
369,-0.0,0.0,0.0,0.0,0.0,0.0,0.10000000149011612,0.0,0.10737865418195724,-1.4848934412002563,-0.14419420063495636,-0.0,-0.0,0.004601942375302315,0.429514616727829,-0.7562525272369385,-0.02147573046386242,0.2070874124765396,-0.0,-0.25003886222839355,-0.8237476944923401,-0.05522330850362778,-0.3286009132862091,-0.00332721252925694,0.0,0.0,0.0,-0.04250015318393707,-0.9998122453689575,0.0,-0.99986732006073,-0.9998070001602173,-1.0001758337020874,-0.0,-0.0,-0.36826175451278687,0.35426998138427734,-0.09871730953454971,0.6597134470939636,1.8756933212280273,-0.481687992811203,-0.10585281252861023,0.34677326679229736,-2.1954095363616943,-0.0,0.0,0.0,0.0,0.0,0.0,0.10000000149011612,0.0,0.10737865418195724,-1.4848934412002563,-0.14419420063495636,-0.0,-0.0,0.004601942375302315,0.429514616727829,-0.7562525272369385,-0.02147573046386242,0.2070874124765396,-0.0,-0.25003886222839355,-0.8237476944923401,-0.05522330850362778,0.012632614001631737,2.450196916470304e-05,0.0,0.0,0.0,0.005789338145405054,0.10004892200231552,0.0,0.10741472989320755,-1.4850562810897827,-0.14416742324829102,0.0,0.0,0.06973225623369217,0.4534558355808258,-1.3211244344711304,-0.25275254249572754,0.005168456584215164,0.14634501934051514,-0.30882152915000916,-1.244638204574585,0.05863569676876068
370,-0.0,0.0,0.0,0.0,0.0,0.0,0.10000000149011612,0.0,0.10737865418195724,-1.4848934412002563,-0.14419420063495636,-0.0,-0.0,0.004601942375302315,0.4356505572795868,-0.7593204975128174,-0.0015339808305725455,0.18561168015003204,-0.0,-0.2454369217157364,-0.8237476944923401,-0.05675728991627693,-0.3286009132862091,-0.00332721252925694,0.0,0.0,0.0,-0.04250015318393707,-0.9998122453689575,0.0,-0.99986732006073,-0.9998070001602173,-1.0001758337020874,-0.0,-0.0,-0.36826175451278687,0.3735545575618744,-0.10228855907917023,0.7184486985206604,1.6982234716415405,-0.481687992811203,-0.09456486254930496,0.34677326679229736,-2.224243640899658,-0.0,0.0,0.0,0.0,0.0,0.0,0.10000000149011612,0.0,0.10737865418195724,-1.4848934412002563,-0.14419420063495636,-0.0,-0.0,0.004601942375302315,0.4356505572795868,-0.7593204975128174,-0.0015339808305725455,0.18561168015003204,-0.0,-0.2454369217157364,-0.8237476944923401,-0.05675728991627693,0.012632614001631737,2.450196916470304e-05,0.0,0.0,0.0,0.005789338145405054,0.10004892200231552,0.0,0.10741472989320755,-1.4850562810897827,-0.14416742324829102,0.0,0.0,0.06973225623369217,0.45540815591812134,-1.3237600326538086,-0.24598193168640137,0.0025696642696857452,0.14634501934051514,-0.3069453835487366,-1.244638204574585,0.058554090559482574
371,-0.0,0.0,0.0,0.0,0.0,0.0,0.10000000149011612,0.0,0.10737865418195724,-1.4848934412002563,-0.14419420063495636,-0.0,-0.0,0.00920388475060463,0.4417864680290222,-0.7623884677886963,0.029145635664463043,0.15493206679821014,-0.0,-0.2454369217157364,-0.8237476944923401,-0.05675728991627693,-0.3286009132862091,-0.00332721252925694,0.0,0.0,0.0,-0.04250015318393707,-0.9998122453689575,0.0,-0.99986732006073,-0.9998070001602173,-1.0001758337020874,-0.0,-0.0,-0.34191614389419556,0.39283907413482666,-0.10585980862379074,0.8088107109069824,1.444694995880127,-0.481687992811203,-0.09456486254930496,0.34677326679229736,-2.224243640899658,-0.0,0.0,0.0,0.0,0.0,0.0,0.10000000149011612,0.0,0.10737865418195724,-1.4848934412002563,-0.14419420063495636,-0.0,-0.0,0.00920388475060463,0.4417864680290222,-0.7623884677886963,0.029145635664463043,0.15493206679821014,-0.0,-0.2454369217157364,-0.8237476944923401,-0.05675728991627693,0.012632614001631737,2.450196916470304e-05,0.0,0.0,0.0,0.005789338145405054,0.10004892200231552,0.0,0.10741472989320755,-1.4850562810897827,-0.14416742324829102,0.0,0.0,0.07053609937429428,0.45736047625541687,-1.3263957500457764,-0.23556561768054962,-0.001142892986536026,0.14634501934051514,-0.3069453835487366,-1.244638204574585,0.058554090559482574
372,-0.0,0.0,0.0,0.0,0.0,0.0,0.10000000149011612,0.0,0.10737865418195724,-1.4848934412002563,-0.14419420063495636,-0.0,-0.0,0.013805827125906944,0.4448544383049011,-0.7715923190116882,0.05982524901628494,0.12118448317050934,-0.0,-0.24697090685367584,-0.8237476944923401,-0.05522330850362778,-0.3286009132862091,-0.00332721252925694,0.0,0.0,0.0,-0.04250015318393707,-0.9998122453689575,0.0,-0.99986732006073,-0.9998070001602173,-1.0001758337020874,-0.0,-0.0,-0.31557053327560425,0.4024813771247864,-0.11657348275184631,0.8991726636886597,1.1658138036727905,-0.481687992811203,-0.09832752496004105,0.34677326679229736,-2.1954095363616943,-0.0,0.0,0.0,0.0,0.0,0.0,0.10000000149011612,0.0,0.10737865418195724,-1.4848934412002563,-0.14419420063495636,-0.0,-0.0,0.013805827125906944,0.4448544383049011,-0.7715923190116882,0.05982524901628494,0.12118448317050934,-0.0,-0.24697090685367584,-0.8237476944923401,-0.05522330850362778,0.012632614001631737,2.450196916470304e-05,0.0,0.0,0.0,0.005789338145405054,0.10004892200231552,0.0,0.10741472989320755,-1.4850562810897827,-0.14416742324829102,0.0,0.0,0.07133994996547699,0.45833665132522583,-1.3343024253845215,-0.22514930367469788,-0.005226707085967064,0.14634501934051514,-0.30757075548171997,-1.244638204574585,0.05863569676876068
373,-0.0,0.0,0.0,0.0,0.0,0.0,0.10000000149011612,0.0,0.10737865418195724,-1.4848934412002563,-0.14419420063495636,-0.0,-0.0,0.019941750913858414,0.4463884234428406,-0.780796229839325,0.07209710031747818,0.11811652034521103,-0.0,-0.2454369217157364,-0.8237476944923401,-0.05368932709097862,-0.3286009132862091,-0.00332721252925694,0.0,0.0,0.0,-0.04250015318393707,-0.9998122453689575,0.0,-0.99986732006073,-0.9998070001602173,-1.0001758337020874,-0.0,-0.0,-0.28044307231903076,0.40730252861976624,-0.12728723883628845,0.9353174567222595,1.1404609680175781,-0.481687992811203,-0.09456486254930496,0.34677326679229736,-2.1665756702423096,-0.0,0.0,0.0,0.0,0.0,0.0,0.10000000149011612,0.0,0.10737865418195724,-1.4848934412002563,-0.14419420063495636,-0.0,-0.0,0.019941750913858414,0.4463884234428406,-0.780796229839325,0.07209710031747818,0.11811652034521103,-0.0,-0.2454369217157364,-0.8237476944923401,-0.05368932709097862,0.012632614001631737,2.450196916470304e-05,0.0,0.0,0.0,0.005789338145405054,0.10004892200231552,0.0,0.10741472989320755,-1.4850562810897827,-0.14416742324829102,0.0,0.0,0.07241174578666687,0.45882469415664673,-1.3422093391418457,-0.22098277509212494,-0.005597962997853756,0.14634501934051514,-0.3069453835487366,-1.244638204574585,0.058717306703329086
374,-0.0,0.0,0.0,0.0,0.0,0.0,0.10000000149011612,0.0,0.10737865418195724,-1.4848934412002563,-0.14419420063495636,-0.0,-0.0,0.023009711876511574,0.4463884234428406,-0.7900000810623169,0.08436894416809082,0.1089126393198967,-0.0,-0.24390295147895813,-0.8222137093544006,-0.05675728991627693,-0.3286009132862091,-0.00332721252925694,0.0,0.0,0.0,-0.04250015318393707,-0.9998122453689575,0.0,-0.99986732006073,-0.9998070001602173,-1.0001758337020874,-0.0,-0.0,-0.2628793716430664,0.40730252861976624,-0.13800090551376343,0.9714621305465698,1.064402461051941,-0.481687992811203,-0.09080223739147186,0.3510393500328064,-2.224243640899658,-0.0,0.0,0.0,0.0,0.0,0.0,0.10000000149011612,0.0,0.10737865418195724,-1.4848934412002563,-0.14419420063495636,-0.0,-0.0,0.023009711876511574,0.4463884234428406,-0.7900000810623169,0.08436894416809082,0.1089126393198967,-0.0,-0.24390295147895813,-0.8222137093544006,-0.05675728991627693,0.012632614001631737,2.450196916470304e-05,0.0,0.0,0.0,0.005789338145405054,0.10004892200231552,0.0,0.10741472989320755,-1.4850562810897827,-0.14416742324829102,0.0,0.0,0.07294765114784241,0.45882469415664673,-1.3501161336898804,-0.216816246509552,-0.0067117298021912575,0.14634501934051514,-0.3063200116157532,-1.2440866231918335,0.058554090559482574
375,-0.0,0.0,0.0,0.0,0.0,0.0,0.10000000149011612,0.0,0.10737865418195724,-1.4848934412002563,-0.14419420063495636,-0.0,-0.0,0.03528155758976936,0.44792237877845764,-0.8053399324417114,0.11811652034521103,0.07516505569219589,-0.0,-0.24390295147895813,-0.8237476944923401,-0.05368932709097862,-0.3286009132862091,-0.00332721252925694,0.0,0.0,0.0,-0.04250015318393707,-0.9998122453689575,0.0,-0.99986732006073,-0.9998070001602173,-1.0001758337020874,-0.0,-0.0,-0.19262441992759705,0.41212356090545654,-0.1558571606874466,1.0708602666854858,0.7855212092399597,-0.481687992811203,-0.09080223739147186,0.34677326679229736,-2.1665756702423096,-0.0,0.0,0.0,0.0,0.0,0.0,0.10000000149011612,0.0,0.10737865418195724,-1.4848934412002563,-0.14419420063495636,-0.0,-0.0,0.03528155758976936,0.44792237877845764,-0.8053399324417114,0.11811652034521103,0.07516505569219589,-0.0,-0.24390295147895813,-0.8237476944923401,-0.05368932709097862,0.012632614001631737,2.450196916470304e-05,0.0,0.0,0.0,0.005789338145405054,0.10004892200231552,0.0,0.10741472989320755,-1.4850562810897827,-0.14416742324829102,0.0,0.0,0.07509124279022217,0.4593127965927124,-1.3632941246032715,-0.20535829663276672,-0.010795543901622295,0.14634501934051514,-0.3063200116157532,-1.244638204574585,0.058717306703329086
376,-0.0,0.0,0.0,0.0,0.0,0.0,0.10000000149011612,0.0,0.10737865418195724,-1.4848934412002563,-0.14419420063495636,-0.0,-0.0,0.03528155758976936,0.4494563639163971,-0.8145437836647034,0.13038836419582367,0.0613592304289341,-0.0,-0.24236896634101868,-0.8206797242164612,-0.05368932709097862,-0.3286009132862091,-0.00332721252925694,0.0,0.0,0.0,-0.04250015318393707,-0.9998122453689575,0.0,-0.99986732006073,-0.9998070001602173,-1.0001758337020874,-0.0,-0.0,-0.19262441992759705,0.4169447124004364,-0.16657084226608276,1.1070051193237305,0.6714333891868591,-0.481687992811203,-0.08703958243131638,0.3553054630756378,-2.1665756702423096,-0.0,0.0,0.0,0.0,0.0,0.0,0.10000000149011612,0.0,0.10737865418195724,-1.4848934412002563,-0.14419420063495636,-0.0,-0.0,0.03528155758976936,0.4494563639163971,-0.8145437836647034,0.13038836419582367,0.0613592304289341,-0.0,-0.24236896634101868,-0.8206797242164612,-0.05368932709097862,0.012632614001631737,2.450196916470304e-05,0.0,0.0,0.0,0.005789338145405054,0.10004892200231552,0.0,0.10741472989320755,-1.4850562810897827,-0.14416742324829102,0.0,0.0,0.07509124279022217,0.4598008692264557,-1.3712010383605957,-0.2011917680501938,-0.012466195039451122,0.14634501934051514,-0.3056946098804474,-1.243535041809082,0.058717306703329086
377,-0.0,0.0,0.0,0.0,0.0,0.0,0.10000000149011612,0.0,0.10737865418195724,-1.4848934412002563,-0.14419420063495636,-0.0,-0.0,0.03528155758976936,0.45099034905433655,-0.8222137093544006,0.13805827498435974,0.05522330850362778,-0.0,-0.24083498120307922,-0.8206797242164612,-0.05215534567832947,-0.3286009132862091,-0.00332721252925694,0.0,0.0,0.0,-0.04250015318393707,-0.9998122453689575,0.0,-0.99986732006073,-0.9998070001602173,-1.0001758337020874,-0.0,-0.0,-0.19262441992759705,0.42176586389541626,-0.17549896240234375,1.1295956373214722,0.6207277774810791,-0.481687992811203,-0.08327692002058029,0.3553054630756378,-2.137741804122925,-0.0,0.0,0.0,0.0,0.0,0.0,0.10000000149011612,0.0,0.10737865418195724,-1.4848934412002563,-0.14419420063495636,-0.0,-0.0,0.03528155758976936,0.45099034905433655,-0.8222137093544006,0.13805827498435974,0.05522330850362778,-0.0,-0.24083498120307922,-0.8206797242164612,-0.05215534567832947,0.012632614001631737,2.450196916470304e-05,0.0,0.0,0.0,0.005789338145405054,0.10004892200231552,0.0,0.10741472989320755,-1.4850562810897827,-0.14416742324829102,0.0,0.0,0.07509124279022217,0.460288941860199,-1.3777899742126465,-0.19858768582344055,-0.013208705931901932,0.14634501934051514,-0.305069237947464,-1.243535041809082,0.05879891663789749
378,-0.0,0.0,0.0,0.0,0.0,0.0,0.10000000149011612,0.0,0.10737865418195724,-1.4848934412002563,-0.14419420063495636,-0.0,-0.0,0.03528155758976936,0.45099034905433655,-0.8298836350440979,0.13192234933376312,0.058291271328926086,-0.0,-0.24083498120307922,-0.8206797242164612,-0.05062136426568031,-0.3286009132862091,-0.00332721252925694,0.0,0.0,0.0,-0.04250015318393707,-0.9998122453689575,0.0,-0.99986732006073,-0.9998070001602173,-1.0001758337020874,-0.0,-0.0,-0.19262441992759705,0.42176586389541626,-0.18442708253860474,1.111523151397705,0.6460805535316467,-0.481687992811203,-0.08327692002058029,0.3553054630756378,-2.10890793800354,-0.0,0.0,0.0,0.0,0.0,0.0,0.10000000149011612,0.0,0.10737865418195724,-1.4848934412002563,-0.14419420063495636,-0.0,-0.0,0.03528155758976936,0.45099034905433655,-0.8298836350440979,0.13192234933376312,0.058291271328926086,-0.0,-0.24083498120307922,-0.8206797242164612,-0.05062136426568031,0.012632614001631737,2.450196916470304e-05,0.0,0.0,0.0,0.005789338145405054,0.10004892200231552,0.0,0.10741472989320755,-1.4850562810897827,-0.14416742324829102,0.0,0.0,0.07509124279022217,0.460288941860199,-1.3843791484832764,-0.20067095756530762,-0.012837450951337814,0.14634501934051514,-0.305069237947464,-1.243535041809082,0.0588805228471756
379,-0.0,0.0,0.0,0.0,0.0,0.0,0.10000000149011612,0.0,0.10737865418195724,-1.4848934412002563,-0.14419420063495636,-0.0,-0.0,0.03528155758976936,0.4494563639163971,-0.8375535011291504,0.1365242898464203,0.06289321184158325,-0.0,-0.24083498120307922,-0.8191457390785217,-0.04908738657832146,-0.3286009132862091,-0.00332721252925694,0.0,0.0,0.0,-0.04250015318393707,-0.9998122453689575,0.0,-0.99986732006073,-0.9998070001602173,-1.0001758337020874,-0.0,-0.0,-0.19262441992759705,0.4169447124004364,-0.19335514307022095,1.125077486038208,0.6841098070144653,-0.481687992811203,-0.08327692002058029,0.35957154631614685,-2.080073833465576,-0.0,0.0,0.0,0.0,0.0,0.0,0.10000000149011612,0.0,0.10737865418195724,-1.4848934412002563,-0.14419420063495636,-0.0,-0.0,0.03528155758976936,0.4494563639163971,-0.8375535011291504,0.1365242898464203,0.06289321184158325,-0.0,-0.24083498120307922,-0.8191457390785217,-0.04908738657832146,0.012632614001631737,2.450196916470304e-05,0.0,0.0,0.0,0.005789338145405054,0.10004892200231552,0.0,0.10741472989320755,-1.4850562810897827,-0.14416742324829102,0.0,0.0,0.07509124279022217,0.4598008692264557,-1.3909680843353271,-0.19910851120948792,-0.012280566617846489,0.14634501934051514,-0.305069237947464,-1.2429834604263306,0.058962132781744
380,-0.0,0.0,0.0,0.0,0.0,0.0,0.10000000149011612,0.0,0.10737865418195724,-1.4848934412002563,-0.14419420063495636,-0.0,-0.0,0.03528155758976936,0.4494563639163971,-0.8406214714050293,0.14112623035907745,0.05368932709097862,-0.0,-0.24083498120307922,-0.8176117539405823,-0.05062136426568031,-0.3286009132862091,-0.00332721252925694,0.0,0.0,0.0,-0.04250015318393707,-0.9998122453689575,0.0,-0.99986732006073,-0.9998070001602173,-1.0001758337020874,-0.0,-0.0,-0.19262441992759705,0.4169447124004364,-0.19692638516426086,1.138631820678711,0.6080513000488281,-0.481687992811203,-0.08327692002058029,0.36383765935897827,-2.10890793800354,-0.0,0.0,0.0,0.0,0.0,0.0,0.10000000149011612,0.0,0.10737865418195724,-1.4848934412002563,-0.14419420063495636,-0.0,-0.0,0.03528155758976936,0.4494563639163971,-0.8406214714050293,0.14112623035907745,0.05368932709097862,-0.0,-0.24083498120307922,-0.8176117539405823,-0.05062136426568031,0.012632614001631737,2.450196916470304e-05,0.0,0.0,0.0,0.005789338145405054,0.10004892200231552,0.0,0.10741472989320755,-1.4850562810897827,-0.14416742324829102,0.0,0.0,0.07509124279022217,0.4598008692264557,-1.3936036825180054,-0.1975460648536682,-0.013394334353506565,0.14634501934051514,-0.305069237947464,-1.242431879043579,0.0588805228471756
381,-0.0,0.0,0.0,0.0,0.0,0.0,0.10000000149011612,0.0,0.10737865418195724,-1.4848934412002563,-0.14419420063495636,-0.0,-0.0,0.03988350182771683,0.452524334192276,-0.8436894416809082,0.1533980816602707,0.05368932709097862,-0.0,-0.24083498120307922,-0.8176117539405823,-0.04908738657832146,-0.3286009132862091,-0.00332721252925694,0.0,0.0,0.0,-0.04250015318393707,-0.9998122453689575,0.0,-0.99986732006073,-0.9998070001602173,-1.0001758337020874,-0.0,-0.0,-0.16627880930900574,0.4265870153903961,-0.20049764215946198,1.174776554107666,0.6080513000488281,-0.481687992811203,-0.08327692002058029,0.36383765935897827,-2.080073833465576,-0.0,0.0,0.0,0.0,0.0,0.0,0.10000000149011612,0.0,0.10737865418195724,-1.4848934412002563,-0.14419420063495636,-0.0,-0.0,0.03988350182771683,0.452524334192276,-0.8436894416809082,0.1533980816602707,0.05368932709097862,-0.0,-0.24083498120307922,-0.8176117539405823,-0.04908738657832146,0.012632614001631737,2.450196916470304e-05,0.0,0.0,0.0,0.005789338145405054,0.10004892200231552,0.0,0.10741472989320755,-1.4850562810897827,-0.14416742324829102,0.0,0.0,0.07589509338140488,0.46077704429626465,-1.3962392807006836,-0.19337952136993408,-0.013394334353506565,0.14634501934051514,-0.305069237947464,-1.242431879043579,0.058962132781744
382,-0.0,0.0,0.0,0.0,0.0,0.0,0.10000000149011612,0.0,0.10737865418195724,-1.4848934412002563,-0.14419420063495636,-0.0,-0.0,0.03988350182771683,0.4555923044681549,-0.8436894416809082,0.1595340073108673,0.04295146092772484,-0.0,-0.24236896634101868,-0.8176117539405823,-0.0475534051656723,-0.3286009132862091,-0.00332721252925694,0.0,0.0,0.0,-0.04250015318393707,-0.9998122453689575,0.0,-0.99986732006073,-0.9998070001602173,-1.0001758337020874,-0.0,-0.0,-0.16627880930900574,0.43622931838035583,-0.20049764215946198,1.192849040031433,0.5193163752555847,-0.481687992811203,-0.08703958243131638,0.36383765935897827,-2.0512399673461914,-0.0,0.0,0.0,0.0,0.0,0.0,0.10000000149011612,0.0,0.10737865418195724,-1.4848934412002563,-0.14419420063495636,-0.0,-0.0,0.03988350182771683,0.4555923044681549,-0.8436894416809082,0.1595340073108673,0.04295146092772484,-0.0,-0.24236896634101868,-0.8176117539405823,-0.0475534051656723,0.012632614001631737,2.450196916470304e-05,0.0,0.0,0.0,0.005789338145405054,0.10004892200231552,0.0,0.10741472989320755,-1.4850562810897827,-0.14416742324829102,0.0,0.0,0.07589509338140488,0.4617531895637512,-1.3962392807006836,-0.1912962645292282,-0.0146937295794487,0.14634501934051514,-0.3056946098804474,-1.242431879043579,0.05904373899102211
383,-0.0,0.0,0.0,0.0,0.0,0.0,0.10000000149011612,0.0,0.10737865418195724,-1.4848934412002563,-0.14419420063495636,-0.0,-0.0,0.03988350182771683,0.4586602449417114,-0.8406214714050293,0.18100973963737488,0.03681553900241852,-0.0,-0.24083498120307922,-0.8176117539405823,-0.05062136426568031,-0.3286009132862091,-0.00332721252925694,0.0,0.0,0.0,-0.04250015318393707,-0.9998122453689575,0.0,-0.99986732006073,-0.9998070001602173,-1.0001758337020874,-0.0,-0.0,-0.16627880930900574,0.4458715319633484,-0.19692638516426086,1.2561023235321045,0.4686107039451599,-0.481687992811203,-0.08327692002058029,0.36383765935897827,-2.10890793800354,-0.0,0.0,0.0,0.0,0.0,0.0,0.10000000149011612,0.0,0.10737865418195724,-1.4848934412002563,-0.14419420063495636,-0.0,-0.0,0.03988350182771683,0.4586602449417114,-0.8406214714050293,0.18100973963737488,0.03681553900241852,-0.0,-0.24083498120307922,-0.8176117539405823,-0.05062136426568031,0.012632614001631737,2.450196916470304e-05,0.0,0.0,0.0,0.005789338145405054,0.10004892200231552,0.0,0.10741472989320755,-1.4850562810897827,-0.14416742324829102,0.0,0.0,0.07589509338140488,0.4627293348312378,-1.3936036825180054,-0.18400484323501587,-0.015436241403222084,0.14634501934051514,-0.305069237947464,-1.242431879043579,0.0588805228471756
384,-0.0,0.0,0.0,0.0,0.0,0.0,0.10000000149011612,0.0,0.10737865418195724,-1.4848934412002563,-0.14419420063495636,-0.0,-0.0,0.03988350182771683,0.4601942300796509,-0.832951545715332,0.2070874124765396,0.03067961521446705,-0.0,-0.2454369217157364,-0.8191457390785217,-0.04601942375302315,-0.3286009132862091,-0.00332721252925694,0.0,0.0,0.0,-0.04250015318393707,-0.9998122453689575,0.0,-0.99986732006073,-0.9998070001602173,-1.0001758337020874,-0.0,-0.0,-0.16627880930900574,0.45069268345832825,-0.18799826502799988,1.3329099416732788,0.4179050326347351,-0.481687992811203,-0.09456486254930496,0.35957154631614685,-2.0224061012268066,-0.0,0.0,0.0,0.0,0.0,0.0,0.10000000149011612,0.0,0.10737865418195724,-1.4848934412002563,-0.14419420063495636,-0.0,-0.0,0.03988350182771683,0.4601942300796509,-0.832951545715332,0.2070874124765396,0.03067961521446705,-0.0,-0.2454369217157364,-0.8191457390785217,-0.04601942375302315,0.012632614001631737,2.450196916470304e-05,0.0,0.0,0.0,0.005789338145405054,0.10004892200231552,0.0,0.10741472989320755,-1.4850562810897827,-0.14416742324829102,0.0,0.0,0.07589509338140488,0.46321743726730347,-1.387014627456665,-0.17515096068382263,-0.016178753226995468,0.14634501934051514,-0.3069453835487366,-1.2429834604263306,0.059125348925590515
385,-0.0,0.0,0.0,0.0,0.0,0.0,0.10000000149011612,0.0,0.10737865418195724,-1.4848934412002563,-0.14419420063495636,-0.0,-0.0,0.03528155758976936,0.4555923044681549,-0.8237476944923401,0.22396118938922882,0.03374757617712021,-0.0,-0.24697090685367584,-0.8176117539405823,-0.04601942375302315,-0.3286009132862091,-0.00332721252925694,0.0,0.0,0.0,-0.04250015318393707,-0.9998122453689575,0.0,-0.99986732006073,-0.9998070001602173,-1.0001758337020874,-0.0,-0.0,-0.19262441992759705,0.43622931838035583,-0.1772845834493637,1.3826090097427368,0.4432578682899475,-0.481687992811203,-0.09832752496004105,0.36383765935897827,-2.0224061012268066,-0.0,0.0,0.0,0.0,0.0,0.0,0.10000000149011612,0.0,0.10737865418195724,-1.4848934412002563,-0.14419420063495636,-0.0,-0.0,0.03528155758976936,0.4555923044681549,-0.8237476944923401,0.22396118938922882,0.03374757617712021,-0.0,-0.24697090685367584,-0.8176117539405823,-0.04601942375302315,0.012632614001631737,2.450196916470304e-05,0.0,0.0,0.0,0.005789338145405054,0.10004892200231552,0.0,0.10741472989320755,-1.4850562810897827,-0.14416742324829102,0.0,0.0,0.07509124279022217,0.4617531895637512,-1.3791078329086304,-0.1694220006465912,-0.0158074963837862,0.14634501934051514,-0.30757075548171997,-1.242431879043579,0.059125348925590515
386,-0.0,0.0,0.0,0.0,0.0,0.0,0.10000000149011612,0.0,0.10737865418195724,-1.4848934412002563,-0.14419420063495636,-0.0,-0.0,0.03528155758976936,0.452524334192276,-0.8160777688026428,0.22396118938922882,0.023009711876511574,-0.0,-0.2454369217157364,-0.8160777688026428,-0.04601942375302315,-0.3286009132862091,-0.00332721252925694,0.0,0.0,0.0,-0.04250015318393707,-0.9998122453689575,0.0,-0.99986732006073,-0.9998070001602173,-1.0001758337020874,-0.0,-0.0,-0.19262441992759705,0.4265870153903961,-0.16835646331310272,1.3826090097427368,0.3545229434967041,-0.481687992811203,-0.09456486254930496,0.3681037724018097,-2.0224061012268066,-0.0,0.0,0.0,0.0,0.0,0.0,0.10000000149011612,0.0,0.10737865418195724,-1.4848934412002563,-0.14419420063495636,-0.0,-0.0,0.03528155758976936,0.452524334192276,-0.8160777688026428,0.22396118938922882,0.023009711876511574,-0.0,-0.2454369217157364,-0.8160777688026428,-0.04601942375302315,0.012632614001631737,2.450196916470304e-05,0.0,0.0,0.0,0.005789338145405054,0.10004892200231552,0.0,0.10741472989320755,-1.4850562810897827,-0.14416742324829102,0.0,0.0,0.07509124279022217,0.46077704429626465,-1.37251877784729,-0.1694220006465912,-0.01710689254105091,0.14634501934051514,-0.3069453835487366,-1.2418802976608276,0.059125348925590515
387,-0.0,0.0,0.0,0.0,0.0,0.0,0.10000000149011612,0.0,0.10737865418195724,-1.4848934412002563,-0.14419420063495636,-0.0,-0.0,0.03067961521446705,0.44792237877845764,-0.803805947303772,0.25310683250427246,0.003067961661145091,-0.0,-0.24083498120307922,-0.8130097985267639,-0.0475534051656723,-0.3286009132862091,-0.00332721252925694,0.0,0.0,0.0,-0.04250015318393707,-0.9998122453689575,0.0,-0.99986732006073,-0.9998070001602173,-1.0001758337020874,-0.0,-0.0,-0.21897003054618835,0.41212356090545654,-0.15407153964042664,1.46845281124115,0.1897294670343399,-0.481687992811203,-0.08327692002058029,0.37663596868515015,-2.0512399673461914,-0.0,0.0,0.0,0.0,0.0,0.0,0.10000000149011612,0.0,0.10737865418195724,-1.4848934412002563,-0.14419420063495636,-0.0,-0.0,0.03067961521446705,0.44792237877845764,-0.803805947303772,0.25310683250427246,0.003067961661145091,-0.0,-0.24083498120307922,-0.8130097985267639,-0.0475534051656723,0.012632614001631737,2.450196916470304e-05,0.0,0.0,0.0,0.005789338145405054,0.10004892200231552,0.0,0.10741472989320755,-1.4850562810897827,-0.14416742324829102,0.0,0.0,0.07428739964962006,0.4593127965927124,-1.3619763851165771,-0.1595264971256256,-0.019520055502653122,0.14634501934051514,-0.305069237947464,-1.2407771348953247,0.05904373899102211
388,-0.0,0.0,0.0,0.0,0.0,0.0,0.10000000149011612,0.0,0.10737865418195724,-1.4848934412002563,-0.14419420063495636,-0.0,-0.0,0.03067961521446705,0.4448544383049011,-0.7992039918899536,0.28071847558021545,-0.02147573046386242,-0.0,-0.24236896634101868,-0.8145437836647034,-0.04601942375302315,-0.3286009132862091,-0.00332721252925694,0.0,0.0,0.0,-0.04250015318393707,-0.9998122453689575,0.0,-0.99986732006073,-0.9998070001602173,-1.0001758337020874,-0.0,-0.0,-0.21897003054618835,0.4024813771247864,-0.14871466159820557,1.549778699874878,-0.013093235902488232,-0.481687992811203,-0.08703958243131638,0.3723698556423187,-2.0224061012268066,-0.0,0.0,0.0,0.0,0.0,0.0,0.10000000149011612,0.0,0.10737865418195724,-1.4848934412002563,-0.14419420063495636,-0.0,-0.0,0.03067961521446705,0.4448544383049011,-0.7992039918899536,0.28071847558021545,-0.02147573046386242,-0.0,-0.24236896634101868,-0.8145437836647034,-0.04601942375302315,0.012632614001631737,2.450196916470304e-05,0.0,0.0,0.0,0.005789338145405054,0.10004892200231552,0.0,0.10741472989320755,-1.4850562810897827,-0.14416742324829102,0.0,0.0,0.07428739964962006,0.45833665132522583,-1.358022928237915,-0.1501518189907074,-0.02249010093510151,0.14634501934051514,-0.3056946098804474,-1.2413287162780762,0.059125348925590515
389,-0.0,0.0,0.0,0.0,0.0,0.0,0.10000000149011612,0.0,0.10737865418195724,-1.4848934412002563,-0.14419420063495636,-0.0,-0.0,0.03067961521446705,0.44332045316696167,-0.7976700067520142,0.2899223566055298,-0.023009711876511574,-0.0,-0.24390295147895813,-0.8160777688026428,-0.04448544234037399,-0.3286009132862091,-0.00332721252925694,0.0,0.0,0.0,-0.04250015318393707,-0.9998122453689575,0.0,-0.99986732006073,-0.9998070001602173,-1.0001758337020874,-0.0,-0.0,-0.21897003054618835,0.3976602256298065,-0.1469290405511856,1.5768871307373047,-0.025769660249352455,-0.481687992811203,-0.09080223739147186,0.3681037724018097,-1.9935719966888428,-0.0,0.0,0.0,0.0,0.0,0.0,0.10000000149011612,0.0,0.10737865418195724,-1.4848934412002563,-0.14419420063495636,-0.0,-0.0,0.03067961521446705,0.44332045316696167,-0.7976700067520142,0.2899223566055298,-0.023009711876511574,-0.0,-0.24390295147895813,-0.8160777688026428,-0.04448544234037399,0.012632614001631737,2.450196916470304e-05,0.0,0.0,0.0,0.005789338145405054,0.10004892200231552,0.0,0.10741472989320755,-1.4850562810897827,-0.14416742324829102,0.0,0.0,0.07428739964962006,0.45784854888916016,-1.3567051887512207,-0.1470269113779068,-0.022675728425383568,0.14634501934051514,-0.3063200116157532,-1.2418802976608276,0.05920695886015892
390,-0.0,0.0,0.0,0.0,0.0,0.0,0.10000000149011612,0.0,0.10737865418195724,-1.4848934412002563,-0.14419420063495636,-0.0,-0.0,0.03067961521446705,0.4417864680290222,-0.8053399324417114,0.29759228229522705,0.026077672839164734,-0.0,-0.24390295147895813,-0.8145437836647034,-0.04448544234037399,-0.3286009132862091,-0.00332721252925694,0.0,0.0,0.0,-0.04250015318393707,-0.9998122453689575,0.0,-0.99986732006073,-0.9998070001602173,-1.0001758337020874,-0.0,-0.0,-0.21897003054618835,0.39283907413482666,-0.1558571606874466,1.5994776487350464,0.3798757493495941,-0.481687992811203,-0.09080223739147186,0.3723698556423187,-1.9935719966888428,-0.0,0.0,0.0,0.0,0.0,0.0,0.10000000149011612,0.0,0.10737865418195724,-1.4848934412002563,-0.14419420063495636,-0.0,-0.0,0.03067961521446705,0.4417864680290222,-0.8053399324417114,0.29759228229522705,0.026077672839164734,-0.0,-0.24390295147895813,-0.8145437836647034,-0.04448544234037399,0.012632614001631737,2.450196916470304e-05,0.0,0.0,0.0,0.005789338145405054,0.10004892200231552,0.0,0.10741472989320755,-1.4850562810897827,-0.14416742324829102,0.0,0.0,0.07428739964962006,0.45736047625541687,-1.3632941246032715,-0.14442282915115356,-0.016735635697841644,0.14634501934051514,-0.3063200116157532,-1.2413287162780762,0.05920695886015892
391,-0.0,0.0,0.0,0.0,0.0,0.0,0.10000000149011612,0.0,0.10737865418195724,-1.4848934412002563,-0.14419420063495636,-0.0,-0.0,0.02454369328916073,0.4387184977531433,-0.809941828250885,0.2960582971572876,0.08283495903015137,-0.0,-0.24083498120307922,-0.8114758133888245,-0.04295146092772484,-0.3286009132862091,-0.00332721252925694,0.0,0.0,0.0,-0.04250015318393707,-0.9998122453689575,0.0,-0.99986732006073,-0.9998070001602173,-1.0001758337020874,-0.0,-0.0,-0.25409746170043945,0.38319677114486694,-0.1612139642238617,1.5949596166610718,0.848903238773346,-0.481687992811203,-0.08327692002058029,0.38090208172798157,-1.964738130569458,-0.0,0.0,0.0,0.0,0.0,0.0,0.10000000149011612,0.0,0.10737865418195724,-1.4848934412002563,-0.14419420063495636,-0.0,-0.0,0.02454369328916073,0.4387184977531433,-0.809941828250885,0.2960582971572876,0.08283495903015137,-0.0,-0.24083498120307922,-0.8114758133888245,-0.04295146092772484,0.012632614001631737,2.450196916470304e-05,0.0,0.0,0.0,0.005789338145405054,0.10004892200231552,0.0,0.10741472989320755,-1.4850562810897827,-0.14416742324829102,0.0,0.0,0.07321559637784958,0.4563843011856079,-1.3672475814819336,-0.14494365453720093,-0.009867404587566853,0.14634501934051514,-0.305069237947464,-1.2402255535125732,0.05928856506943703
392,-0.0,0.0,0.0,0.0,0.0,0.0,0.10000000149011612,0.0,0.10737865418195724,-1.4848934412002563,-0.14419420063495636,-0.0,-0.0,0.02454369328916073,0.43411657214164734,-0.809941828250885,0.28685441613197327,0.04908738657832146,-0.0,-0.24083498120307922,-0.8114758133888245,-0.04295146092772484,-0.3286009132862091,-0.00332721252925694,0.0,0.0,0.0,-0.04250015318393707,-0.9998122453689575,0.0,-0.99986732006073,-0.9998070001602173,-1.0001758337020874,-0.0,-0.0,-0.25409746170043945,0.36873340606689453,-0.1612139642238617,1.5678510665893555,0.5700220465660095,-0.481687992811203,-0.08327692002058029,0.38090208172798157,-1.964738130569458,-0.0,0.0,0.0,0.0,0.0,0.0,0.10000000149011612,0.0,0.10737865418195724,-1.4848934412002563,-0.14419420063495636,-0.0,-0.0,0.02454369328916073,0.43411657214164734,-0.809941828250885,0.28685441613197327,0.04908738657832146,-0.0,-0.24083498120307922,-0.8114758133888245,-0.04295146092772484,0.012632614001631737,2.450196916470304e-05,0.0,0.0,0.0,0.005789338145405054,0.10004892200231552,0.0,0.10741472989320755,-1.4850562810897827,-0.14416742324829102,0.0,0.0,0.07321559637784958,0.45492005348205566,-1.3672475814819336,-0.14806854724884033,-0.013951217755675316,0.14634501934051514,-0.305069237947464,-1.2402255535125732,0.05928856506943703
393,-0.0,0.0,0.0,0.0,0.0,0.0,0.10000000149011612,0.0,0.10737865418195724,-1.4848934412002563,-0.14419420063495636,-0.0,-0.0,0.02454369328916073,0.4387184977531433,-0.8145437836647034,0.4463884234428406,0.11965049803256989,-0.0,-0.24083498120307922,-0.8130097985267639,-0.04295146092772484,-0.3286009132862091,-0.00332721252925694,0.0,0.0,0.0,-0.04250015318393707,-0.9998122453689575,0.0,-0.99986732006073,-0.9998070001602173,-1.0001758337020874,-0.0,-0.0,-0.25409746170043945,0.38319677114486694,-0.16657084226608276,2.0377330780029297,1.1531373262405396,-0.481687992811203,-0.08327692002058029,0.37663596868515015,-1.964738130569458,-0.0,0.0,0.0,0.0,0.0,0.0,0.10000000149011612,0.0,0.10737865418195724,-1.4848934412002563,-0.14419420063495636,-0.0,-0.0,0.02454369328916073,0.4387184977531433,-0.8145437836647034,0.4463884234428406,0.11965049803256989,-0.0,-0.24083498120307922,-0.8130097985267639,-0.04295146092772484,0.012632614001631737,2.450196916470304e-05,0.0,0.0,0.0,0.005789338145405054,0.10004892200231552,0.0,0.10741472989320755,-1.4850562810897827,-0.14416742324829102,0.0,0.0,0.07321559637784958,0.4563843011856079,-1.3712010383605957,-0.09390367567539215,-0.005412335507571697,0.14634501934051514,-0.305069237947464,-1.2407771348953247,0.05928856506943703
394,-0.0,0.0,0.0,0.0,0.0,0.0,0.10000000149011612,0.0,0.10737865418195724,-1.4848934412002563,-0.14419420063495636,-0.0,-0.0,0.02454369328916073,0.4356505572795868,-0.8176117539405823,0.4187767505645752,0.15033011138439178,-0.0,-0.23930099606513977,-0.8130097985267639,-0.041417479515075684,-0.3286009132862091,-0.00332721252925694,0.0,0.0,0.0,-0.04250015318393707,-0.9998122453689575,0.0,-0.99986732006073,-0.9998070001602173,-1.0001758337020874,-0.0,-0.0,-0.25409746170043945,0.3735545575618744,-0.17014208436012268,1.9564073085784912,1.4066656827926636,-0.481687992811203,-0.07951425760984421,0.37663596868515015,-1.9359041452407837,-0.0,0.0,0.0,0.0,0.0,0.0,0.10000000149011612,0.0,0.10737865418195724,-1.4848934412002563,-0.14419420063495636,-0.0,-0.0,0.02454369328916073,0.4356505572795868,-0.8176117539405823,0.4187767505645752,0.15033011138439178,-0.0,-0.23930099606513977,-0.8130097985267639,-0.041417479515075684,0.012632614001631737,2.450196916470304e-05,0.0,0.0,0.0,0.005789338145405054,0.10004892200231552,0.0,0.10741472989320755,-1.4850562810897827,-0.14416742324829102,0.0,0.0,0.07321559637784958,0.45540815591812134,-1.373836636543274,-0.10327836871147156,-0.0016997773200273514,0.14634501934051514,-0.3044438362121582,-1.2407771348953247,0.05937017500400543
395,-0.0,0.0,0.0,0.0,0.0,0.0,0.10000000149011612,0.0,0.10737865418195724,-1.4848934412002563,-0.14419420063495636,-0.0,-0.0,0.02454369328916073,0.4356505572795868,-0.8176117539405823,0.4187767505645752,0.15033011138439178,-0.0,-0.23930099606513977,-0.8130097985267639,-0.03988350182771683,-0.3286009132862091,-0.00332721252925694,0.0,0.0,0.0,-0.04250015318393707,-0.9998122453689575,0.0,-0.99986732006073,-0.9998070001602173,-1.0001758337020874,-0.0,-0.0,-0.25409746170043945,0.3735545575618744,-0.17014208436012268,1.9564073085784912,1.4066656827926636,-0.481687992811203,-0.07951425760984421,0.37663596868515015,-1.9070701599121094,-0.0,0.0,0.0,0.0,0.0,0.0,0.10000000149011612,0.0,0.10737865418195724,-1.4848934412002563,-0.14419420063495636,-0.0,-0.0,0.02454369328916073,0.4356505572795868,-0.8176117539405823,0.4187767505645752,0.15033011138439178,-0.0,-0.23930099606513977,-0.8130097985267639,-0.03988350182771683,0.012632614001631737,2.450196916470304e-05,0.0,0.0,0.0,0.005789338145405054,0.10004892200231552,0.0,0.10741472989320755,-1.4850562810897827,-0.14416742324829102,0.0,0.0,0.07321559637784958,0.45540815591812134,-1.373836636543274,-0.10327836871147156,-0.0016997773200273514,0.14634501934051514,-0.3044438362121582,-1.2407771348953247,0.05945178493857384
396,-0.0,0.0,0.0,0.0,0.0,0.0,0.10000000149011612,0.0,0.10737865418195724,-1.4848934412002563,-0.14419420063495636,-0.0,-0.0,0.02454369328916073,0.4356505572795868,-0.8176117539405823,0.4187767505645752,0.15033011138439178,-0.0,-0.23930099606513977,-0.8114758133888245,-0.03988350182771683,-0.3286009132862091,-0.00332721252925694,0.0,0.0,0.0,-0.04250015318393707,-0.9998122453689575,0.0,-0.99986732006073,-0.9998070001602173,-1.0001758337020874,-0.0,-0.0,-0.25409746170043945,0.3735545575618744,-0.17014208436012268,1.9564073085784912,1.4066656827926636,-0.481687992811203,-0.07951425760984421,0.38090208172798157,-1.9070701599121094,-0.0,0.0,0.0,0.0,0.0,0.0,0.10000000149011612,0.0,0.10737865418195724,-1.4848934412002563,-0.14419420063495636,-0.0,-0.0,0.02454369328916073,0.4356505572795868,-0.8176117539405823,0.4187767505645752,0.15033011138439178,-0.0,-0.23930099606513977,-0.8114758133888245,-0.03988350182771683,0.012632614001631737,2.450196916470304e-05,0.0,0.0,0.0,0.005789338145405054,0.10004892200231552,0.0,0.10741472989320755,-1.4850562810897827,-0.14416742324829102,0.0,0.0,0.07321559637784958,0.45540815591812134,-1.373836636543274,-0.10327836871147156,-0.0016997773200273514,0.14634501934051514,-0.3044438362121582,-1.2402255535125732,0.05945178493857384
397,-0.0,0.0,0.0,0.0,0.0,0.0,0.10000000149011612,0.0,0.10737865418195724,-1.4848934412002563,-0.14419420063495636,-0.0,-0.0,0.02454369328916073,0.4356505572795868,-0.8176117539405823,0.4187767505645752,0.15033011138439178,-0.0,-0.2377670258283615,-0.8084079027175903,-0.041417479515075684,-0.3286009132862091,-0.00332721252925694,0.0,0.0,0.0,-0.04250015318393707,-0.9998122453689575,0.0,-0.99986732006073,-0.9998070001602173,-1.0001758337020874,-0.0,-0.0,-0.25409746170043945,0.3735545575618744,-0.17014208436012268,1.9564073085784912,1.4066656827926636,-0.481687992811203,-0.07575163245201111,0.3894340991973877,-1.9359041452407837,-0.0,0.0,0.0,0.0,0.0,0.0,0.10000000149011612,0.0,0.10737865418195724,-1.4848934412002563,-0.14419420063495636,-0.0,-0.0,0.02454369328916073,0.4356505572795868,-0.8176117539405823,0.4187767505645752,0.15033011138439178,-0.0,-0.2377670258283615,-0.8084079027175903,-0.041417479515075684,0.012632614001631737,2.450196916470304e-05,0.0,0.0,0.0,0.005789338145405054,0.10004892200231552,0.0,0.10741472989320755,-1.4850562810897827,-0.14416742324829102,0.0,0.0,0.07321559637784958,0.45540815591812134,-1.373836636543274,-0.10327836871147156,-0.0016997773200273514,0.14634501934051514,-0.3038184642791748,-1.2391223907470703,0.05937017500400543
398,-0.0,0.0,0.0,0.0,0.0,0.0,0.10000000149011612,0.0,0.10737865418195724,-1.4848934412002563,-0.14419420063495636,-0.0,-0.0,0.02454369328916073,0.4356505572795868,-0.8176117539405823,0.4187767505645752,0.15033011138439178,-0.0,-0.23930099606513977,-0.809941828250885,-0.03988350182771683,-0.3286009132862091,-0.00332721252925694,0.0,0.0,0.0,-0.04250015318393707,-0.9998122453689575,0.0,-0.99986732006073,-0.9998070001602173,-1.0001758337020874,-0.0,-0.0,-0.25409746170043945,0.3735545575618744,-0.17014208436012268,1.9564073085784912,1.4066656827926636,-0.481687992811203,-0.07951425760984421,0.3851681649684906,-1.9070701599121094,-0.0,0.0,0.0,0.0,0.0,0.0,0.10000000149011612,0.0,0.10737865418195724,-1.4848934412002563,-0.14419420063495636,-0.0,-0.0,0.02454369328916073,0.4356505572795868,-0.8176117539405823,0.4187767505645752,0.15033011138439178,-0.0,-0.23930099606513977,-0.809941828250885,-0.03988350182771683,0.012632614001631737,2.450196916470304e-05,0.0,0.0,0.0,0.005789338145405054,0.10004892200231552,0.0,0.10741472989320755,-1.4850562810897827,-0.14416742324829102,0.0,0.0,0.07321559637784958,0.45540815591812134,-1.373836636543274,-0.10327836871147156,-0.0016997773200273514,0.14634501934051514,-0.3044438362121582,-1.2396739721298218,0.05945178493857384
399,-0.0,0.0,0.0,0.0,0.0,0.0,0.10000000149011612,0.0,0.10737865418195724,-1.4848934412002563,-0.14419420063495636,-0.0,-0.0,0.02454369328916073,0.4356505572795868,-0.8176117539405823,0.4187767505645752,0.15033011138439178,-0.0,-0.23930099606513977,-0.809941828250885,-0.03988350182771683,-0.3286009132862091,-0.00332721252925694,0.0,0.0,0.0,-0.04250015318393707,-0.9998122453689575,0.0,-0.99986732006073,-0.9998070001602173,-1.0001758337020874,-0.0,-0.0,-0.25409746170043945,0.3735545575618744,-0.17014208436012268,1.9564073085784912,1.4066656827926636,-0.481687992811203,-0.07951425760984421,0.3851681649684906,-1.9070701599121094,-0.0,0.0,0.0,0.0,0.0,0.0,0.10000000149011612,0.0,0.10737865418195724,-1.4848934412002563,-0.14419420063495636,-0.0,-0.0,0.02454369328916073,0.4356505572795868,-0.8176117539405823,0.4187767505645752,0.15033011138439178,-0.0,-0.23930099606513977,-0.809941828250885,-0.03988350182771683,0.012632614001631737,2.450196916470304e-05,0.0,0.0,0.0,0.005789338145405054,0.10004892200231552,0.0,0.10741472989320755,-1.4850562810897827,-0.14416742324829102,0.0,0.0,0.07321559637784958,0.45540815591812134,-1.373836636543274,-0.10327836871147156,-0.0016997773200273514,0.14634501934051514,-0.3044438362121582,-1.2396739721298218,0.05945178493857384
400,-0.0,0.0,0.0,0.0,0.0,0.0,0.10000000149011612,0.0,0.10737865418195724,-1.4848934412002563,-0.14419420063495636,-0.0,-0.0,0.02454369328916073,0.4356505572795868,-0.8176117539405823,0.4187767505645752,0.15033011138439178,-0.0,-0.23623304069042206,-0.8068739175796509,-0.041417479515075684,-0.3286009132862091,-0.00332721252925694,0.0,0.0,0.0,-0.04250015318393707,-0.9998122453689575,0.0,-0.99986732006073,-0.9998070001602173,-1.0001758337020874,-0.0,-0.0,-0.25409746170043945,0.3735545575618744,-0.17014208436012268,1.9564073085784912,1.4066656827926636,-0.481687992811203,-0.07198897004127502,0.3937002122402191,-1.9359041452407837,-0.0,0.0,0.0,0.0,0.0,0.0,0.10000000149011612,0.0,0.10737865418195724,-1.4848934412002563,-0.14419420063495636,-0.0,-0.0,0.02454369328916073,0.4356505572795868,-0.8176117539405823,0.4187767505645752,0.15033011138439178,-0.0,-0.23623304069042206,-0.8068739175796509,-0.041417479515075684,0.012632614001631737,2.450196916470304e-05,0.0,0.0,0.0,0.005789338145405054,0.10004892200231552,0.0,0.10741472989320755,-1.4850562810897827,-0.14416742324829102,0.0,0.0,0.07321559637784958,0.45540815591812134,-1.373836636543274,-0.10327836871147156,-0.0016997773200273514,0.14634501934051514,-0.3031930923461914,-1.2385708093643188,0.05937017500400543
401,-0.0,0.0,0.0,0.0,0.0,0.0,0.10000000149011612,0.0,0.10737865418195724,-1.4848934412002563,-0.14419420063495636,-0.0,-0.0,0.02454369328916073,0.4356505572795868,-0.8176117539405823,0.4187767505645752,0.15033011138439178,-0.0,-0.2377670258283615,-0.8053399324417114,-0.041417479515075684,-0.3286009132862091,-0.00332721252925694,0.0,0.0,0.0,-0.04250015318393707,-0.9998122453689575,0.0,-0.99986732006073,-0.9998070001602173,-1.0001758337020874,-0.0,-0.0,-0.25409746170043945,0.3735545575618744,-0.17014208436012268,1.9564073085784912,1.4066656827926636,-0.481687992811203,-0.07575163245201111,0.39796629548072815,-1.9359041452407837,-0.0,0.0,0.0,0.0,0.0,0.0,0.10000000149011612,0.0,0.10737865418195724,-1.4848934412002563,-0.14419420063495636,-0.0,-0.0,0.02454369328916073,0.4356505572795868,-0.8176117539405823,0.4187767505645752,0.15033011138439178,-0.0,-0.2377670258283615,-0.8053399324417114,-0.041417479515075684,0.012632614001631737,2.450196916470304e-05,0.0,0.0,0.0,0.005789338145405054,0.10004892200231552,0.0,0.10741472989320755,-1.4850562810897827,-0.14416742324829102,0.0,0.0,0.07321559637784958,0.45540815591812134,-1.373836636543274,-0.10327836871147156,-0.0016997773200273514,0.14634501934051514,-0.3038184642791748,-1.2380192279815674,0.05937017500400543
402,-0.0,0.0,0.0,0.0,0.0,0.0,0.10000000149011612,0.0,0.10737865418195724,-1.4848934412002563,-0.14419420063495636,-0.0,-0.0,0.02454369328916073,0.4356505572795868,-0.8176117539405823,0.4187767505645752,0.15033011138439178,-0.0,-0.2346990555524826,-0.8053399324417114,-0.041417479515075684,-0.3286009132862091,-0.00332721252925694,0.0,0.0,0.0,-0.04250015318393707,-0.9998122453689575,0.0,-0.99986732006073,-0.9998070001602173,-1.0001758337020874,-0.0,-0.0,-0.25409746170043945,0.3735545575618744,-0.17014208436012268,1.9564073085784912,1.4066656827926636,-0.481687992811203,-0.06822630763053894,0.39796629548072815,-1.9359041452407837,-0.0,0.0,0.0,0.0,0.0,0.0,0.10000000149011612,0.0,0.10737865418195724,-1.4848934412002563,-0.14419420063495636,-0.0,-0.0,0.02454369328916073,0.4356505572795868,-0.8176117539405823,0.4187767505645752,0.15033011138439178,-0.0,-0.2346990555524826,-0.8053399324417114,-0.041417479515075684,0.012632614001631737,2.450196916470304e-05,0.0,0.0,0.0,0.005789338145405054,0.10004892200231552,0.0,0.10741472989320755,-1.4850562810897827,-0.14416742324829102,0.0,0.0,0.07321559637784958,0.45540815591812134,-1.373836636543274,-0.10327836871147156,-0.0016997773200273514,0.14634501934051514,-0.3025676906108856,-1.2380192279815674,0.05937017500400543
403,-0.0,0.0,0.0,0.0,0.0,0.0,0.10000000149011612,0.0,0.10737865418195724,-1.4848934412002563,-0.14419420063495636,-0.0,-0.0,0.02454369328916073,0.4356505572795868,-0.8176117539405823,0.4187767505645752,0.15033011138439178,-0.0,-0.23316508531570435,-0.8053399324417114,-0.04295146092772484,-0.3286009132862091,-0.00332721252925694,0.0,0.0,0.0,-0.04250015318393707,-0.9998122453689575,0.0,-0.99986732006073,-0.9998070001602173,-1.0001758337020874,-0.0,-0.0,-0.25409746170043945,0.3735545575618744,-0.17014208436012268,1.9564073085784912,1.4066656827926636,-0.481687992811203,-0.06446368247270584,0.39796629548072815,-1.964738130569458,-0.0,0.0,0.0,0.0,0.0,0.0,0.10000000149011612,0.0,0.10737865418195724,-1.4848934412002563,-0.14419420063495636,-0.0,-0.0,0.02454369328916073,0.4356505572795868,-0.8176117539405823,0.4187767505645752,0.15033011138439178,-0.0,-0.23316508531570435,-0.8053399324417114,-0.04295146092772484,0.012632614001631737,2.450196916470304e-05,0.0,0.0,0.0,0.005789338145405054,0.10004892200231552,0.0,0.10741472989320755,-1.4850562810897827,-0.14416742324829102,0.0,0.0,0.07321559637784958,0.45540815591812134,-1.373836636543274,-0.10327836871147156,-0.0016997773200273514,0.14634501934051514,-0.3019423186779022,-1.2380192279815674,0.05928856506943703
404,-0.0,0.0,0.0,0.0,0.0,0.0,0.10000000149011612,0.0,0.10737865418195724,-1.4848934412002563,-0.14419420063495636,-0.0,-0.0,0.02454369328916073,0.4356505572795868,-0.8176117539405823,0.4187767505645752,0.15033011138439178,-0.0,-0.23623304069042206,-0.8084079027175903,-0.041417479515075684,-0.3286009132862091,-0.00332721252925694,0.0,0.0,0.0,-0.04250015318393707,-0.9998122453689575,0.0,-0.99986732006073,-0.9998070001602173,-1.0001758337020874,-0.0,-0.0,-0.25409746170043945,0.3735545575618744,-0.17014208436012268,1.9564073085784912,1.4066656827926636,-0.481687992811203,-0.07198897004127502,0.3894340991973877,-1.9359041452407837,-0.0,0.0,0.0,0.0,0.0,0.0,0.10000000149011612,0.0,0.10737865418195724,-1.4848934412002563,-0.14419420063495636,-0.0,-0.0,0.02454369328916073,0.4356505572795868,-0.8176117539405823,0.4187767505645752,0.15033011138439178,-0.0,-0.23623304069042206,-0.8084079027175903,-0.041417479515075684,0.012632614001631737,2.450196916470304e-05,0.0,0.0,0.0,0.005789338145405054,0.10004892200231552,0.0,0.10741472989320755,-1.4850562810897827,-0.14416742324829102,0.0,0.0,0.07321559637784958,0.45540815591812134,-1.373836636543274,-0.10327836871147156,-0.0016997773200273514,0.14634501934051514,-0.3031930923461914,-1.2391223907470703,0.05937017500400543
405,-0.0,0.0,0.0,0.0,0.0,0.0,0.10000000149011612,0.0,0.10737865418195724,-1.4848934412002563,-0.14419420063495636,-0.0,-0.0,0.02454369328916073,0.4356505572795868,-0.8176117539405823,0.4187767505645752,0.15033011138439178,-0.0,-0.23623304069042206,-0.8084079027175903,-0.041417479515075684,-0.3286009132862091,-0.00332721252925694,0.0,0.0,0.0,-0.04250015318393707,-0.9998122453689575,0.0,-0.99986732006073,-0.9998070001602173,-1.0001758337020874,-0.0,-0.0,-0.25409746170043945,0.3735545575618744,-0.17014208436012268,1.9564073085784912,1.4066656827926636,-0.481687992811203,-0.07198897004127502,0.3894340991973877,-1.9359041452407837,-0.0,0.0,0.0,0.0,0.0,0.0,0.10000000149011612,0.0,0.10737865418195724,-1.4848934412002563,-0.14419420063495636,-0.0,-0.0,0.02454369328916073,0.4356505572795868,-0.8176117539405823,0.4187767505645752,0.15033011138439178,-0.0,-0.23623304069042206,-0.8084079027175903,-0.041417479515075684,0.012632614001631737,2.450196916470304e-05,0.0,0.0,0.0,0.005789338145405054,0.10004892200231552,0.0,0.10741472989320755,-1.4850562810897827,-0.14416742324829102,0.0,0.0,0.07321559637784958,0.45540815591812134,-1.373836636543274,-0.10327836871147156,-0.0016997773200273514,0.14634501934051514,-0.3031930923461914,-1.2391223907470703,0.05937017500400543
406,-0.0,0.0,0.0,0.0,0.0,0.0,0.10000000149011612,0.0,0.10737865418195724,-1.4848934412002563,-0.14419420063495636,-0.0,-0.0,0.02454369328916073,0.4356505572795868,-0.8176117539405823,0.4187767505645752,0.15033011138439178,-0.0,-0.2346990555524826,-0.8084079027175903,-0.04295146092772484,-0.3286009132862091,-0.00332721252925694,0.0,0.0,0.0,-0.04250015318393707,-0.9998122453689575,0.0,-0.99986732006073,-0.9998070001602173,-1.0001758337020874,-0.0,-0.0,-0.25409746170043945,0.3735545575618744,-0.17014208436012268,1.9564073085784912,1.4066656827926636,-0.481687992811203,-0.06822630763053894,0.3894340991973877,-1.964738130569458,-0.0,0.0,0.0,0.0,0.0,0.0,0.10000000149011612,0.0,0.10737865418195724,-1.4848934412002563,-0.14419420063495636,-0.0,-0.0,0.02454369328916073,0.4356505572795868,-0.8176117539405823,0.4187767505645752,0.15033011138439178,-0.0,-0.2346990555524826,-0.8084079027175903,-0.04295146092772484,0.012632614001631737,2.450196916470304e-05,0.0,0.0,0.0,0.005789338145405054,0.10004892200231552,0.0,0.10741472989320755,-1.4850562810897827,-0.14416742324829102,0.0,0.0,0.07321559637784958,0.45540815591812134,-1.373836636543274,-0.10327836871147156,-0.0016997773200273514,0.14634501934051514,-0.3025676906108856,-1.2391223907470703,0.05928856506943703
407,-0.0,0.0,0.0,0.0,0.0,0.0,0.10000000149011612,0.0,0.10737865418195724,-1.4848934412002563,-0.14419420063495636,-0.0,-0.0,0.02454369328916073,0.4356505572795868,-0.8176117539405823,0.4187767505645752,0.15033011138439178,-0.0,-0.2346990555524826,-0.8068739175796509,-0.04295146092772484,-0.3286009132862091,-0.00332721252925694,0.0,0.0,0.0,-0.04250015318393707,-0.9998122453689575,0.0,-0.99986732006073,-0.9998070001602173,-1.0001758337020874,-0.0,-0.0,-0.25409746170043945,0.3735545575618744,-0.17014208436012268,1.9564073085784912,1.4066656827926636,-0.481687992811203,-0.06822630763053894,0.3937002122402191,-1.964738130569458,-0.0,0.0,0.0,0.0,0.0,0.0,0.10000000149011612,0.0,0.10737865418195724,-1.4848934412002563,-0.14419420063495636,-0.0,-0.0,0.02454369328916073,0.4356505572795868,-0.8176117539405823,0.4187767505645752,0.15033011138439178,-0.0,-0.2346990555524826,-0.8068739175796509,-0.04295146092772484,0.012632614001631737,2.450196916470304e-05,0.0,0.0,0.0,0.005789338145405054,0.10004892200231552,0.0,0.10741472989320755,-1.4850562810897827,-0.14416742324829102,0.0,0.0,0.07321559637784958,0.45540815591812134,-1.373836636543274,-0.10327836871147156,-0.0016997773200273514,0.14634501934051514,-0.3025676906108856,-1.2385708093643188,0.05928856506943703
408,-0.0,0.0,0.0,0.0,0.0,0.0,0.10000000149011612,0.0,0.10737865418195724,-1.4848934412002563,-0.14419420063495636,-0.0,-0.0,0.02454369328916073,0.4356505572795868,-0.8176117539405823,0.4187767505645752,0.15033011138439178,-0.0,-0.23623304069042206,-0.8084079027175903,-0.04295146092772484,-0.3286009132862091,-0.00332721252925694,0.0,0.0,0.0,-0.04250015318393707,-0.9998122453689575,0.0,-0.99986732006073,-0.9998070001602173,-1.0001758337020874,-0.0,-0.0,-0.25409746170043945,0.3735545575618744,-0.17014208436012268,1.9564073085784912,1.4066656827926636,-0.481687992811203,-0.07198897004127502,0.3894340991973877,-1.964738130569458,-0.0,0.0,0.0,0.0,0.0,0.0,0.10000000149011612,0.0,0.10737865418195724,-1.4848934412002563,-0.14419420063495636,-0.0,-0.0,0.02454369328916073,0.4356505572795868,-0.8176117539405823,0.4187767505645752,0.15033011138439178,-0.0,-0.23623304069042206,-0.8084079027175903,-0.04295146092772484,0.012632614001631737,2.450196916470304e-05,0.0,0.0,0.0,0.005789338145405054,0.10004892200231552,0.0,0.10741472989320755,-1.4850562810897827,-0.14416742324829102,0.0,0.0,0.07321559637784958,0.45540815591812134,-1.373836636543274,-0.10327836871147156,-0.0016997773200273514,0.14634501934051514,-0.3031930923461914,-1.2391223907470703,0.05928856506943703
409,-0.0,0.0,0.0,0.0,0.0,0.0,0.10000000149011612,0.0,0.10737865418195724,-1.4848934412002563,-0.14419420063495636,-0.0,-0.0,0.02454369328916073,0.4356505572795868,-0.8176117539405823,0.4187767505645752,0.15033011138439178,-0.0,-0.2346990555524826,-0.8114758133888245,-0.04295146092772484,-0.3286009132862091,-0.00332721252925694,0.0,0.0,0.0,-0.04250015318393707,-0.9998122453689575,0.0,-0.99986732006073,-0.9998070001602173,-1.0001758337020874,-0.0,-0.0,-0.25409746170043945,0.3735545575618744,-0.17014208436012268,1.9564073085784912,1.4066656827926636,-0.481687992811203,-0.06822630763053894,0.38090208172798157,-1.964738130569458,-0.0,0.0,0.0,0.0,0.0,0.0,0.10000000149011612,0.0,0.10737865418195724,-1.4848934412002563,-0.14419420063495636,-0.0,-0.0,0.02454369328916073,0.4356505572795868,-0.8176117539405823,0.4187767505645752,0.15033011138439178,-0.0,-0.2346990555524826,-0.8114758133888245,-0.04295146092772484,0.012632614001631737,2.450196916470304e-05,0.0,0.0,0.0,0.005789338145405054,0.10004892200231552,0.0,0.10741472989320755,-1.4850562810897827,-0.14416742324829102,0.0,0.0,0.07321559637784958,0.45540815591812134,-1.373836636543274,-0.10327836871147156,-0.0016997773200273514,0.14634501934051514,-0.3025676906108856,-1.2402255535125732,0.05928856506943703
