step,state_cmd_vel_lx,state_cmd_vel_ly,state_cmd_vel_lz,state_cmd_vel_ax,state_cmd_vel_ay,state_cmd_vel_az,state_back_joint,state_left_shoulder_yaw,state_left_shoulder_pitch,state_left_elbow_pitch,state_left_wrist_pitch,state_left_wrist_roll,state_left_gripper,state_right_shoulder_yaw,state_right_shoulder_pitch,state_right_elbow_pitch,state_right_wrist_pitch,state_right_wrist_roll,state_right_gripper,state_head_yaw,state_head_pitch,state_head_roll
0,-0.0,0.0,0.0,0.0,0.0,0.0,0.09800619632005692,-0.003067961661145091,0.11198059469461441,-1.477223515510559,-0.14112623035907745,0.004601942375302315,-0.003067961661145091,-0.003067961661145091,0.11504855751991272,-1.4787575006484985,-0.13805827498435974,-0.004601942375302315,0.004601942375302315,-0.11351457983255386,-0.03834952041506767,0.004601942375302315
1,-0.0,0.0,0.0,0.0,0.0,0.0,0.09800619632005692,-0.003067961661145091,0.11198059469461441,-1.477223515510559,-0.14112623035907745,0.004601942375302315,-0.003067961661145091,-0.003067961661145091,0.11504855751991272,-1.4787575006484985,-0.13805827498435974,-0.004601942375302315,0.004601942375302315,-0.11658254265785217,-0.03834952041506767,0.004601942375302315
2,-0.0,0.0,0.0,0.0,0.0,0.0,0.09800619632005692,-0.003067961661145091,0.11198059469461441,-1.477223515510559,-0.14112623035907745,0.004601942375302315,-0.003067961661145091,-0.003067961661145091,0.11504855751991272,-1.4787575006484985,-0.13805827498435974,-0.004601942375302315,0.004601942375302315,-0.11811652034521103,-0.03374757617712021,0.004601942375302315
3,-0.0,0.0,0.0,0.0,0.0,0.0,0.09800619632005692,-0.003067961661145091,0.11198059469461441,-1.477223515510559,-0.14112623035907745,0.004601942375302315,-0.003067961661145091,-0.003067961661145091,0.11504855751991272,-1.4787575006484985,-0.13805827498435974,-0.004601942375302315,0.004601942375302315,-0.11811652034521103,-0.03374757617712021,0.004601942375302315
4,-0.0,0.0,0.0,0.0,0.0,0.0,0.09800619632005692,-0.003067961661145091,0.11198059469461441,-1.477223515510559,-0.14112623035907745,0.004601942375302315,-0.003067961661145091,-0.003067961661145091,0.11504855751991272,-1.4787575006484985,-0.13805827498435974,-0.004601942375302315,0.004601942375302315,-0.11811652034521103,-0.03374757617712021,0.004601942375302315
5,-0.0,0.0,0.0,0.0,0.0,0.0,0.09800619632005692,-0.003067961661145091,0.11198059469461441,-1.477223515510559,-0.14112623035907745,0.004601942375302315,-0.003067961661145091,-0.003067961661145091,0.11504855751991272,-1.4787575006484985,-0.13805827498435974,-0.004601942375302315,0.004601942375302315,-0.11811652034521103,-0.03374757617712021,0.004601942375302315
6,-0.0,0.0,0.0,0.0,0.0,0.0,0.09800619632005692,-0.003067961661145091,0.11198059469461441,-1.477223515510559,-0.14112623035907745,0.004601942375302315,-0.003067961661145091,-0.003067961661145091,0.11504855751991272,-1.4787575006484985,-0.13805827498435974,-0.004601942375302315,0.004601942375302315,-0.11811652034521103,-0.04448544234037399,0.004601942375302315
7,-0.0,0.0,0.0,0.0,0.0,0.0,0.09800619632005692,-0.003067961661145091,0.11198059469461441,-1.477223515510559,-0.14112623035907745,0.004601942375302315,-0.003067961661145091,-0.003067961661145091,0.11504855751991272,-1.4787575006484985,-0.13805827498435974,-0.004601942375302315,0.004601942375302315,-0.11811652034521103,-0.07209710031747818,0.003067961661145091
8,-0.0,0.0,0.0,0.0,0.0,0.0,0.09800619632005692,-0.003067961661145091,0.11198059469461441,-1.477223515510559,-0.14112623035907745,0.004601942375302315,-0.003067961661145091,-0.003067961661145091,0.11504855751991272,-1.4787575006484985,-0.13805827498435974,-0.004601942375302315,0.004601942375302315,-0.10124272853136063,-0.11658254265785217,0.003067961661145091
9,-0.0,0.0,0.0,0.0,0.0,0.0,0.09800619632005692,-0.003067961661145091,0.11198059469461441,-1.477223515510559,-0.14112623035907745,0.004601942375302315,-0.003067961661145091,-0.003067961661145091,0.11504855751991272,-1.4787575006484985,-0.13805827498435974,-0.004601942375302315,0.004601942375302315,-0.09050486981868744,-0.16413594782352448,-0.0015339808305725455
10,-0.0,0.0,0.0,0.0,0.0,0.0,0.09800619632005692,-0.003067961661145091,0.11198059469461441,-1.477223515510559,-0.14112623035907745,0.004601942375302315,-0.003067961661145091,-0.003067961661145091,0.11504855751991272,-1.4787575006484985,-0.13805827498435974,-0.004601942375302315,0.004601942375302315,-0.07976700365543365,-0.23009711503982544,-0.01073786523193121
11,-0.0,0.0,0.0,0.0,0.0,0.0,0.09800619632005692,-0.003067961661145091,0.11198059469461441,-1.477223515510559,-0.14112623035907745,0.004601942375302315,-0.003067961661145091,-0.003067961661145091,0.11504855751991272,-1.4787575006484985,-0.13805827498435974,-0.004601942375302315,0.004601942375302315,-0.07976700365543365,-0.2960582971572876,-0.012271846644580364
12,-0.0,0.0,0.0,0.0,0.0,0.0,0.09800619632005692,-0.003067961661145091,0.11198059469461441,-1.477223515510559,-0.14112623035907745,0.004601942375302315,-0.003067961661145091,-0.003067961661145091,0.11504855751991272,-1.4787575006484985,-0.13805827498435974,-0.004601942375302315,0.004601942375302315,-0.06289321184158325,-0.37889325618743896,-0.01840776950120926
13,-0.0,0.0,0.0,0.0,0.0,0.0,0.09800619632005692,-0.003067961661145091,0.11198059469461441,-1.477223515510559,-0.14112623035907745,0.004601942375302315,-0.003067961661145091,-0.003067961661145091,0.11504855751991272,-1.4787575006484985,-0.13805827498435974,-0.004601942375302315,0.004601942375302315,-0.0613592304289341,-0.4387184977531433,-0.026077672839164734
14,-0.0,0.0,0.0,0.0,0.0,0.0,0.09800619632005692,-0.003067961661145091,0.11198059469461441,-1.477223515510559,-0.14112623035907745,0.004601942375302315,-0.003067961661145091,-0.003067961661145091,0.11504855751991272,-1.4787575006484985,-0.13805827498435974,-0.004601942375302315,0.004601942375302315,-0.05522330850362778,-0.5169515013694763,-0.02761165425181389
15,-0.0,0.0,0.0,0.0,0.0,0.0,0.09800619632005692,-0.003067961661145091,0.11198059469461441,-1.477223515510559,-0.14112623035907745,0.004601942375302315,-0.003067961661145091,-0.003067961661145091,0.11504855751991272,-1.4787575006484985,-0.13805827498435974,-0.004601942375302315,0.004601942375302315,-0.05368932709097862,-0.5921165943145752,-0.03067961521446705
16,-0.0,0.0,0.0,0.0,0.0,0.0,0.09800619632005692,-0.003067961661145091,0.11198059469461441,-1.477223515510559,-0.14112623035907745,0.004601942375302315,-0.003067961661145091,-0.003067961661145091,0.11504855751991272,-1.4787575006484985,-0.13805827498435974,-0.004601942375302315,0.004601942375302315,-0.05368932709097862,-0.6458058953285217,-0.03528155758976936
17,-0.0,0.0,0.0,0.0,0.0,0.0,0.09800619632005692,-0.003067961661145091,0.11198059469461441,-1.477223515510559,-0.14112623035907745,0.004601942375302315,-0.003067961661145091,-0.003067961661145091,0.11504855751991272,-1.4787575006484985,-0.13805827498435974,-0.004601942375302315,0.004601942375302315,-0.05368932709097862,-0.7133010625839233,-0.04448544234037399
18,-0.0,0.0,0.0,0.0,0.0,0.0,0.09800619632005692,-0.003067961661145091,0.11198059469461441,-1.477223515510559,-0.14112623035907745,0.004601942375302315,-0.003067961661145091,-0.003067961661145091,0.11504855751991272,-1.4787575006484985,-0.13805827498435974,-0.004601942375302315,0.004601942375302315,-0.0613592304289341,-0.7915340662002563,-0.0475534051656723
19,-0.0,0.0,0.0,0.0,0.0,0.0,0.09800619632005692,-0.003067961661145091,0.11198059469461441,-1.477223515510559,-0.14112623035907745,0.004601942375302315,-0.003067961661145091,-0.003067961661145091,0.11504855751991272,-1.4787575006484985,-0.13805827498435974,-0.004601942375302315,0.004601942375302315,-0.07209710031747818,-0.855961263179779,-0.05215534567832947
20,-0.0,0.0,0.0,0.0,0.0,0.0,0.09800619632005692,-0.003067961661145091,0.11198059469461441,-1.477223515510559,-0.14112623035907745,0.004601942375302315,-0.003067961661145091,-0.003067961661145091,0.11504855751991272,-1.4787575006484985,-0.13805827498435974,-0.004601942375302315,0.004601942375302315,-0.08590292185544968,-0.928058385848999,-0.05675728991627693
21,-0.0,0.0,0.0,0.0,0.0,0.0,0.09800619632005692,-0.003067961661145091,0.11198059469461441,-1.477223515510559,-0.14112623035907745,0.004601942375302315,-0.003067961661145091,-0.003067961661145091,0.11504855751991272,-1.4787575006484985,-0.13805827498435974,-0.004601942375302315,0.004601942375302315,-0.10737865418195724,-0.960271954536438,-0.05522330850362778
22,-0.0,0.0,0.0,0.0,0.0,0.0,0.09800619632005692,-0.003067961661145091,0.11198059469461441,-1.477223515510559,-0.14112623035907745,0.004601942375302315,-0.003067961661145091,-0.003067961661145091,0.11504855751991272,-1.4787575006484985,-0.13805827498435974,-0.004601942375302315,0.004601942375302315,-0.1257864236831665,-0.9633399248123169,-0.05522330850362778
23,-0.0,0.0,0.0,0.0,0.0,0.0,0.09800619632005692,-0.003067961661145091,0.11198059469461441,-1.477223515510559,-0.14112623035907745,0.004601942375302315,-0.003067961661145091,-0.003067961661145091,0.11504855751991272,-1.4787575006484985,-0.13805827498435974,-0.004601942375302315,0.004601942375302315,-0.14879614114761353,-0.9633399248123169,-0.05522330850362778
24,-0.0,0.0,0.0,0.0,0.0,0.0,0.09800619632005692,-0.003067961661145091,0.11198059469461441,-1.477223515510559,-0.14112623035907745,0.004601942375302315,-0.003067961661145091,-0.003067961661145091,0.11504855751991272,-1.4787575006484985,-0.13805827498435974,-0.004601942375302315,0.004601942375302315,-0.19174760580062866,-0.9633399248123169,-0.04601942375302315
25,-0.0,0.0,0.0,0.0,0.0,0.0,0.09800619632005692,-0.003067961661145091,0.11198059469461441,-1.477223515510559,-0.14112623035907745,0.004601942375302315,-0.003067961661145091,-0.003067961661145091,0.11504855751991272,-1.4787575006484985,-0.13805827498435974,-0.004601942375302315,0.004601942375302315,-0.25003886222839355,-0.9633399248123169,-0.023009711876511574
26,-0.0,0.0,0.0,0.0,0.0,0.0,0.09800619632005692,-0.003067961661145091,0.11198059469461441,-1.477223515510559,-0.14112623035907745,0.004601942375302315,-0.003067961661145091,-0.003067961661145091,0.11504855751991272,-1.4787575006484985,-0.13805827498435974,-0.004601942375302315,0.004601942375302315,-0.3206019699573517,-0.9648739099502563,-0.004601942375302315
27,-0.0,0.0,0.0,0.0,0.0,0.0,0.09800619632005692,-0.003067961661145091,0.11198059469461441,-1.477223515510559,-0.14112623035907745,0.004601942375302315,-0.003067961661145091,-0.003067961661145091,0.11504855751991272,-1.4787575006484985,-0.13805827498435974,-0.004601942375302315,0.004601942375302315,-0.38656315207481384,-0.9679418802261353,0.029145635664463043
28,-0.0,0.0,0.0,0.0,0.0,0.0,0.09800619632005692,-0.003067961661145091,0.11198059469461441,-1.477223515510559,-0.14112623035907745,0.004601942375302315,-0.003067961661145091,-0.003067961661145091,0.11504855751991272,-1.4787575006484985,-0.13805827498435974,-0.004601942375302315,0.004601942375302315,-0.4663301706314087,-0.9679418802261353,0.0613592304289341
29,-0.0,0.0,0.0,0.0,0.0,0.0,0.09800619632005692,-0.003067961661145091,0.11198059469461441,-1.477223515510559,-0.14112623035907745,0.004601942375302315,-0.003067961661145091,-0.003067961661145091,0.11504855751991272,-1.4787575006484985,-0.13805827498435974,-0.004601942375302315,0.004601942375302315,-0.5476311445236206,-0.9679418802261353,0.09357282519340515
30,-0.0,0.0,0.0,0.0,0.0,0.0,0.09800619632005692,-0.003067961661145091,0.11198059469461441,-1.477223515510559,-0.14112623035907745,0.004601942375302315,-0.003067961661145091,-0.003067961661145091,0.11504855751991272,-1.4787575006484985,-0.13805827498435974,-0.004601942375302315,0.004601942375302315,-0.6212621927261353,-0.9679418802261353,0.11965049803256989
31,-0.0,0.0,0.0,0.0,0.0,0.0,0.09800619632005692,-0.003067961661145091,0.11198059469461441,-1.477223515510559,-0.14112623035907745,0.004601942375302315,-0.003067961661145091,-0.003067961661145091,0.11504855751991272,-1.4787575006484985,-0.13805827498435974,-0.004601942375302315,0.004601942375302315,-0.6964272856712341,-0.9679418802261353,0.13192234933376312
32,-0.0,0.0,0.0,0.0,0.0,0.0,0.09800619632005692,-0.003067961661145091,0.11198059469461441,-1.477223515510559,-0.14112623035907745,0.004601942375302315,-0.003067961661145091,-0.003067961661145091,0.11504855751991272,-1.4787575006484985,-0.13805827498435974,-0.004601942375302315,0.004601942375302315,-0.7639224529266357,-0.9679418802261353,0.1365242898464203
33,-0.0,0.0,0.0,0.0,0.0,0.0,0.09800619632005692,-0.003067961661145091,0.11198059469461441,-1.477223515510559,-0.14112623035907745,0.004601942375302315,-0.003067961661145091,-0.003067961661145091,0.11504855751991272,-1.4787575006484985,-0.13805827498435974,-0.004601942375302315,0.004601942375302315,-0.8176117539405823,-0.9679418802261353,0.1365242898464203
34,-0.0,0.0,0.0,0.0,0.0,0.0,0.09800619632005692,-0.003067961661145091,0.11198059469461441,-1.477223515510559,-0.14112623035907745,0.004601942375302315,-0.003067961661145091,-0.003067961661145091,0.11504855751991272,-1.4787575006484985,-0.13805827498435974,-0.004601942375302315,0.004601942375302315,-0.8574952483177185,-0.9679418802261353,0.1365242898464203
35,-0.0,0.0,0.0,0.0,0.0,0.0,0.09800619632005692,-0.003067961661145091,0.11198059469461441,-1.477223515510559,-0.14112623035907745,0.004601942375302315,-0.003067961661145091,-0.003067961661145091,0.11504855751991272,-1.4787575006484985,-0.13805827498435974,-0.004601942375302315,0.004601942375302315,-0.9219224452972412,-0.9679418802261353,0.1365242898464203
36,-0.0,0.0,0.0,0.0,0.0,0.0,0.09800619632005692,-0.003067961661145091,0.11198059469461441,-1.477223515510559,-0.14112623035907745,0.004601942375302315,-0.003067961661145091,-0.003067961661145091,0.11504855751991272,-1.4787575006484985,-0.13805827498435974,-0.004601942375302315,0.004601942375302315,-0.9756118059158325,-0.9679418802261353,0.1365242898464203
37,-0.0,0.0,0.0,0.0,0.0,0.0,0.09800619632005692,-0.003067961661145091,0.11198059469461441,-1.477223515510559,-0.14112623035907745,0.004601942375302315,-0.003067961661145091,-0.003067961661145091,0.11504855751991272,-1.4787575006484985,-0.13805827498435974,-0.004601942375302315,0.004601942375302315,-1.0293011665344238,-0.9679418802261353,0.13345633447170258
38,-0.0,0.0,0.0,0.0,0.0,0.0,0.09800619632005692,-0.003067961661145091,0.11198059469461441,-1.477223515510559,-0.14112623035907745,0.004601942375302315,-0.003067961661145091,-0.003067961661145091,0.11504855751991272,-1.4787575006484985,-0.13805827498435974,-0.004601942375302315,0.004601942375302315,-1.0829904079437256,-0.9679418802261353,0.13192234933376312
39,-0.0,0.0,0.0,0.0,0.0,0.0,0.09800619632005692,-0.003067961661145091,0.11198059469461441,-1.477223515510559,-0.14112623035907745,0.004601942375302315,-0.003067961661145091,-0.003067961661145091,0.11504855751991272,-1.4787575006484985,-0.13805827498435974,-0.004601942375302315,0.004601942375302315,-1.1320778131484985,-0.9679418802261353,0.12425244599580765
40,-0.0,0.0,0.0,0.0,0.0,0.0,0.09800619632005692,-0.003067961661145091,0.11198059469461441,-1.477223515510559,-0.14112623035907745,0.004601942375302315,-0.003067961661145091,-0.003067961661145091,0.11504855751991272,-1.4787575006484985,-0.13805827498435974,-0.004601942375302315,0.004601942375302315,-1.1719613075256348,-0.9679418802261353,0.12118448317050934
41,-0.0,0.0,0.0,0.0,0.0,0.0,0.09800619632005692,-0.003067961661145091,0.11198059469461441,-1.477223515510559,-0.14112623035907745,0.004601942375302315,-0.003067961661145091,-0.003067961661145091,0.11504855751991272,-1.4787575006484985,-0.13805827498435974,-0.004601942375302315,0.004601942375302315,-1.208776831626892,-0.9679418802261353,0.12118448317050934
42,-0.0,0.0,0.0,0.0,0.0,0.0,0.09800619632005692,-0.003067961661145091,0.11198059469461441,-1.477223515510559,-0.14112623035907745,0.004601942375302315,-0.003067961661145091,-0.003067961661145091,0.11504855751991272,-1.4787575006484985,-0.13805827498435974,-0.004601942375302315,0.004601942375302315,-1.2363885641098022,-0.9526020884513855,0.12118448317050934
43,-0.0,0.0,0.0,0.0,0.0,0.0,0.09800619632005692,-0.003067961661145091,0.11198059469461441,-1.477223515510559,-0.14112623035907745,0.004601942375302315,-0.003067961661145091,-0.003067961661145091,0.11504855751991272,-1.4787575006484985,-0.13805827498435974,-0.004601942375302315,0.004601942375302315,-1.24405837059021,-0.9403302073478699,0.11198059469461441
44,-0.0,0.0,0.0,0.0,0.0,0.0,0.09800619632005692,-0.003067961661145091,0.11198059469461441,-1.477223515510559,-0.14112623035907745,0.004601942375302315,-0.003067961661145091,-0.003067961661145091,0.11504855751991272,-1.4787575006484985,-0.13805827498435974,-0.004601942375302315,0.004601942375302315,-1.24405837059021,-0.9265244007110596,0.09970875084400177
45,-0.0,0.0,0.0,0.0,0.0,0.0,0.09800619632005692,-0.003067961661145091,0.11198059469461441,-1.477223515510559,-0.14112623035907745,0.004601942375302315,-0.003067961661145091,-0.003067961661145091,0.11504855751991272,-1.4787575006484985,-0.13805827498435974,-0.004601942375302315,0.004601942375302315,-1.24405837059021,-0.9111846089363098,0.08897088468074799
46,-0.0,0.0,0.0,0.0,0.0,0.0,0.09800619632005692,-0.003067961661145091,0.11198059469461441,-1.477223515510559,-0.14112623035907745,0.004601942375302315,-0.003067961661145091,-0.003067961661145091,0.11504855751991272,-1.4787575006484985,-0.13805827498435974,-0.004601942375302315,0.004601942375302315,-1.2379225492477417,-0.9035146832466125,0.08743690699338913
47,-0.0,0.0,0.0,0.0,0.0,0.0,0.09800619632005692,-0.003067961661145091,0.11198059469461441,-1.477223515510559,-0.14112623035907745,0.004601942375302315,-0.003067961661145091,-0.003067961661145091,0.11504855751991272,-1.4787575006484985,-0.13805827498435974,-0.004601942375302315,0.004601942375302315,-1.228718638420105,-0.9035146832466125,0.08436894416809082
48,-0.0,0.0,0.0,0.0,0.0,0.0,0.09800619632005692,-0.003067961661145091,0.11198059469461441,-1.477223515510559,-0.14112623035907745,0.004601942375302315,-0.003067961661145091,-0.003067961661145091,0.11504855751991272,-1.4787575006484985,-0.13805827498435974,-0.004601942375302315,0.004601942375302315,-1.2225826978683472,-0.9035146832466125,0.08283495903015137
49,-0.0,0.0,0.0,0.0,0.0,0.0,0.09800619632005692,-0.003067961661145091,0.11198059469461441,-1.477223515510559,-0.14112623035907745,0.004601942375302315,-0.003067961661145091,-0.003067961661145091,0.11504855751991272,-1.4787575006484985,-0.13805827498435974,-0.004601942375302315,0.004601942375302315,-1.2164467573165894,-0.9019806981086731,0.08283495903015137
50,-0.0,0.0,0.0,0.0,0.0,0.0,0.09800619632005692,-0.003067961661145091,0.11198059469461441,-1.477223515510559,-0.14112623035907745,0.004601942375302315,-0.003067961661145091,-0.003067961661145091,0.11504855751991272,-1.4787575006484985,-0.13805827498435974,-0.004601942375302315,0.004601942375302315,-1.2164467573165894,-0.8989127278327942,0.08283495903015137
51,-0.0,0.0,0.0,0.0,0.0,0.0,0.09800619632005692,-0.003067961661145091,0.11198059469461441,-1.477223515510559,-0.14112623035907745,0.004601942375302315,-0.003067961661145091,-0.003067961661145091,0.11504855751991272,-1.4787575006484985,-0.13805827498435974,-0.004601942375302315,0.004601942375302315,-1.2164467573165894,-0.8989127278327942,0.08436894416809082
52,-0.0,0.0,0.0,0.0,0.0,0.0,0.09800619632005692,-0.003067961661145091,0.11198059469461441,-1.477223515510559,-0.14112623035907745,0.004601942375302315,-0.003067961661145091,-0.003067961661145091,0.11504855751991272,-1.4787575006484985,-0.13805827498435974,-0.004601942375302315,0.004601942375302315,-1.2164467573165894,-0.8989127278327942,0.08743690699338913
53,-0.0,0.0,0.0,0.0,0.0,0.0,0.09800619632005692,-0.003067961661145091,0.11198059469461441,-1.477223515510559,-0.14112623035907745,0.004601942375302315,-0.003067961661145091,-0.003067961661145091,0.11504855751991272,-1.4787575006484985,-0.13805827498435974,-0.004601942375302315,0.004601942375302315,-1.2164467573165894,-0.8973787426948547,0.08743690699338913
54,-0.0,0.0,0.0,0.0,0.0,0.0,0.09800619632005692,-0.003067961661145091,0.11198059469461441,-1.477223515510559,-0.14112623035907745,0.004601942375302315,-0.003067961661145091,-0.003067961661145091,0.11504855751991272,-1.4787575006484985,-0.13805827498435974,-0.004601942375302315,0.004601942375302315,-1.2164467573165894,-0.8973787426948547,0.0920388475060463
55,-0.0,0.0,0.0,0.0,0.0,0.0,0.09800619632005692,-0.003067961661145091,0.11198059469461441,-1.477223515510559,-0.14112623035907745,0.004601942375302315,-0.003067961661145091,-0.003067961661145091,0.11504855751991272,-1.4787575006484985,-0.13805827498435974,-0.004601942375302315,0.004601942375302315,-1.2164467573165894,-0.8958447575569153,0.0920388475060463
56,-0.0,0.0,0.0,0.0,0.0,0.0,0.09800619632005692,-0.003067961661145091,0.11198059469461441,-1.477223515510559,-0.14112623035907745,0.004601942375302315,-0.003067961661145091,-0.003067961661145091,0.11504855751991272,-1.4787575006484985,-0.13805827498435974,-0.004601942375302315,0.004601942375302315,-1.2179807424545288,-0.8927768468856812,0.0920388475060463
57,-0.0,0.0,0.0,0.0,0.0,0.134296715259552,0.09800619632005692,-0.003067961661145091,0.11198059469461441,-1.477223515510559,-0.14112623035907745,0.004601942375302315,-0.003067961661145091,-0.003067961661145091,0.11504855751991272,-1.4787575006484985,-0.13805827498435974,-0.004601942375302315,0.004601942375302315,-1.2210487127304077,-0.8927768468856812,0.09664078801870346
58,-0.0,0.0,0.0,0.0,0.0,0.2505236864089966,0.09800619632005692,-0.003067961661145091,0.11198059469461441,-1.477223515510559,-0.14112623035907745,0.004601942375302315,-0.003067961661145091,-0.003067961661145091,0.11504855751991272,-1.4787575006484985,-0.13805827498435974,-0.004601942375302315,0.004601942375302315,-1.2225826978683472,-0.8927768468856812,0.09664078801870346
59,-0.0,0.0,0.0,0.0,0.0,0.32009339332580566,0.09800619632005692,-0.003067961661145091,0.11044661700725555,-1.477223515510559,-0.14112623035907745,0.004601942375302315,-0.003067961661145091,-0.003067961661145091,0.11504855751991272,-1.4787575006484985,-0.13805827498435974,-0.004601942375302315,0.004601942375302315,-1.2225826978683472,-0.8881748914718628,0.0951068103313446
60,-0.0,0.0,0.0,0.0,0.0,0.32836389541625977,0.09800619632005692,-0.003067961661145091,0.11044661700725555,-1.477223515510559,-0.14112623035907745,0.004601942375302315,-0.003067961661145091,-0.003067961661145091,0.11504855751991272,-1.4787575006484985,-0.13805827498435974,-0.004601942375302315,0.004601942375302315,-1.2241166830062866,-0.8866409063339233,0.0951068103313446
61,-0.0,0.0,0.0,0.0,0.0,0.33074432611465454,0.09800619632005692,-0.003067961661145091,0.11044661700725555,-1.477223515510559,-0.14112623035907745,0.004601942375302315,-0.003067961661145091,-0.0015339808305725455,0.11504855751991272,-1.4787575006484985,-0.13805827498435974,-0.004601942375302315,0.004601942375302315,-1.228718638420105,-0.8866409063339233,0.09970875084400177
62,-0.0,0.0,0.0,0.0,0.0,0.33077484369277954,0.09800619632005692,-0.003067961661145091,0.11044661700725555,-1.477223515510559,-0.14112623035907745,0.004601942375302315,-0.003067961661145091,-0.003067961661145091,0.11504855751991272,-1.4787575006484985,-0.13805827498435974,-0.004601942375302315,0.004601942375302315,-1.2302526235580444,-0.8851069211959839,0.09817477315664291
63,-0.0,0.0,0.0,0.0,0.0,0.3311716318130493,0.09800619632005692,-0.003067961661145091,0.11044661700725555,-1.477223515510559,-0.14112623035907745,0.004601942375302315,-0.003067961661145091,-0.003067961661145091,0.11504855751991272,-1.4787575006484985,-0.13805827498435974,-0.004601942375302315,0.004601942375302315,-1.2317866086959839,-0.8789709806442261,0.0951068103313446
64,-0.0,0.0,0.0,0.0,0.0,0.3314768075942993,0.09800619632005692,-0.003067961661145091,0.11044661700725555,-1.477223515510559,-0.14112623035907745,0.004601942375302315,-0.003067961661145091,-0.003067961661145091,0.11504855751991272,-1.4787575006484985,-0.13805827498435974,-0.004601942375302315,0.004601942375302315,-1.2317866086959839,-0.8759030103683472,0.10277671366930008
65,-0.0,0.0,0.0,0.0,0.0,0.3336130976676941,0.09800619632005692,-0.003067961661145091,0.11044661700725555,-1.477223515510559,-0.14112623035907745,0.004601942375302315,-0.003067961661145091,-0.003067961661145091,0.11504855751991272,-1.4787575006484985,-0.13805827498435974,-0.004601942375302315,0.004601942375302315,-1.2317866086959839,-0.8759030103683472,0.10431069135665894
66,-0.0,0.0,0.0,0.0,0.0,0.34644609689712524,0.09800619632005692,-0.003067961661145091,0.11044661700725555,-1.477223515510559,-0.14112623035907745,0.004601942375302315,-0.003067961661145091,-0.003067961661145091,0.11504855751991272,-1.4787575006484985,-0.13805827498435974,-0.004601942375302315,0.004601942375302315,-1.2317866086959839,-0.8759030103683472,0.10277671366930008
67,-0.0,0.0,0.0,0.0,0.0,0.3802301287651062,0.09800619632005692,-0.003067961661145091,0.11044661700725555,-1.477223515510559,-0.14112623035907745,0.004601942375302315,-0.003067961661145091,-0.003067961661145091,0.11504855751991272,-1.4787575006484985,-0.13805827498435974,-0.004601942375302315,0.004601942375302315,-1.2317866086959839,-0.8759030103683472,0.10431069135665894
68,-0.0,0.0,0.0,0.0,0.0,0.4306313991546631,0.09800619632005692,-0.003067961661145091,0.11044661700725555,-1.477223515510559,-0.14112623035907745,0.004601942375302315,-0.003067961661145091,-0.003067961661145091,0.11504855751991272,-1.4787575006484985,-0.13805827498435974,-0.004601942375302315,0.004601942375302315,-1.228718638420105,-0.8728350400924683,0.10584467649459839
69,-0.0,0.0,0.0,0.0,0.0,0.4375896453857422,0.09800619632005692,-0.003067961661145091,0.11044661700725555,-1.477223515510559,-0.14112623035907745,0.004601942375302315,-0.003067961661145091,-0.003067961661145091,0.11504855751991272,-1.4787575006484985,-0.13805827498435974,-0.004601942375302315,0.004601942375302315,-1.228718638420105,-0.8666991591453552,0.10584467649459839
70,-0.0,0.0,0.0,0.0,0.0,0.4742423892021179,0.09800619632005692,-0.003067961661145091,0.11044661700725555,-1.477223515510559,-0.14112623035907745,0.004601942375302315,-0.003067961661145091,-0.003067961661145091,0.11504855751991272,-1.4787575006484985,-0.13805827498435974,-0.004601942375302315,0.004601942375302315,-1.225650668144226,-0.8666991591453552,0.10584467649459839
71,-0.0,0.0,0.0,0.0,0.0,0.4756004810333252,0.09800619632005692,-0.003067961661145091,0.11044661700725555,-1.477223515510559,-0.14112623035907745,0.004601942375302315,-0.003067961661145091,-0.003067961661145091,0.11504855751991272,-1.4787575006484985,-0.13805827498435974,-0.004601942375302315,0.004601942375302315,-1.2225826978683472,-0.8666991591453552,0.10584467649459839
72,-0.0,0.0,0.0,0.0,0.0,0.4757988452911377,0.09800619632005692,-0.003067961661145091,0.11044661700725555,-1.477223515510559,-0.14112623035907745,0.004601942375302315,-0.003067961661145091,-0.003067961661145091,0.11504855751991272,-1.4787575006484985,-0.13805827498435974,-0.004601942375302315,0.004601942375302315,-1.2210487127304077,-0.8682331442832947,0.10584467649459839
73,-0.0,0.0,0.0,0.0,0.0,0.4762871265411377,0.09800619632005692,-0.003067961661145091,0.11044661700725555,-1.477223515510559,-0.14112623035907745,0.004601942375302315,-0.003067961661145091,-0.003067961661145091,0.11504855751991272,-1.4787575006484985,-0.13805827498435974,-0.004601942375302315,0.004601942375302315,-1.2195147275924683,-0.8682331442832947,0.10584467649459839
74,-0.0,0.0,0.0,0.0,0.0,0.4762871265411377,0.09800619632005692,-0.003067961661145091,0.11044661700725555,-1.477223515510559,-0.14112623035907745,0.004601942375302315,-0.003067961661145091,-0.003067961661145091,0.11504855751991272,-1.4787575006484985,-0.13805827498435974,-0.004601942375302315,0.004601942375302315,-1.2195147275924683,-0.8682331442832947,0.10584467649459839
75,-0.0,0.0,0.0,0.0,0.0,0.4762871265411377,0.09800619632005692,-0.003067961661145091,0.11044661700725555,-1.477223515510559,-0.14112623035907745,0.004601942375302315,-0.003067961661145091,-0.003067961661145091,0.11504855751991272,-1.4787575006484985,-0.13805827498435974,-0.004601942375302315,0.004601942375302315,-1.2195147275924683,-0.8682331442832947,0.10584467649459839
76,-0.0,0.0,0.0,0.0,0.0,0.4762871265411377,0.09800619632005692,-0.003067961661145091,0.11044661700725555,-1.477223515510559,-0.14112623035907745,0.004601942375302315,-0.003067961661145091,-0.003067961661145091,0.11504855751991272,-1.4787575006484985,-0.13805827498435974,-0.004601942375302315,0.004601942375302315,-1.2133787870407104,-0.8682331442832947,0.10277671366930008
77,-0.0,0.0,0.0,0.0,0.0,0.4762871265411377,0.09800619632005692,-0.003067961661145091,0.11044661700725555,-1.477223515510559,-0.14112623035907745,0.004601942375302315,-0.003067961661145091,0.0,0.11504855751991272,-1.4787575006484985,-0.13805827498435974,-0.004601942375302315,0.004601942375302315,-1.2041748762130737,-0.8666991591453552,0.10124272853136063
78,-0.0,0.0,0.0,0.0,0.0,0.4762871265411377,0.09800619632005692,-0.003067961661145091,0.11044661700725555,-1.477223515510559,-0.14112623035907745,0.004601942375302315,-0.003067961661145091,-0.003067961661145091,0.11504855751991272,-1.4787575006484985,-0.13805827498435974,-0.004601942375302315,0.004601942375302315,-1.1995729207992554,-0.8666991591453552,0.09664078801870346
79,-0.0,0.0,0.0,0.0,0.0,0.4762871265411377,0.09800619632005692,-0.003067961661145091,0.11198059469461441,-1.477223515510559,-0.14112623035907745,0.004601942375302315,-0.003067961661145091,-0.003067961661145091,0.11504855751991272,-1.4787575006484985,-0.13805827498435974,-0.004601942375302315,0.004601942375302315,-1.1919031143188477,-0.8666991591453552,0.09817477315664291
80,-0.0,0.0,0.0,0.0,0.0,0.4762871265411377,0.09800619632005692,-0.003067961661145091,0.11198059469461441,-1.477223515510559,-0.14112623035907745,0.004601942375302315,-0.003067961661145091,-0.0015339808305725455,0.11504855751991272,-1.4787575006484985,-0.13805827498435974,-0.004601942375302315,0.004601942375302315,-1.1750292778015137,-0.8666991591453552,0.09664078801870346
81,-0.0,0.0,0.0,0.0,0.0,0.4762871265411377,0.09800619632005692,-0.003067961661145091,0.11198059469461441,-1.477223515510559,-0.14112623035907745,0.004601942375302315,-0.003067961661145091,-0.003067961661145091,0.11504855751991272,-1.4787575006484985,-0.13805827498435974,-0.004601942375302315,0.004601942375302315,-1.165825366973877,-0.8651651740074158,0.0920388475060463
82,-0.0,0.0,0.0,0.0,0.0,0.4762871265411377,0.09800619632005692,-0.003067961661145091,0.11198059469461441,-1.477223515510559,-0.14112623035907745,0.004601942375302315,-0.003067961661145091,0.0,0.11504855751991272,-1.4787575006484985,-0.13805827498435974,-0.004601942375302315,0.004601942375302315,-1.1428157091140747,-0.859029233455658,0.0920388475060463
83,-0.0,0.0,0.0,0.0,0.0,0.4762871265411377,0.09800619632005692,-0.003067961661145091,0.11198059469461441,-1.477223515510559,-0.14112623035907745,0.004601942375302315,-0.003067961661145091,-0.003067961661145091,0.11504855751991272,-1.4787575006484985,-0.13805827498435974,-0.004601942375302315,0.004601942375302315,-1.1152039766311646,-0.8544272780418396,0.08283495903015137
84,-0.0,0.0,0.0,0.0,0.0,0.4762871265411377,0.09800619632005692,-0.003067961661145091,0.11198059469461441,-1.477223515510559,-0.14112623035907745,0.004601942375302315,-0.003067961661145091,0.0,0.11504855751991272,-1.477223515510559,-0.13805827498435974,-0.004601942375302315,0.004601942375302315,-1.0921943187713623,-0.8528932929039001,0.07363107800483704
85,-0.0,0.0,0.0,0.0,0.0,0.4762871265411377,0.09800619632005692,-0.003067961661145091,0.11198059469461441,-1.477223515510559,-0.14112623035907745,0.004601942375302315,-0.003067961661145091,-0.003067961661145091,0.11504855751991272,-1.4787575006484985,-0.13805827498435974,-0.004601942375302315,0.004601942375302315,-1.06918466091156,-0.849825382232666,0.07056311517953873
86,-0.0,0.0,0.0,0.0,0.0,0.4762871265411377,0.09800619632005692,-0.003067961661145091,0.11044661700725555,-1.477223515510559,-0.14112623035907745,0.004601942375302315,-0.003067961661145091,-0.0015339808305725455,0.11504855751991272,-1.4787575006484985,-0.13805827498435974,-0.004601942375302315,0.004601942375302315,-1.0446408987045288,-0.849825382232666,0.05982524901628494
87,-0.0,0.0,0.0,0.0,0.0,0.47215187549591064,0.09800619632005692,-0.003067961661145091,0.11198059469461441,-1.477223515510559,-0.14112623035907745,0.004601942375302315,-0.003067961661145091,0.0,0.11504855751991272,-1.480291485786438,-0.13805827498435974,-0.004601942375302315,0.004601942375302315,-1.0246992111206055,-0.849825382232666,0.05982524901628494
88,-0.0,0.0,0.0,0.0,0.0,0.4614856243133545,0.09800619632005692,-0.003067961661145091,0.11198059469461441,-1.477223515510559,-0.14112623035907745,0.004601942375302315,-0.003067961661145091,-0.003067961661145091,0.11504855751991272,-1.4787575006484985,-0.13805827498435974,-0.004601942375302315,0.004601942375302315,-0.9986214637756348,-0.849825382232666,0.05522330850362778
89,-0.0,0.0,0.0,0.0,0.0,0.4594103693962097,0.09800619632005692,-0.003067961661145091,0.11198059469461441,-1.477223515510559,-0.14112623035907745,0.004601942375302315,-0.003067961661145091,-0.0015339808305725455,0.11504855751991272,-1.4787575006484985,-0.13805827498435974,-0.004601942375302315,0.004601942375302315,-0.9710098505020142,-0.849825382232666,0.03988350182771683
90,-0.0,0.0,0.0,0.0,0.0,0.4539017677307129,0.09800619632005692,-0.003067961661145091,0.11044661700725555,-1.477223515510559,-0.14112623035907745,0.004601942375302315,-0.003067961661145091,-0.003067961661145091,0.11504855751991272,-1.4787575006484985,-0.13805827498435974,-0.004601942375302315,0.004601942375302315,-0.9464661478996277,-0.849825382232666,0.03681553900241852
91,-0.0,0.0,0.0,0.0,0.0,0.4426557421684265,0.09800619632005692,-0.003067961661145091,0.11198059469461441,-1.477223515510559,-0.14112623035907745,0.004601942375302315,-0.003067961661145091,-0.003067961661145091,0.11504855751991272,-1.4787575006484985,-0.13805827498435974,-0.004601942375302315,0.004601942375302315,-0.9219224452972412,-0.849825382232666,0.029145635664463043
92,-0.0,0.0,0.0,0.0,0.0,0.4426557421684265,0.09800619632005692,-0.003067961661145091,0.11198059469461441,-1.477223515510559,-0.14112623035907745,0.004601942375302315,-0.003067961661145091,-0.004601942375302315,0.11504855751991272,-1.480291485786438,-0.13805827498435974,-0.004601942375302315,0.004601942375302315,-0.905048668384552,-0.849825382232666,0.019941750913858414
93,-0.0,0.0,0.0,0.0,0.0,0.43893247842788696,0.09800619632005692,-0.003067961661145091,0.11198059469461441,-1.477223515510559,-0.14112623035907745,0.004601942375302315,-0.003067961661145091,0.0,0.11504855751991272,-1.480291485786438,-0.13805827498435974,-0.004601942375302315,0.004601942375302315,-0.8805049657821655,-0.8513593077659607,0.02147573046386242
94,-0.0,0.0,0.0,0.0,0.0,0.4282051920890808,0.09800619632005692,-0.003067961661145091,0.11198059469461441,-1.477223515510559,-0.14112623035907745,0.004601942375302315,-0.003067961661145091,0.0,0.11504855751991272,-1.4787575006484985,-0.13805827498435974,-0.004601942375302315,0.004601942375302315,-0.855961263179779,-0.8605632185935974,0.02147573046386242
95,-0.0,0.0,0.0,0.0,0.0,0.40765100717544556,0.09800619632005692,-0.003067961661145091,0.11198059469461441,-1.477223515510559,-0.14112623035907745,0.004601942375302315,-0.003067961661145091,-0.003067961661145091,0.11504855751991272,-1.4787575006484985,-0.13805827498435974,-0.004601942375302315,0.004601942375302315,-0.8084079027175903,-0.8697671294212341,0.01840776950120926
96,-0.0,0.0,0.0,0.0,0.0,0.3753623962402344,0.09800619632005692,-0.003067961661145091,0.11044661700725555,-1.477223515510559,-0.14112623035907745,0.004601942375302315,-0.003067961661145091,-0.004601942375302315,0.11504855751991272,-1.4787575006484985,-0.13805827498435974,-0.004601942375302315,0.004601942375302315,-0.7746602892875671,-0.8774369955062866,0.004601942375302315
97,-0.0,0.0,0.0,0.0,0.0,0.36965543031692505,0.09800619632005692,-0.003067961661145091,0.11198059469461441,-1.477223515510559,-0.14112623035907745,0.004601942375302315,-0.003067961661145091,0.003067961661145091,0.11504855751991272,-1.4787575006484985,-0.13805827498435974,-0.004601942375302315,0.004601942375302315,-0.7194370031356812,-0.882038950920105,-0.0
98,-0.0,0.0,0.0,0.0,0.0,0.3583788275718689,0.09800619632005692,-0.003067961661145091,0.11198059469461441,-1.477223515510559,-0.14112623035907745,0.004601942375302315,-0.003067961661145091,-0.004601942375302315,0.11504855751991272,-1.4818254709243774,-0.13805827498435974,-0.004601942375302315,0.004601942375302315,-0.6703495979309082,-0.882038950920105,-0.01073786523193121
99,-0.0,0.0,0.0,0.0,0.0,0.3583788275718689,0.09800619632005692,-0.0015339808305725455,0.11198059469461441,-1.477223515510559,-0.14112623035907745,0.004601942375302315,-0.003067961661145091,0.004601942375302315,0.11504855751991272,-1.4787575006484985,-0.13805827498435974,-0.004601942375302315,0.004601942375302315,-0.6227961778640747,-0.8835729360580444,-0.029145635664463043
100,-0.0,0.0,0.0,0.0,0.0,0.3081601858139038,0.09800619632005692,-0.0015339808305725455,0.11044661700725555,-1.4756895303726196,-0.14112623035907745,0.004601942375302315,-0.003067961661145091,-0.0015339808305725455,0.11504855751991272,-1.477223515510559,-0.13805827498435974,-0.004601942375302315,0.004601942375302315,-0.5844466686248779,-0.8835729360580444,-0.032213594764471054
101,-0.0,0.0,0.0,0.0,0.0,0.2697683572769165,0.09800619632005692,-0.003067961661145091,0.11198059469461441,-1.4756895303726196,-0.14112623035907745,0.004601942375302315,-0.003067961661145091,-0.004601942375302315,0.11504855751991272,-1.4787575006484985,-0.13805827498435974,-0.004601942375302315,0.004601942375302315,-0.5276893973350525,-0.8866409063339233,-0.05062136426568031
102,-0.0,0.0,0.0,0.0,0.0,0.2612842321395874,0.09800619632005692,-0.003067961661145091,0.11044661700725555,-1.477223515510559,-0.14112623035907745,0.004601942375302315,-0.003067961661145091,-0.003067961661145091,0.11504855751991272,-1.477223515510559,-0.13805827498435974,-0.004601942375302315,0.004601942375302315,-0.4832039475440979,-0.8866409063339233,-0.05982524901628494
103,-0.0,0.0,0.0,0.0,0.0,0.24216437339782715,0.09800619632005692,-0.003067961661145091,0.11044661700725555,-1.477223515510559,-0.14112623035907745,0.004601942375302315,-0.003067961661145091,-0.0015339808305725455,0.11504855751991272,-1.4787575006484985,-0.13805827498435974,-0.004601942375302315,0.004601942375302315,-0.44025248289108276,-0.8851069211959839,-0.07209710031747818
104,-0.0,0.0,0.0,0.0,0.0,0.230307936668396,0.09800619632005692,-0.003067961661145091,0.11198059469461441,-1.477223515510559,-0.14112623035907745,0.004601942375302315,-0.003067961661145091,-0.004601942375302315,0.11504855751991272,-1.480291485786438,-0.13805827498435974,-0.004601942375302315,0.004601942375302315,-0.3880971372127533,-0.8774369955062866,-0.08283495903015137
105,-0.0,0.0,0.0,0.0,0.0,0.17761772871017456,0.09800619632005692,-0.003067961661145091,0.1089126393198967,-1.477223515510559,-0.14112623035907745,0.004601942375302315,-0.003067961661145091,0.0015339808305725455,0.11504855751991272,-1.477223515510559,-0.13805827498435974,-0.004601942375302315,0.004601942375302315,-0.3635534346103668,-0.8759030103683472,-0.0920388475060463
106,-0.0,0.0,0.0,0.0,0.0,0.17587816715240479,0.09800619632005692,-0.003067961661145091,0.11198059469461441,-1.477223515510559,-0.14112623035907745,0.004601942375302315,-0.003067961661145091,-0.004601942375302315,0.11504855751991272,-1.4787575006484985,-0.13805827498435974,-0.004601942375302315,0.004601942375302315,-0.3206019699573517,-0.8682331442832947,-0.09357282519340515
107,-0.0,0.0,0.0,0.0,0.0,0.13746309280395508,0.09800619632005692,-0.003067961661145091,0.11044661700725555,-1.477223515510559,-0.14112623035907745,0.004601942375302315,-0.003067961661145091,-0.004601942375302315,0.11504855751991272,-1.4787575006484985,-0.13805827498435974,-0.004601942375302315,0.004601942375302315,-0.29145634174346924,-0.8651651740074158,-0.09817477315664291
108,-0.0,0.0,0.0,0.0,0.0,0.0,0.09800619632005692,-0.003067961661145091,0.11198059469461441,-1.477223515510559,-0.14112623035907745,0.004601942375302315,-0.003067961661145091,-0.004601942375302315,0.11504855751991272,-1.4787575006484985,-0.13805827498435974,-0.004601942375302315,0.004601942375302315,-0.26077672839164734,-0.8574952483177185,-0.10277671366930008
109,-0.0,0.0,0.0,0.0,0.0,0.0,0.09800619632005692,-0.003067961661145091,0.11044661700725555,-1.477223515510559,-0.14112623035907745,0.004601942375302315,-0.003067961661145091,-0.004601942375302315,0.11504855751991272,-1.4787575006484985,-0.13805827498435974,-0.004601942375302315,0.004601942375302315,-0.22549517452716827,-0.849825382232666,-0.10277671366930008
110,-0.0,0.0,0.0,0.0,0.0,0.0,0.09800619632005692,-0.003067961661145091,0.11198059469461441,-1.477223515510559,-0.14112623035907745,0.004601942375302315,-0.003067961661145091,-0.0015339808305725455,0.11504855751991272,-1.4787575006484985,-0.13805827498435974,-0.004601942375302315,0.004601942375302315,-0.20248545706272125,-0.8467574119567871,-0.10277671366930008
111,-0.0,0.0,0.0,0.0,0.0,0.0,0.09800619632005692,-0.003067961661145091,0.11198059469461441,-1.477223515510559,-0.14112623035907745,0.004601942375302315,-0.003067961661145091,-0.0015339808305725455,0.11504855751991272,-1.4787575006484985,-0.13805827498435974,-0.004601942375302315,0.004601942375302315,-0.18254370987415314,-0.8406214714050293,-0.09664078801870346
112,-0.0,0.0,0.0,0.0,0.0,0.0,0.09800619632005692,-0.003067961661145091,0.11198059469461441,-1.477223515510559,-0.14112623035907745,0.004601942375302315,-0.003067961661145091,-0.003067961661145091,0.11504855751991272,-1.4787575006484985,-0.13805827498435974,-0.004601942375302315,0.004601942375302315,-0.1564660370349884,-0.8375535011291504,-0.09357282519340515
113,-0.0,0.0,0.0,0.0,0.0,0.0,0.09800619632005692,-0.003067961661145091,0.11044661700725555,-1.477223515510559,-0.14112623035907745,0.004601942375302315,-0.003067961661145091,-0.004601942375302315,0.11504855751991272,-1.4787575006484985,-0.13805827498435974,-0.004601942375302315,0.004601942375302315,-0.13499030470848083,-0.8344855308532715,-0.09357282519340515
114,-0.0,0.0,0.0,0.0,0.0,0.0,0.09800619632005692,-0.003067961661145091,0.11198059469461441,-1.477223515510559,-0.14112623035907745,0.004601942375302315,-0.003067961661145091,-0.003067961661145091,0.11504855751991272,-1.4787575006484985,-0.13805827498435974,-0.004601942375302315,0.004601942375302315,-0.11198059469461441,-0.8314175605773926,-0.09357282519340515
115,-0.0,0.0,0.0,0.0,0.0,0.0,0.09800619632005692,-0.003067961661145091,0.11198059469461441,-1.477223515510559,-0.14112623035907745,0.004601942375302315,-0.003067961661145091,-0.004601942375302315,0.11504855751991272,-1.4787575006484985,-0.13805827498435974,-0.004601942375302315,0.004601942375302315,-0.08897088468074799,-0.8314175605773926,-0.09357282519340515
116,-0.0,0.0,0.0,0.0,0.0,0.0,0.09800619632005692,-0.003067961661145091,0.11198059469461441,-1.477223515510559,-0.14112623035907745,0.004601942375302315,-0.003067961661145091,-0.004601942375302315,0.11504855751991272,-1.4787575006484985,-0.13805827498435974,-0.004601942375302315,0.004601942375302315,-0.06596117466688156,-0.8375535011291504,-0.08436894416809082
117,-0.0,0.0,0.0,0.0,0.0,0.0,0.09800619632005692,-0.003067961661145091,0.11198059469461441,-1.477223515510559,-0.14112623035907745,0.004601942375302315,-0.003067961661145091,-0.004601942375302315,0.11504855751991272,-1.4787575006484985,-0.13805827498435974,-0.004601942375302315,0.004601942375302315,-0.041417479515075684,-0.8513593077659607,-0.08283495903015137
118,-0.0,0.0,0.0,0.0,0.0,0.0,0.09800619632005692,-0.003067961661145091,0.11198059469461441,-1.477223515510559,-0.14112623035907745,0.004601942375302315,-0.003067961661145091,-0.004601942375302315,0.11504855751991272,-1.4787575006484985,-0.13805827498435974,-0.004601942375302315,0.004601942375302315,-0.02147573046386242,-0.8851069211959839,-0.08283495903015137
119,-0.0,0.0,0.0,0.0,0.0,0.0,0.09800619632005692,-0.003067961661145091,0.11198059469461441,-1.477223515510559,-0.14112623035907745,0.004601942375302315,-0.003067961661145091,-0.003067961661145091,0.11504855751991272,-1.4787575006484985,-0.13805827498435974,-0.004601942375302315,0.004601942375302315,-0.019941750913858414,-0.9173204898834229,-0.0782330185174942
120,-0.0,0.0,0.0,0.0,0.0,0.0,0.09800619632005692,-0.003067961661145091,0.11198059469461441,-1.477223515510559,-0.14112623035907745,0.004601942375302315,-0.003067961661145091,-0.003067961661145091,0.11504855751991272,-1.4787575006484985,-0.13805827498435974,-0.004601942375302315,0.004601942375302315,-0.019941750913858414,-0.937262237071991,-0.07516505569219589
121,-0.0,0.0,0.0,0.0,0.0,0.0,0.09800619632005692,-0.003067961661145091,0.11198059469461441,-1.477223515510559,-0.14112623035907745,0.004601942375302315,-0.003067961661145091,-0.004601942375302315,0.11504855751991272,-1.4787575006484985,-0.13805827498435974,-0.004601942375302315,0.004601942375302315,-0.03988350182771683,-0.960271954536438,-0.07363107800483704
122,-0.0,0.0,0.0,0.0,0.0,0.0,0.09800619632005692,-0.003067961661145091,0.11198059469461441,-1.477223515510559,-0.14112623035907745,0.004601942375302315,-0.003067961661145091,-0.004601942375302315,0.11504855751991272,-1.4787575006484985,-0.13805827498435974,-0.004601942375302315,0.004601942375302315,-0.05982524901628494,-0.9633399248123169,-0.06442718952894211
123,-0.0,0.0,0.0,0.0,0.0,0.0,0.09800619632005692,-0.003067961661145091,0.11198059469461441,-1.477223515510559,-0.14112623035907745,0.004601942375302315,-0.003067961661145091,-0.004601942375302315,0.11504855751991272,-1.4787575006484985,-0.13805827498435974,-0.004601942375302315,0.004601942375302315,-0.08590292185544968,-0.9633399248123169,-0.0613592304289341
124,-0.0,0.0,0.0,0.0,0.0,0.0,0.09800619632005692,-0.003067961661145091,0.11198059469461441,-1.477223515510559,-0.14112623035907745,0.004601942375302315,-0.003067961661145091,-0.004601942375302315,0.11504855751991272,-1.4787575006484985,-0.13805827498435974,-0.004601942375302315,0.004601942375302315,-0.11658254265785217,-0.9633399248123169,-0.05368932709097862
125,-0.0,0.0,0.0,0.0,0.0,0.0,0.09800619632005692,-0.003067961661145091,0.11198059469461441,-1.477223515510559,-0.14112623035907745,0.004601942375302315,-0.003067961661145091,-0.004601942375302315,0.11504855751991272,-1.4787575006484985,-0.13805827498435974,-0.004601942375302315,0.004601942375302315,-0.13805827498435974,-0.9633399248123169,-0.05215534567832947
126,-0.0,0.0,0.0,0.0,0.0,0.0,0.09800619632005692,-0.003067961661145091,0.11198059469461441,-1.477223515510559,-0.14112623035907745,0.004601942375302315,-0.003067961661145091,-0.004601942375302315,0.11504855751991272,-1.4787575006484985,-0.13805827498435974,-0.004601942375302315,0.004601942375302315,-0.15493206679821014,-0.9572039842605591,-0.04908738657832146
127,-0.0,0.0,0.0,0.0,0.0,0.0,0.09800619632005692,-0.003067961661145091,0.11198059469461441,-1.477223515510559,-0.14112623035907745,0.004601942375302315,-0.003067961661145091,-0.004601942375302315,0.11504855751991272,-1.4787575006484985,-0.13805827498435974,-0.004601942375302315,0.004601942375302315,-0.17640778422355652,-0.954136073589325,-0.04908738657832146
128,-0.0,0.0,0.0,0.0,0.0,0.0,0.09800619632005692,-0.003067961661145091,0.11198059469461441,-1.477223515510559,-0.14112623035907745,0.004601942375302315,-0.003067961661145091,-0.004601942375302315,0.11504855751991272,-1.4787575006484985,-0.13805827498435974,-0.004601942375302315,0.004601942375302315,-0.19174760580062866,-0.954136073589325,-0.04908738657832146
129,-0.0,0.0,0.0,0.0,0.0,0.0,0.09800619632005692,-0.003067961661145091,0.11198059469461441,-1.477223515510559,-0.14112623035907745,0.004601942375302315,-0.003067961661145091,-0.004601942375302315,0.11504855751991272,-1.4787575006484985,-0.13805827498435974,-0.004601942375302315,0.004601942375302315,-0.19634954631328583,-0.951068103313446,-0.04908738657832146
130,-0.0,0.0,0.0,0.0,0.0,0.0,0.09800619632005692,-0.003067961661145091,0.11198059469461441,-1.477223515510559,-0.14112623035907745,0.004601942375302315,-0.003067961661145091,-0.004601942375302315,0.11504855751991272,-1.4787575006484985,-0.13805827498435974,-0.004601942375302315,0.004601942375302315,-0.19634954631328583,-0.9480001330375671,-0.04908738657832146
131,-0.0,0.0,0.0,0.0,0.0,0.0,0.09800619632005692,-0.003067961661145091,0.11198059469461441,-1.477223515510559,-0.14112623035907745,0.004601942375302315,-0.003067961661145091,-0.004601942375302315,0.11504855751991272,-1.4787575006484985,-0.13805827498435974,-0.004601942375302315,0.004601942375302315,-0.19328157603740692,-0.9418641924858093,-0.04908738657832146
132,-0.0,0.0,0.0,0.0,0.0,0.0,0.09800619632005692,-0.003067961661145091,0.11198059469461441,-1.477223515510559,-0.14112623035907745,0.004601942375302315,-0.003067961661145091,-0.004601942375302315,0.11504855751991272,-1.4787575006484985,-0.13805827498435974,-0.004601942375302315,0.004601942375302315,-0.17487381398677826,-0.9249904155731201,-0.05522330850362778
133,-0.0,0.0,0.0,0.0,0.0,0.0,0.09800619632005692,-0.003067961661145091,0.11198059469461441,-1.477223515510559,-0.14112623035907745,0.004601942375302315,-0.003067961661145091,-0.004601942375302315,0.11504855751991272,-1.4787575006484985,-0.13805827498435974,-0.004601942375302315,0.004601942375302315,-0.16106797754764557,-0.9081166386604309,-0.0613592304289341
134,-0.0,0.0,0.0,0.0,0.0,0.0,0.09800619632005692,-0.003067961661145091,0.11198059469461441,-1.477223515510559,-0.14112623035907745,0.004601942375302315,-0.003067961661145091,-0.004601942375302315,0.11504855751991272,-1.4787575006484985,-0.13805827498435974,-0.004601942375302315,0.004601942375302315,-0.14879614114761353,-0.8989127278327942,-0.0613592304289341
135,-0.0,0.0,0.0,0.0,0.0,0.0,0.09800619632005692,-0.003067961661145091,0.11198059469461441,-1.477223515510559,-0.14112623035907745,0.004601942375302315,-0.003067961661145091,-0.004601942375302315,0.11504855751991272,-1.4787575006484985,-0.13805827498435974,-0.004601942375302315,0.004601942375302315,-0.1426602154970169,-0.8927768468856812,-0.05675728991627693
136,-0.0,0.0,0.0,0.0,0.0,0.0,0.09800619632005692,-0.003067961661145091,0.11198059469461441,-1.477223515510559,-0.14112623035907745,0.004601942375302315,-0.003067961661145091,-0.004601942375302315,0.11504855751991272,-1.4787575006484985,-0.13805827498435974,-0.004601942375302315,0.004601942375302315,-0.139592245221138,-0.8835729360580444,-0.05215534567832947
137,-0.0,0.0,0.0,0.0,0.0,0.0,0.09800619632005692,-0.003067961661145091,0.11198059469461441,-1.477223515510559,-0.14112623035907745,0.004601942375302315,-0.003067961661145091,-0.004601942375302315,0.11504855751991272,-1.4787575006484985,-0.13805827498435974,-0.004601942375302315,0.004601942375302315,-0.139592245221138,-0.8805049657821655,-0.05215534567832947
138,-0.0,0.0,0.0,0.0,0.0,0.0,0.09800619632005692,-0.003067961661145091,0.11198059469461441,-1.477223515510559,-0.14112623035907745,0.004601942375302315,-0.003067961661145091,-0.004601942375302315,0.11504855751991272,-1.4787575006484985,-0.13805827498435974,-0.004601942375302315,0.004601942375302315,-0.139592245221138,-0.8805049657821655,-0.05215534567832947
139,0.01946890726685524,0.0,0.0,0.0,0.0,0.0,0.09800619632005692,-0.003067961661145091,0.11198059469461441,-1.477223515510559,-0.14112623035907745,0.004601942375302315,-0.003067961661145091,-0.004601942375302315,0.11504855751991272,-1.4787575006484985,-0.13805827498435974,-0.004601942375302315,0.004601942375302315,-0.139592245221138,-0.8805049657821655,-0.05215534567832947
140,0.09033097326755524,0.0,0.0,0.0,0.0,0.0,0.09800619632005692,-0.003067961661145091,0.11198059469461441,-1.477223515510559,-0.14112623035907745,0.004601942375302315,-0.003067961661145091,-0.004601942375302315,0.11504855751991272,-1.4787575006484985,-0.13805827498435974,-0.004601942375302315,0.004601942375302315,-0.1426602154970169,-0.8805049657821655,-0.04601942375302315
141,0.12318338453769684,0.0,0.0,0.0,0.0,0.0,0.09800619632005692,-0.003067961661145091,0.11198059469461441,-1.477223515510559,-0.14112623035907745,0.004601942375302315,-0.003067961661145091,-0.004601942375302315,0.11504855751991272,-1.4787575006484985,-0.13805827498435974,-0.004601942375302315,0.004601942375302315,-0.15033011138439178,-0.8805049657821655,-0.04601942375302315
142,0.12442396581172943,0.0,0.0,0.0,0.0,0.0,0.09800619632005692,-0.003067961661145091,0.11198059469461441,-1.477223515510559,-0.14112623035907745,0.004601942375302315,-0.003067961661145091,-0.004601942375302315,0.11504855751991272,-1.4787575006484985,-0.13805827498435974,-0.004601942375302315,0.004601942375302315,-0.15033011138439178,-0.8805049657821655,-0.04601942375302315
143,0.12502364814281464,0.0,0.0,0.0,0.0,0.0,0.09800619632005692,-0.003067961661145091,0.11198059469461441,-1.477223515510559,-0.14112623035907745,0.004601942375302315,-0.003067961661145091,-0.003067961661145091,0.11504855751991272,-1.4787575006484985,-0.13805827498435974,-0.004601942375302315,0.004601942375302315,-0.15800002217292786,-0.8805049657821655,-0.04601942375302315
144,0.1252342313528061,0.0,0.0,0.0,0.0,0.0,0.09800619632005692,-0.003067961661145091,0.11198059469461441,-1.477223515510559,-0.14112623035907745,0.004601942375302315,-0.003067961661145091,-0.0015339808305725455,0.11504855751991272,-1.4787575006484985,-0.13805827498435974,-0.004601942375302315,0.004601942375302315,-0.16260196268558502,-0.8805049657821655,-0.04601942375302315
145,0.1253349483013153,0.0,0.0,0.0,0.0,0.0,0.09800619632005692,-0.003067961661145091,0.11198059469461441,-1.477223515510559,-0.14112623035907745,0.004601942375302315,-0.003067961661145091,-0.003067961661145091,0.11504855751991272,-1.4787575006484985,-0.13805827498435974,-0.004601942375302315,0.004601942375302315,-0.16260196268558502,-0.8805049657821655,-0.04601942375302315
146,0.1253349483013153,0.0,0.0,0.0,0.0,0.0,0.09800619632005692,-0.003067961661145091,0.11198059469461441,-1.477223515510559,-0.14112623035907745,0.004601942375302315,-0.003067961661145091,-0.004601942375302315,0.11504855751991272,-1.4787575006484985,-0.13805827498435974,-0.004601942375302315,0.004601942375302315,-0.16260196268558502,-0.8805049657821655,-0.04601942375302315
147,0.1253349483013153,0.0,0.0,0.0,0.0,0.0,0.09800619632005692,-0.003067961661145091,0.11198059469461441,-1.477223515510559,-0.14112623035907745,0.004601942375302315,-0.003067961661145091,-0.0015339808305725455,0.11504855751991272,-1.4787575006484985,-0.13805827498435974,-0.004601942375302315,0.004601942375302315,-0.16260196268558502,-0.8805049657821655,-0.04601942375302315
148,0.1253349483013153,0.0,0.0,0.0,0.0,0.0,0.09800619632005692,-0.003067961661145091,0.11198059469461441,-1.477223515510559,-0.14112623035907745,0.004601942375302315,-0.003067961661145091,-0.004601942375302315,0.11504855751991272,-1.4787575006484985,-0.13805827498435974,-0.004601942375302315,0.004601942375302315,-0.16260196268558502,-0.8805049657821655,-0.04601942375302315
149,0.1253349483013153,0.0,0.0,0.0,0.0,0.0,0.09800619632005692,-0.003067961661145091,0.11198059469461441,-1.477223515510559,-0.14112623035907745,0.004601942375302315,-0.003067961661145091,-0.003067961661145091,0.11504855751991272,-1.4787575006484985,-0.13805827498435974,-0.004601942375302315,0.004601942375302315,-0.16260196268558502,-0.8805049657821655,-0.04601942375302315
150,0.1253807246685028,0.0,0.0,0.0,0.0,0.0,0.09800619632005692,-0.003067961661145091,0.11198059469461441,-1.477223515510559,-0.14112623035907745,0.004601942375302315,-0.003067961661145091,-0.004601942375302315,0.11504855751991272,-1.4787575006484985,-0.13805827498435974,-0.004601942375302315,0.004601942375302315,-0.16260196268558502,-0.8805049657821655,-0.04601942375302315
151,0.1253807246685028,0.0,0.0,0.0,0.0,0.0,0.09800619632005692,-0.003067961661145091,0.11198059469461441,-1.477223515510559,-0.14112623035907745,0.004601942375302315,-0.003067961661145091,0.003067961661145091,0.11504855751991272,-1.4787575006484985,-0.13805827498435974,-0.004601942375302315,0.004601942375302315,-0.16260196268558502,-0.8835729360580444,-0.04601942375302315
152,0.1253807246685028,0.0,0.0,0.0,0.0,0.0,0.09800619632005692,-0.003067961661145091,0.11198059469461441,-1.477223515510559,-0.14112623035907745,0.004601942375302315,-0.003067961661145091,0.0015339808305725455,0.11504855751991272,-1.4787575006484985,-0.13805827498435974,-0.004601942375302315,0.004601942375302315,-0.16260196268558502,-0.8835729360580444,-0.04601942375302315
153,0.1253807246685028,0.0,0.0,0.0,0.0,0.0,0.09800619632005692,-0.003067961661145091,0.11198059469461441,-1.477223515510559,-0.14112623035907745,0.004601942375302315,-0.003067961661145091,-0.0015339808305725455,0.11504855751991272,-1.4787575006484985,-0.13805827498435974,-0.004601942375302315,0.004601942375302315,-0.16106797754764557,-0.8866409063339233,-0.04601942375302315
154,0.1253807246685028,0.0,0.0,0.0,0.0,0.0,0.09800619632005692,-0.003067961661145091,0.11198059469461441,-1.477223515510559,-0.14112623035907745,0.004601942375302315,-0.003067961661145091,-0.004601942375302315,0.11504855751991272,-1.4787575006484985,-0.13805827498435974,-0.004601942375302315,0.004601942375302315,-0.16106797754764557,-0.8866409063339233,-0.04601942375302315
155,0.1253807246685028,0.0,0.0,0.0,0.0,0.0,0.09800619632005692,-0.003067961661145091,0.11198059469461441,-1.477223515510559,-0.14112623035907745,0.004601942375302315,-0.003067961661145091,0.003067961661145091,0.11504855751991272,-1.4787575006484985,-0.13805827498435974,-0.004601942375302315,0.004601942375302315,-0.16106797754764557,-0.8897088766098022,-0.04601942375302315
156,0.1253807246685028,0.0,0.0,0.0,0.0,0.0,0.09800619632005692,-0.003067961661145091,0.11198059469461441,-1.477223515510559,-0.14112623035907745,0.004601942375302315,-0.003067961661145091,0.0015339808305725455,0.11504855751991272,-1.4787575006484985,-0.13805827498435974,-0.004601942375302315,0.004601942375302315,-0.16106797754764557,-0.8897088766098022,-0.04601942375302315
157,0.1253807246685028,0.0,0.0,0.0,0.0,0.0,0.09800619632005692,-0.003067961661145091,0.11198059469461441,-1.477223515510559,-0.14112623035907745,0.004601942375302315,-0.003067961661145091,-0.003067961661145091,0.11504855751991272,-1.4787575006484985,-0.13805827498435974,-0.004601942375302315,0.004601942375302315,-0.16106797754764557,-0.8927768468856812,-0.04601942375302315
158,0.1253807246685028,0.0,0.0,0.0,0.0,0.0,0.09800619632005692,-0.003067961661145091,0.11198059469461441,-1.477223515510559,-0.14112623035907745,0.004601942375302315,-0.003067961661145091,-0.0015339808305725455,0.11504855751991272,-1.4787575006484985,-0.13805827498435974,-0.004601942375302315,0.004601942375302315,-0.16413594782352448,-0.9004467129707336,-0.04601942375302315
159,0.1253807246685028,0.0,0.0,0.0,0.0,0.0,0.09800619632005692,-0.003067961661145091,0.11198059469461441,-1.477223515510559,-0.14112623035907745,0.004601942375302315,-0.003067961661145091,0.0,0.11504855751991272,-1.4787575006484985,-0.13805827498435974,-0.004601942375302315,0.004601942375302315,-0.17640778422355652,-0.9004467129707336,-0.04295146092772484
160,0.1253807246685028,0.0,0.0,0.0,0.0,0.0,0.09800619632005692,-0.003067961661145091,0.11198059469461441,-1.477223515510559,-0.14112623035907745,0.004601942375302315,-0.003067961661145091,-0.003067961661145091,0.11504855751991272,-1.4787575006484985,-0.13805827498435974,-0.004601942375302315,0.004601942375302315,-0.1871456503868103,-0.9019806981086731,-0.04295146092772484
161,0.1253807246685028,0.0,0.0,0.0,0.0,0.0,0.09800619632005692,-0.003067961661145091,0.11198059469461441,-1.477223515510559,-0.14112623035907745,0.004601942375302315,-0.003067961661145091,-0.003067961661145091,0.11504855751991272,-1.4787575006484985,-0.13805827498435974,-0.004601942375302315,0.004601942375302315,-0.1978835165500641,-0.9081166386604309,-0.04295146092772484
162,0.12541276216506958,0.0,0.0,0.0,0.0,0.0,0.09800619632005692,-0.003067961661145091,0.11198059469461441,-1.477223515510559,-0.14112623035907745,0.004601942375302315,-0.003067961661145091,0.003067961661145091,0.11504855751991272,-1.4787575006484985,-0.13805827498435974,-0.004601942375302315,0.004601942375302315,-0.2208932340145111,-0.9111846089363098,-0.04295146092772484
163,0.12541276216506958,0.0,0.0,0.0,0.0,0.0,0.09800619632005692,-0.003067961661145091,0.11198059469461441,-1.477223515510559,-0.14112623035907745,0.004601942375302315,-0.003067961661145091,-0.0015339808305725455,0.11504855751991272,-1.4787575006484985,-0.13805827498435974,-0.004601942375302315,0.004601942375302315,-0.2485048919916153,-0.9111846089363098,-0.04295146092772484
164,0.1251884549856186,0.0,0.0,0.0,0.0,0.0,0.09800619632005692,-0.003067961661145091,0.11198059469461441,-1.477223515510559,-0.14112623035907745,0.004601942375302315,-0.003067961661145091,-0.004601942375302315,0.11504855751991272,-1.4787575006484985,-0.13805827498435974,-0.004601942375302315,0.004601942375302315,-0.2684466242790222,-0.9142525792121887,-0.04295146092772484
165,0.12507401406764984,0.0,0.0,0.0,0.0,0.0,0.09800619632005692,-0.003067961661145091,0.11198059469461441,-1.477223515510559,-0.14112623035907745,0.004601942375302315,-0.003067961661145091,0.003067961661145091,0.11504855751991272,-1.4787575006484985,-0.13805827498435974,-0.004601942375302315,0.004601942375302315,-0.28685441613197327,-0.9142525792121887,-0.041417479515075684
166,0.12507401406764984,0.0,0.0,0.0,0.0,0.0,0.09800619632005692,-0.003067961661145091,0.11044661700725555,-1.477223515510559,-0.14112623035907745,0.004601942375302315,-0.003067961661145091,0.0,0.11504855751991272,-1.4787575006484985,-0.13805827498435974,-0.004601942375302315,0.004601942375302315,-0.29759228229522705,-0.9142525792121887,-0.04295146092772484
167,0.12507401406764984,0.0,0.0,0.0,0.0,0.0,0.09800619632005692,-0.003067961661145091,0.11044661700725555,-1.477223515510559,-0.14112623035907745,0.004601942375302315,-0.003067961661145091,-0.004601942375302315,0.11504855751991272,-1.4787575006484985,-0.13805827498435974,-0.004601942375302315,0.004601942375302315,-0.30526217818260193,-0.9142525792121887,-0.04295146092772484
168,0.12467574328184128,0.0,0.0,0.0,0.0,0.0,0.09800619632005692,-0.003067961661145091,0.11044661700725555,-1.477223515510559,-0.14112623035907745,0.004601942375302315,-0.003067961661145091,0.0,0.11504855751991272,-1.4787575006484985,-0.13805827498435974,-0.004601942375302315,0.004601942375302315,-0.30526217818260193,-0.9142525792121887,-0.04295146092772484
169,0.12439191341400146,0.0,0.0,0.0,0.0,0.0,0.09800619632005692,-0.003067961661145091,0.11044661700725555,-1.477223515510559,-0.14112623035907745,0.004601942375302315,-0.003067961661145091,-0.003067961661145091,0.11504855751991272,-1.4787575006484985,-0.13805827498435974,-0.004601942375302315,0.004601942375302315,-0.30526217818260193,-0.9142525792121887,-0.04295146092772484
170,0.12439191341400146,0.0,0.0,0.0,0.0,0.0,0.09800619632005692,-0.003067961661145091,0.11044661700725555,-1.477223515510559,-0.14112623035907745,0.004601942375302315,-0.003067961661145091,-0.003067961661145091,0.11504855751991272,-1.4787575006484985,-0.13805827498435974,-0.004601942375302315,0.004601942375302315,-0.29759228229522705,-0.9142525792121887,-0.04295146092772484
171,0.12423627078533173,0.0,0.0,0.0,0.0,0.0,0.09800619632005692,-0.003067961661145091,0.11044661700725555,-1.477223515510559,-0.14112623035907745,0.004601942375302315,-0.003067961661145091,-0.0015339808305725455,0.11504855751991272,-1.4787575006484985,-0.13805827498435974,-0.004601942375302315,0.004601942375302315,-0.279184490442276,-0.9127185940742493,-0.0475534051656723
172,0.12423627078533173,0.0,0.0,0.0,0.0,0.0,0.09800619632005692,-0.003067961661145091,0.11044661700725555,-1.477223515510559,-0.14112623035907745,0.004601942375302315,-0.003067961661145091,-0.003067961661145091,0.11504855751991272,-1.4787575006484985,-0.13805827498435974,-0.004601942375302315,0.004601942375302315,-0.2684466242790222,-0.9127185940742493,-0.05215534567832947
173,0.12423627078533173,0.0,0.0,0.0,0.0,0.0,0.09800619632005692,-0.003067961661145091,0.11044661700725555,-1.477223515510559,-0.14112623035907745,0.004601942375302315,-0.003067961661145091,-0.004601942375302315,0.11504855751991272,-1.4787575006484985,-0.13805827498435974,-0.004601942375302315,0.004601942375302315,-0.25310683250427246,-0.9127185940742493,-0.05215534567832947
174,0.12423627078533173,0.0,0.0,0.0,0.0,0.0,0.09800619632005692,-0.003067961661145091,0.11044661700725555,-1.477223515510559,-0.14112623035907745,0.004601942375302315,-0.003067961661145091,-0.003067961661145091,0.11504855751991272,-1.4787575006484985,-0.13805827498435974,-0.004601942375302315,0.004601942375302315,-0.251572847366333,-0.9127185940742493,-0.05215534567832947
175,0.1240394338965416,0.0,0.0,0.0,0.0,0.0,0.09800619632005692,-0.003067961661145091,0.11044661700725555,-1.477223515510559,-0.14112623035907745,0.004601942375302315,-0.003067961661145091,-0.003067961661145091,0.11504855751991272,-1.477223515510559,-0.13805827498435974,-0.004601942375302315,0.004601942375302315,-0.2454369217157364,-0.9127185940742493,-0.05215534567832947
176,0.12421796470880508,0.0,0.0,0.0,0.0,0.0,0.09800619632005692,-0.003067961661145091,0.11044661700725555,-1.477223515510559,-0.14112623035907745,0.004601942375302315,-0.003067961661145091,-0.0015339808305725455,0.11504855751991272,-1.4787575006484985,-0.13805827498435974,-0.004601942375302315,0.004601942375302315,-0.24390295147895813,-0.9127185940742493,-0.05215534567832947
177,0.12421796470880508,0.0,0.0,0.0,0.0,0.0,0.09800619632005692,-0.003067961661145091,0.11198059469461441,-1.477223515510559,-0.14112623035907745,0.004601942375302315,-0.003067961661145091,-0.0015339808305725455,0.11504855751991272,-1.4787575006484985,-0.13805827498435974,-0.004601942375302315,0.004601942375302315,-0.24236896634101868,-0.9127185940742493,-0.05215534567832947
178,0.12421796470880508,0.0,0.0,0.0,0.0,0.0,0.09800619632005692,-0.003067961661145091,0.11044661700725555,-1.477223515510559,-0.14112623035907745,0.004601942375302315,-0.003067961661145091,-0.004601942375302315,0.11504855751991272,-1.4787575006484985,-0.13805827498435974,-0.004601942375302315,0.004601942375302315,-0.24236896634101868,-0.9127185940742493,-0.05215534567832947
179,0.12421796470880508,0.0,0.0,0.0,0.0,0.0,0.09800619632005692,-0.003067961661145091,0.11198059469461441,-1.477223515510559,-0.14112623035907745,0.004601942375302315,-0.003067961661145091,0.004601942375302315,0.11504855751991272,-1.4787575006484985,-0.13805827498435974,-0.004601942375302315,0.004601942375302315,-0.24236896634101868,-0.9127185940742493,-0.05215534567832947
180,0.12421796470880508,0.0,0.0,0.0,0.0,0.12508347630500793,0.09800619632005692,-0.003067961661145091,0.11198059469461441,-1.477223515510559,-0.14112623035907745,0.004601942375302315,-0.003067961661145091,-0.004601942375302315,0.11504855751991272,-1.4787575006484985,-0.13805827498435974,-0.004601942375302315,0.004601942375302315,-0.251572847366333,-0.9127185940742493,-0.0475534051656723
181,0.12419965118169785,0.0,0.0,0.0,0.0,0.29817745089530945,0.09800619632005692,-0.003067961661145091,0.11044661700725555,-1.477223515510559,-0.14112623035907745,0.004601942375302315,-0.003067961661145091,-0.003067961661145091,0.11504855751991272,-1.4787575006484985,-0.13805827498435974,-0.004601942375302315,0.004601942375302315,-0.25770875811576843,-0.9127185940742493,-0.0475534051656723
182,0.12419965118169785,0.0,0.0,0.0,0.0,0.3780938386917114,0.09800619632005692,-0.003067961661145091,0.11198059469461441,-1.477223515510559,-0.14112623035907745,0.004601942375302315,-0.003067961661145091,0.003067961661145091,0.11504855751991272,-1.4787575006484985,-0.13805827498435974,-0.004601942375302315,0.004601942375302315,-0.2653786838054657,-0.9127185940742493,-0.0475534051656723
183,0.12419965118169785,0.0,0.0,0.0,0.0,0.20877712965011597,0.09800619632005692,-0.003067961661145091,0.11198059469461441,-1.477223515510559,-0.14112623035907745,0.004601942375302315,-0.003067961661145091,0.0,0.11504855751991272,-1.4787575006484985,-0.13805827498435974,-0.004601942375302315,0.004601942375302315,-0.2715145945549011,-0.9127185940742493,-0.0475534051656723
184,0.05367113649845123,0.0,0.0,0.0,0.0,0.0,0.09800619632005692,-0.003067961661145091,0.11198059469461441,-1.477223515510559,-0.14112623035907745,0.004601942375302315,-0.003067961661145091,-0.003067961661145091,0.11504855751991272,-1.4787575006484985,-0.13805827498435974,-0.004601942375302315,0.004601942375302315,-0.27458256483078003,-0.9127185940742493,-0.0475534051656723
185,-0.0,0.0,0.0,0.0,0.0,0.0,0.09800619632005692,-0.003067961661145091,0.11044661700725555,-1.477223515510559,-0.14112623035907745,0.004601942375302315,-0.003067961661145091,-0.003067961661145091,0.11504855751991272,-1.4787575006484985,-0.13805827498435974,-0.004601942375302315,0.004601942375302315,-0.28071847558021545,-0.9127185940742493,-0.04601942375302315
186,-0.0,0.0,0.0,0.0,0.0,0.0,0.09800619632005692,-0.003067961661145091,0.11044661700725555,-1.477223515510559,-0.14112623035907745,0.004601942375302315,-0.003067961661145091,-0.0015339808305725455,0.11504855751991272,-1.4787575006484985,-0.13805827498435974,-0.004601942375302315,0.004601942375302315,-0.2883884012699127,-0.9127185940742493,-0.04601942375302315
187,-0.0,0.0,0.0,0.0,0.0,0.0,0.09800619632005692,-0.003067961661145091,0.11044661700725555,-1.4756895303726196,-0.14112623035907745,0.004601942375302315,-0.003067961661145091,-0.003067961661145091,0.11504855751991272,-1.4787575006484985,-0.13805827498435974,-0.004601942375302315,0.004601942375302315,-0.2991262674331665,-0.9127185940742493,-0.04601942375302315
188,-0.0,0.0,0.0,0.0,0.0,0.0,0.09800619632005692,-0.003067961661145091,0.11044661700725555,-1.4756895303726196,-0.14112623035907745,0.004601942375302315,-0.003067961661145091,-0.003067961661145091,0.11504855751991272,-1.4787575006484985,-0.13805827498435974,-0.004601942375302315,0.004601942375302315,-0.30833014845848083,-0.9142525792121887,-0.04601942375302315
189,-0.0,0.0,0.0,0.0,0.0,0.08766213059425354,0.09800619632005692,-0.003067961661145091,0.11198059469461441,-1.4756895303726196,-0.14112623035907745,0.004601942375302315,-0.003067961661145091,-0.004601942375302315,0.11504855751991272,-1.4787575006484985,-0.13805827498435974,-0.004601942375302315,0.004601942375302315,-0.31139808893203735,-0.9142525792121887,-0.04601942375302315
190,-0.0,0.0,0.0,0.0,0.0,0.29953843355178833,0.09800619632005692,-0.003067961661145091,0.11044661700725555,-1.4756895303726196,-0.14112623035907745,0.004601942375302315,-0.003067961661145091,0.0015339808305725455,0.11504855751991272,-1.4787575006484985,-0.13805827498435974,-0.004601942375302315,0.004601942375302315,-0.31139808893203735,-0.9142525792121887,-0.04601942375302315
191,-0.0,0.0,0.0,0.0,0.0,0.4378337860107422,0.09800619632005692,-0.003067961661145091,0.11198059469461441,-1.4756895303726196,-0.14112623035907745,0.004601942375302315,-0.003067961661145091,-0.0015339808305725455,0.11504855751991272,-1.4787575006484985,-0.13805827498435974,-0.004601942375302315,0.004601942375302315,-0.31446605920791626,-0.9142525792121887,-0.04601942375302315
192,-0.0,0.0,0.0,0.0,0.0,0.43450725078582764,0.09800619632005692,-0.003067961661145091,0.11198059469461441,-1.477223515510559,-0.14112623035907745,0.004601942375302315,-0.003067961661145091,-0.003067961661145091,0.11504855751991272,-1.4787575006484985,-0.13805827498435974,-0.004601942375302315,0.004601942375302315,-0.3206019699573517,-0.9142525792121887,-0.04601942375302315
193,-0.0,0.0,0.0,0.0,0.0,0.2812265455722809,0.09800619632005692,-0.003067961661145091,0.11198059469461441,-1.477223515510559,-0.14112623035907745,0.004601942375302315,-0.003067961661145091,-0.003067961661145091,0.11504855751991272,-1.4787575006484985,-0.13805827498435974,-0.004601942375302315,0.004601942375302315,-0.3206019699573517,-0.9142525792121887,-0.04601942375302315
194,-0.0,0.0,0.0,0.0,0.0,0.07411990314722061,0.09800619632005692,-0.003067961661145091,0.11198059469461441,-1.477223515510559,-0.14112623035907745,0.004601942375302315,-0.003067961661145091,-0.003067961661145091,0.11504855751991272,-1.4787575006484985,-0.13805827498435974,-0.004601942375302315,0.004601942375302315,-0.3206019699573517,-0.9142525792121887,-0.04601942375302315
195,-0.0,0.0,0.0,0.0,0.0,0.0,0.09800619632005692,-0.003067961661145091,0.11198059469461441,-1.477223515510559,-0.14112623035907745,0.004601942375302315,-0.003067961661145091,-0.003067961661145091,0.11504855751991272,-1.4787575006484985,-0.13805827498435974,-0.004601942375302315,0.004601942375302315,-0.3206019699573517,-0.9142525792121887,-0.04601942375302315
196,-0.0,0.0,0.0,0.0,0.0,0.0,0.09800619632005692,-0.003067961661145091,0.11198059469461441,-1.477223515510559,-0.14112623035907745,0.004601942375302315,-0.003067961661145091,-0.003067961661145091,0.11504855751991272,-1.4787575006484985,-0.13805827498435974,-0.004601942375302315,0.004601942375302315,-0.3206019699573517,-0.9142525792121887,-0.04601942375302315
197,-0.0,0.0,0.0,0.0,0.0,0.0,0.09800619632005692,-0.003067961661145091,0.11198059469461441,-1.477223515510559,-0.14112623035907745,0.004601942375302315,-0.003067961661145091,-0.003067961661145091,0.11504855751991272,-1.4787575006484985,-0.13805827498435974,-0.004601942375302315,0.004601942375302315,-0.3206019699573517,-0.9127185940742493,-0.04601942375302315
198,-0.0,0.0,0.0,0.0,0.0,0.0,0.09800619632005692,-0.003067961661145091,0.11198059469461441,-1.477223515510559,-0.14112623035907745,0.004601942375302315,-0.003067961661145091,-0.003067961661145091,0.11504855751991272,-1.4787575006484985,-0.13805827498435974,-0.004601942375302315,0.004601942375302315,-0.3206019699573517,-0.9127185940742493,-0.04601942375302315
199,-0.0,0.0,0.0,0.0,0.0,0.0,0.09800619632005692,-0.003067961661145091,0.11198059469461441,-1.477223515510559,-0.14112623035907745,0.004601942375302315,-0.003067961661145091,-0.003067961661145091,0.11504855751991272,-1.4787575006484985,-0.13805827498435974,-0.004601942375302315,0.004601942375302315,-0.3206019699573517,-0.9127185940742493,-0.04601942375302315
200,-0.0,0.0,0.0,0.0,0.0,0.0,0.09800619632005692,-0.003067961661145091,0.11198059469461441,-1.477223515510559,-0.14112623035907745,0.004601942375302315,-0.003067961661145091,-0.003067961661145091,0.11504855751991272,-1.4787575006484985,-0.13805827498435974,-0.004601942375302315,0.004601942375302315,-0.3206019699573517,-0.9127185940742493,-0.04601942375302315
201,-0.0,0.0,0.0,0.0,0.0,0.0,0.09800619632005692,-0.003067961661145091,0.11198059469461441,-1.477223515510559,-0.14112623035907745,0.004601942375302315,-0.003067961661145091,-0.003067961661145091,0.11504855751991272,-1.4787575006484985,-0.13805827498435974,-0.004601942375302315,0.004601942375302315,-0.3190680146217346,-0.9127185940742493,-0.0475534051656723
202,-0.0,0.0,0.0,0.0,0.0,0.0,0.09800619632005692,-0.003067961661145091,0.11198059469461441,-1.477223515510559,-0.14112623035907745,0.004601942375302315,-0.003067961661145091,-0.003067961661145091,0.11504855751991272,-1.4787575006484985,-0.13805827498435974,-0.004601942375302315,0.004601942375302315,-0.3098641335964203,-0.9127185940742493,-0.05062136426568031
203,-0.0,0.0,0.0,0.0,0.0,0.0,0.09800619632005692,-0.003067961661145091,0.11198059469461441,-1.477223515510559,-0.14112623035907745,0.004601942375302315,-0.003067961661145091,-0.003067961661145091,0.11504855751991272,-1.4787575006484985,-0.13805827498435974,-0.004601942375302315,0.004601942375302315,-0.2899223566055298,-0.9127185940742493,-0.05062136426568031
204,-0.0,0.0,0.0,0.0,0.0,0.0,0.09800619632005692,-0.003067961661145091,0.11198059469461441,-1.477223515510559,-0.14112623035907745,0.004601942375302315,-0.003067961661145091,-0.003067961661145091,0.11504855751991272,-1.4787575006484985,-0.13805827498435974,-0.004601942375302315,0.004601942375302315,-0.27458256483078003,-0.9127185940742493,-0.05675728991627693
205,-0.0,0.0,0.0,0.0,0.0,0.0,0.09800619632005692,-0.003067961661145091,0.11198059469461441,-1.477223515510559,-0.14112623035907745,0.004601942375302315,-0.003067961661145091,-0.003067961661145091,0.11504855751991272,-1.4787575006484985,-0.13805827498435974,-0.004601942375302315,0.004601942375302315,-0.27458256483078003,-0.9127185940742493,-0.05982524901628494
206,-0.0,0.0,0.0,0.0,0.0,0.0,0.09800619632005692,-0.003067961661145091,0.11198059469461441,-1.477223515510559,-0.14112623035907745,0.004601942375302315,-0.003067961661145091,-0.003067961661145091,0.11504855751991272,-1.4787575006484985,-0.13805827498435974,-0.004601942375302315,0.004601942375302315,-0.27458256483078003,-0.9127185940742493,-0.06442718952894211
207,-0.0,0.0,0.0,0.0,0.0,0.0,0.09800619632005692,-0.003067961661145091,0.11198059469461441,-1.477223515510559,-0.14112623035907745,0.004601942375302315,-0.003067961661145091,-0.003067961661145091,0.11504855751991272,-1.4787575006484985,-0.13805827498435974,-0.004601942375302315,0.004601942375302315,-0.2730485796928406,-0.9127185940742493,-0.06442718952894211
208,-0.0,0.0,0.0,0.0,0.0,0.0,0.09800619632005692,-0.003067961661145091,0.11198059469461441,-1.477223515510559,-0.14112623035907745,0.004601942375302315,-0.003067961661145091,-0.003067961661145091,0.11504855751991272,-1.4787575006484985,-0.13805827498435974,-0.004601942375302315,0.004601942375302315,-0.26691266894340515,-0.9127185940742493,-0.06442718952894211
209,-0.0,0.0,0.0,0.0,0.0,0.0,0.09800619632005692,-0.003067961661145091,0.11198059469461441,-1.477223515510559,-0.14112623035907745,0.004601942375302315,-0.003067961661145091,-0.003067961661145091,0.11504855751991272,-1.4787575006484985,-0.13805827498435974,-0.004601942375302315,0.004601942375302315,-0.2653786838054657,-0.9127185940742493,-0.0613592304289341
210,-0.0,0.0,0.0,0.0,0.0,0.0,0.09800619632005692,-0.003067961661145091,0.11198059469461441,-1.477223515510559,-0.14112623035907745,0.004601942375302315,-0.003067961661145091,-0.003067961661145091,0.11351457983255386,-1.4787575006484985,-0.13805827498435974,-0.004601942375302315,0.004601942375302315,-0.25617480278015137,-0.9127185940742493,-0.0613592304289341
211,-0.0,0.0,0.0,0.0,0.0,0.0,0.09800619632005692,-0.003067961661145091,0.11198059469461441,-1.477223515510559,-0.14112623035907745,0.004601942375302315,-0.003067961661145091,-0.004601942375302315,0.08743690699338913,-1.4848934412002563,-0.11658254265785217,-0.004601942375302315,0.004601942375302315,-0.251572847366333,-0.9127185940742493,-0.0613592304289341
212,-0.0,0.0,0.0,0.0,0.0,0.0,0.09800619632005692,-0.003067961661145091,0.11198059469461441,-1.477223515510559,-0.14112623035907745,0.004601942375302315,-0.003067961661145091,-0.004601942375302315,0.02761165425181389,-1.5048351287841797,-0.05368932709097862,-0.004601942375302315,0.004601942375302315,-0.251572847366333,-0.9127185940742493,-0.05982524901628494
213,-0.0,0.0,0.0,0.0,0.0,0.0,0.09800619632005692,-0.003067961661145091,0.11198059469461441,-1.477223515510559,-0.14112623035907745,0.004601942375302315,-0.003067961661145091,-0.004601942375302315,-0.05062136426568031,-1.5079030990600586,0.029145635664463043,0.003067961661145091,0.004601942375302315,-0.25617480278015137,-0.9127185940742493,-0.05215534567832947
214,-0.0,0.0,0.0,0.0,0.0,0.0,0.09800619632005692,-0.003067961661145091,0.11198059469461441,-1.477223515510559,-0.14112623035907745,0.004601942375302315,-0.003067961661145091,-0.004601942375302315,-0.16413594782352448,-1.5017671585083008,0.16106797754764557,-0.02147573046386242,0.004601942375302315,-0.2592427432537079,-0.9127185940742493,-0.05215534567832947
215,-0.0,0.0,0.0,0.0,0.0,0.0,0.09800619632005692,-0.003067961661145091,0.11198059469461441,-1.477223515510559,-0.14112623035907745,0.004601942375302315,-0.003067961661145091,0.0,-0.2485048919916153,-1.4572817087173462,0.32827189564704895,-0.03834952041506767,0.004601942375302315,-0.2592427432537079,-0.9127185940742493,-0.04908738657832146
216,-0.0,0.0,0.0,0.0,0.0,0.0,0.09800619632005692,-0.003067961661145091,0.11198059469461441,-1.477223515510559,-0.14112623035907745,0.004601942375302315,-0.003067961661145091,-0.004601942375302315,-0.2929903268814087,-1.3974565267562866,0.5414952039718628,-0.04601942375302315,0.004601942375302315,-0.2592427432537079,-0.9127185940742493,-0.04295146092772484
217,-0.0,0.0,0.0,0.0,0.0,0.0,0.09800619632005692,-0.003067961661145091,0.11198059469461441,-1.477223515510559,-0.14112623035907745,0.004601942375302315,-0.003067961661145091,-0.01840776950120926,-0.302194207906723,-1.3667768239974976,0.731708824634552,-0.041417479515075684,0.004601942375302315,-0.2592427432537079,-0.9127185940742493,-0.04295146092772484
218,-0.0,0.0,0.0,0.0,0.0,0.0,0.09800619632005692,-0.003067961661145091,0.11198059469461441,-1.477223515510559,-0.14112623035907745,0.004601942375302315,-0.003067961661145091,-0.041417479515075684,-0.27765053510665894,-1.3345632553100586,0.9234564304351807,-0.05368932709097862,0.004601942375302315,-0.2623107135295868,-0.9127185940742493,-0.04295146092772484
219,-0.0,0.0,0.0,0.0,0.0,0.0,0.09800619632005692,-0.003067961661145091,0.11198059469461441,-1.477223515510559,-0.14112623035907745,0.004601942375302315,-0.003067961661145091,-0.05982524901628494,-0.22396118938922882,-1.2670681476593018,1.0538448095321655,-0.06442718952894211,0.004601942375302315,-0.2623107135295868,-0.9035146832466125,-0.041417479515075684
220,-0.0,0.0,0.0,0.0,0.0,0.0,0.09800619632005692,-0.003067961661145091,0.11198059469461441,-1.477223515510559,-0.14112623035907745,0.004601942375302315,-0.003067961661145091,-0.07363107800483704,-0.12885437905788422,-1.2133787870407104,1.1734952926635742,-0.05215534567832947,0.004601942375302315,-0.2623107135295868,-0.9004467129707336,-0.03681553900241852
221,-0.0,0.0,0.0,0.0,0.0,0.0,0.09800619632005692,-0.003067961661145091,0.11044661700725555,-1.4756895303726196,-0.14112623035907745,0.004601942375302315,-0.003067961661145091,-0.07669904083013535,0.0,-1.1888351440429688,1.2532622814178467,-0.032213594764471054,0.004601942375302315,-0.2623107135295868,-0.9004467129707336,-0.03681553900241852
222,-0.0,0.0,0.0,0.0,0.0,0.0,0.09800619632005692,-0.003067961661145091,0.11198059469461441,-1.477223515510559,-0.14112623035907745,0.004601942375302315,-0.003067961661145091,-0.0782330185174942,0.15800002217292786,-1.150485634803772,1.2962137460708618,-0.04295146092772484,0.004601942375302315,-0.2684466242790222,-0.9004467129707336,-0.03374757617712021
223,-0.0,0.0,0.0,0.0,0.0,0.0,0.09800619632005692,-0.003067961661145091,0.11044661700725555,-1.477223515510559,-0.14112623035907745,0.004601942375302315,-0.003067961661145091,-0.10277671366930008,0.29759228229522705,-1.104466199874878,1.3023496866226196,-0.06749515235424042,0.004601942375302315,-0.2715145945549011,-0.9004467129707336,-0.03374757617712021
224,-0.0,0.0,0.0,0.0,0.0,0.0,0.09800619632005692,-0.003067961661145091,0.11198059469461441,-1.477223515510559,-0.14112623035907745,0.004601942375302315,-0.003067961661145091,-0.13499030470848083,0.44025248289108276,-1.023165225982666,1.2762720584869385,-0.07669904083013535,0.004601942375302315,-0.2715145945549011,-0.9004467129707336,-0.03374757617712021
225,-0.0,0.0,0.0,0.0,0.0,0.0,0.09800619632005692,-0.003067961661145091,0.11044661700725555,-1.477223515510559,-0.14112623035907745,0.004601942375302315,-0.003067961661145091,-0.139592245221138,0.5660389065742493,-0.954136073589325,1.2041748762130737,-0.08436894416809082,0.004601942375302315,-0.2715145945549011,-0.9004467129707336,-0.03374757617712021
226,-0.0,0.0,0.0,0.0,0.0,0.0,0.09800619632005692,-0.003067961661145091,0.11198059469461441,-1.477223515510559,-0.14112623035907745,0.004601942375302315,-0.003067961661145091,-0.15493206679821014,0.6626796722412109,-0.8943107724189758,1.1182719469070435,-0.0920388475060463,0.004601942375302315,-0.2715145945549011,-0.9004467129707336,-0.03374757617712021
227,-0.0,0.0,0.0,0.0,0.0,0.0,0.09800619632005692,-0.003067961661145091,0.11044661700725555,-1.477223515510559,-0.14112623035907745,0.004601942375302315,-0.003067961661145091,-0.17180584371089935,0.7639224529266357,-0.8314175605773926,0.9848156571388245,-0.11044661700725555,0.004601942375302315,-0.2715145945549011,-0.9004467129707336,-0.03374757617712021
228,-0.0,0.0,0.0,0.0,0.0,0.0,0.09800619632005692,-0.003067961661145091,0.11198059469461441,-1.477223515510559,-0.14112623035907745,0.004601942375302315,-0.003067961661145091,-0.1595340073108673,0.8406214714050293,-0.7946020364761353,0.8406214714050293,-0.11198059469461441,0.004601942375302315,-0.2715145945549011,-0.9019806981086731,-0.03374757617712021
229,-0.0,0.0,0.0,0.0,0.0,0.0,0.09800619632005692,-0.003067961661145091,0.11044661700725555,-1.477223515510559,-0.14112623035907745,0.004601942375302315,-0.003067961661145091,-0.17487381398677826,0.9203884601593018,-0.7685243487358093,0.6657476425170898,-0.07976700365543365,0.004601942375302315,-0.2730485796928406,-0.9065826535224915,-0.03528155758976936
230,-0.0,0.0,0.0,0.0,0.0,0.0,0.09800619632005692,-0.003067961661145091,0.11044661700725555,-1.477223515510559,-0.14112623035907745,0.004601942375302315,-0.003067961661145091,-0.19174760580062866,0.9694758653640747,-0.7271068692207336,0.5108156204223633,-0.05675728991627693,0.004601942375302315,-0.2853204309940338,-0.9065826535224915,-0.03528155758976936
231,-0.0,0.0,0.0,0.0,0.0,0.0,0.09800619632005692,-0.003067961661145091,0.11044661700725555,-1.477223515510559,-0.14112623035907745,0.004601942375302315,-0.003067961661145091,-0.1978835165500641,0.983281672000885,-0.6749515533447266,0.37889325618743896,-0.02147573046386242,0.007669903803616762,-0.29145634174346924,-0.9065826535224915,-0.03528155758976936
232,-0.0,0.0,0.0,0.0,0.0,0.0,0.09800619632005692,-0.003067961661145091,0.11044661700725555,-1.477223515510559,-0.14112623035907745,0.004601942375302315,-0.003067961661145091,-0.21629129350185394,0.9648739099502563,-0.6243301630020142,0.279184490442276,0.003067961661145091,0.041417479515075684,-0.2929903268814087,-0.9065826535224915,-0.03528155758976936
233,-0.0,0.0,0.0,0.0,0.0,0.0,0.09800619632005692,-0.003067961661145091,0.11044661700725555,-1.477223515510559,-0.14112623035907745,0.004601942375302315,-0.003067961661145091,-0.22242721915245056,0.9326603412628174,-0.5675728917121887,0.18100973963737488,0.019941750913858414,0.06596117466688156,-0.2929903268814087,-0.9065826535224915,-0.03528155758976936
234,-0.0,0.0,0.0,0.0,0.0,0.0,0.09800619632005692,-0.003067961661145091,0.11044661700725555,-1.477223515510559,-0.14112623035907745,0.004601942375302315,-0.003067961661145091,-0.21629129350185394,0.9111846089363098,-0.5230874419212341,0.12118448317050934,0.0475534051656723,0.06289321184158325,-0.2929903268814087,-0.9019806981086731,-0.03528155758976936
235,-0.0,0.0,0.0,0.0,0.0,0.0,0.09800619632005692,-0.003067961661145091,0.11044661700725555,-1.477223515510559,-0.14112623035907745,0.004601942375302315,-0.003067961661145091,-0.21629129350185394,0.9035146832466125,-0.47400006651878357,0.06442718952894211,0.09357282519340515,0.02147573046386242,-0.29452431201934814,-0.8943107724189758,-0.03528155758976936
236,-0.0,0.0,0.0,0.0,0.0,0.0,0.09800619632005692,-0.003067961661145091,0.11044661700725555,-1.477223515510559,-0.14112623035907745,0.004601942375302315,-0.003067961661145091,-0.22396118938922882,0.9004467129707336,-0.452524334192276,0.02147573046386242,0.11811652034521103,0.006135923322290182,-0.29452431201934814,-0.8912428617477417,-0.03528155758976936
237,-0.0,0.0,0.0,0.0,0.0,0.0,0.09800619632005692,-0.003067961661145091,0.11044661700725555,-1.477223515510559,-0.14112623035907745,0.004601942375302315,-0.003067961661145091,-0.21935924887657166,0.8989127278327942,-0.4494563639163971,-0.013805827125906944,0.11811652034521103,0.006135923322290182,-0.2929903268814087,-0.8881748914718628,-0.03528155758976936
238,-0.0,0.0,0.0,0.0,0.0,0.0,0.09800619632005692,-0.003067961661145091,0.11044661700725555,-1.477223515510559,-0.14112623035907745,0.004601942375302315,-0.003067961661145091,-0.2208932340145111,0.8897088766098022,-0.44792237877845764,-0.019941750913858414,0.1089126393198967,0.006135923322290182,-0.2899223566055298,-0.8881748914718628,-0.03528155758976936
239,-0.0,0.0,0.0,0.0,0.0,0.0,0.09800619632005692,-0.003067961661145091,0.11044661700725555,-1.477223515510559,-0.14112623035907745,0.004601942375302315,-0.003067961661145091,-0.22242721915245056,0.8666991591453552,-0.4141748249530792,0.00920388475060463,0.07976700365543365,0.006135923322290182,-0.2822524607181549,-0.8881748914718628,-0.03528155758976936
240,-0.0,0.0,0.0,0.0,0.0,0.0,0.09800619632005692,-0.003067961661145091,0.11044661700725555,-1.477223515510559,-0.14112623035907745,0.004601942375302315,-0.003067961661145091,-0.2208932340145111,0.8360195159912109,-0.3635534346103668,0.0782330185174942,0.032213594764471054,0.006135923322290182,-0.2822524607181549,-0.8881748914718628,-0.03834952041506767
241,-0.0,0.0,0.0,0.0,0.0,0.0,0.09800619632005692,-0.003067961661145091,0.11044661700725555,-1.477223515510559,-0.14112623035907745,0.004601942375302315,-0.003067961661145091,-0.21935924887657166,0.803805947303772,-0.3190680146217346,0.16106797754764557,-0.0,0.007669903803616762,-0.28071847558021545,-0.8881748914718628,-0.03988350182771683
242,-0.0,0.0,0.0,0.0,0.0,0.0,0.09800619632005692,-0.003067961661145091,0.11044661700725555,-1.477223515510559,-0.14112623035907745,0.004601942375302315,-0.003067961661145091,-0.21935924887657166,0.7669904232025146,-0.2684466242790222,0.2454369217157364,-0.01840776950120926,0.04908738657832146,-0.28071847558021545,-0.8881748914718628,-0.03988350182771683
243,-0.0,0.0,0.0,0.0,0.0,0.0,0.09800619632005692,-0.003067961661145091,0.11044661700725555,-1.477223515510559,-0.14112623035907745,0.004601942375302315,-0.003067961661145091,-0.2208932340145111,0.7439807057380676,-0.24083498120307922,0.28685441613197327,-0.006135923322290182,0.11351457983255386,-0.28071847558021545,-0.8897088766098022,-0.04295146092772484
244,-0.0,0.0,0.0,0.0,0.0,0.0,0.09800619632005692,-0.003067961661145091,0.11044661700725555,-1.477223515510559,-0.14112623035907745,0.004601942375302315,-0.003067961661145091,-0.2208932340145111,0.7332428097724915,-0.23009711503982544,0.2929903268814087,0.004601942375302315,0.16873788833618164,-0.28071847558021545,-0.8897088766098022,-0.04295146092772484
245,-0.0,0.0,0.0,0.0,0.0,0.0,0.09800619632005692,-0.003067961661145091,0.11044661700725555,-1.477223515510559,-0.14112623035907745,0.004601942375302315,-0.003067961661145091,-0.21935924887657166,0.7255728840827942,-0.23009711503982544,0.26384469866752625,0.00920388475060463,0.23930099606513977,-0.28071847558021545,-0.8897088766098022,-0.04295146092772484
246,-0.0,0.0,0.0,0.0,0.0,0.0,0.09800619632005692,-0.003067961661145091,0.11044661700725555,-1.477223515510559,-0.14112623035907745,0.004601942375302315,-0.003067961661145091,-0.21935924887657166,0.7133010625839233,-0.23009711503982544,0.22549517452716827,-0.003067961661145091,0.29452431201934814,-0.28071847558021545,-0.8897088766098022,-0.04295146092772484
247,-0.0,0.0,0.0,0.0,0.0,0.0,0.09800619632005692,-0.003067961661145091,0.11044661700725555,-1.477223515510559,-0.14112623035907745,0.004601942375302315,-0.003067961661145091,-0.2208932340145111,0.6979612708091736,-0.23009711503982544,0.19634954631328583,-0.026077672839164734,0.3574175238609314,-0.28071847558021545,-0.8897088766098022,-0.04295146092772484
248,-0.0,0.0,0.0,0.0,0.0,0.0,0.09800619632005692,-0.003067961661145091,0.11044661700725555,-1.477223515510559,-0.14112623035907745,0.004601942375302315,-0.003067961661145091,-0.22396118938922882,0.6749515533447266,-0.23009711503982544,0.18561168015003204,-0.058291271328926086,0.4218447208404541,-0.28378644585609436,-0.8897088766098022,-0.04295146092772484
249,-0.0,0.0,0.0,0.0,0.0,0.0,0.09800619632005692,-0.003067961661145091,0.11044661700725555,-1.477223515510559,-0.14112623035907745,0.004601942375302315,-0.003067961661145091,-0.22396118938922882,0.6519418358802795,-0.22549517452716827,0.17947575449943542,-0.07056311517953873,0.48473793268203735,-0.2883884012699127,-0.8897088766098022,-0.04295146092772484
250,-0.0,0.0,0.0,0.0,0.0,0.0,0.09800619632005692,-0.003067961661145091,0.11044661700725555,-1.477223515510559,-0.14112623035907745,0.004601942375302315,-0.003067961661145091,-0.22396118938922882,0.6320000886917114,-0.22549517452716827,0.17794176936149597,-0.07976700365543365,0.5368932485580444,-0.29145634174346924,-0.8912428617477417,-0.04295146092772484
251,-0.0,0.0,0.0,0.0,0.0,0.0,0.09800619632005692,-0.003067961661145091,0.11044661700725555,-1.477223515510559,-0.14112623035907745,0.004601942375302315,-0.003067961661145091,-0.22549517452716827,0.6135923266410828,-0.22549517452716827,0.16413594782352448,-0.08283495903015137,0.598252534866333,-0.29145634174346924,-0.8897088766098022,-0.04295146092772484
252,-0.0,0.0,0.0,0.0,0.0,0.0,0.09800619632005692,-0.003067961661145091,0.11044661700725555,-1.477223515510559,-0.14112623035907745,0.004601942375302315,-0.003067961661145091,-0.22396118938922882,0.5936505794525146,-0.22396118938922882,0.16413594782352448,-0.09050486981868744,0.6626796722412109,-0.2960582971572876,-0.8897088766098022,-0.04295146092772484
253,-0.0,0.0,0.0,0.0,0.0,0.0,0.09800619632005692,-0.003067961661145091,0.11044661700725555,-1.477223515510559,-0.14112623035907745,0.004601942375302315,-0.003067961661145091,-0.22549517452716827,0.5767768025398254,-0.2178252786397934,0.16873788833618164,-0.0920388475060463,0.7179030179977417,-0.2960582971572876,-0.8897088766098022,-0.04295146092772484
254,-0.0,0.0,0.0,0.0,0.0,0.0,0.09800619632005692,-0.003067961661145091,0.11044661700725555,-1.477223515510559,-0.14112623035907745,0.004601942375302315,-0.003067961661145091,-0.22549517452716827,0.558368980884552,-0.21629129350185394,0.1733398288488388,-0.09817477315664291,0.7700583338737488,-0.2960582971572876,-0.8897088766098022,-0.04908738657832146
255,-0.0,0.0,0.0,0.0,0.0,0.0,0.09800619632005692,-0.003067961661145091,0.11044661700725555,-1.477223515510559,-0.14112623035907745,0.004601942375302315,-0.003067961661145091,-0.22856314480304718,0.5384272336959839,-0.20555342733860016,0.17947575449943542,-0.11198059469461441,0.7792622447013855,-0.2960582971572876,-0.8897088766098022,-0.04908738657832146
256,-0.0,0.0,0.0,0.0,0.0,0.0,0.09800619632005692,-0.003067961661145091,0.11044661700725555,-1.477223515510559,-0.14112623035907745,0.004601942375302315,-0.003067961661145091,-0.22702915966510773,0.5169515013694763,-0.2070874124765396,0.17947575449943542,-0.11351457983255386,0.7792622447013855,-0.2960582971572876,-0.8897088766098022,-0.04908738657832146
257,-0.0,0.0,0.0,0.0,0.0,0.0,0.09800619632005692,-0.003067961661145091,0.11044661700725555,-1.477223515510559,-0.14112623035907745,0.004601942375302315,-0.003067961661145091,-0.22549517452716827,0.4970097839832306,-0.2070874124765396,0.17947575449943542,-0.12118448317050934,0.7792622447013855,-0.2960582971572876,-0.8897088766098022,-0.04908738657832146
258,-0.0,0.0,0.0,0.0,0.0,0.0,0.09800619632005692,-0.003067961661145091,0.11044661700725555,-1.477223515510559,-0.14112623035907745,0.004601942375302315,-0.003067961661145091,-0.22549517452716827,0.47400006651878357,-0.2070874124765396,0.19328157603740692,-0.13345633447170258,0.7792622447013855,-0.28378644585609436,-0.8897088766098022,-0.04908738657832146
259,-0.0,0.0,0.0,0.0,0.0,0.0,0.09800619632005692,-0.003067961661145091,0.11044661700725555,-1.477223515510559,-0.14112623035907745,0.004601942375302315,-0.003067961661145091,-0.22549517452716827,0.4555923044681549,-0.2070874124765396,0.2040194422006607,-0.14726215600967407,0.7792622447013855,-0.28378644585609436,-0.8897088766098022,-0.05522330850362778
260,-0.0,0.0,0.0,0.0,0.0,0.0,0.09800619632005692,-0.003067961661145091,0.11044661700725555,-1.477223515510559,-0.14112623035907745,0.004601942375302315,-0.003067961661145091,-0.22549517452716827,0.4356505572795868,-0.20555342733860016,0.2178252786397934,-0.16106797754764557,0.7792622447013855,-0.27458256483078003,-0.8897088766098022,-0.05522330850362778
261,-0.0,0.0,0.0,0.0,0.0,0.0,0.09800619632005692,-0.003067961661145091,0.11044661700725555,-1.477223515510559,-0.14112623035907745,0.004601942375302315,-0.003067961661145091,-0.22242721915245056,0.4111068546772003,-0.18867963552474976,0.23009711503982544,-0.16566991806030273,0.7792622447013855,-0.2730485796928406,-0.8897088766098022,-0.05522330850362778
262,-0.0,0.0,0.0,0.0,0.0,0.0,0.09800619632005692,-0.003067961661145091,0.11044661700725555,-1.477223515510559,-0.14112623035907745,0.004601942375302315,-0.003067961661145091,-0.20862138271331787,0.3973010182380676,-0.1840776950120926,0.2316311001777649,-0.16260196268558502,0.7792622447013855,-0.2715145945549011,-0.8897088766098022,-0.05522330850362778
263,-0.0,0.0,0.0,0.0,0.0,0.0,0.09800619632005692,-0.003067961661145091,0.11044661700725555,-1.477223515510559,-0.14112623035907745,0.004601942375302315,-0.003067961661145091,-0.19174760580062866,0.37889325618743896,-0.1702718734741211,0.23316508531570435,-0.16260196268558502,0.7792622447013855,-0.2715145945549011,-0.8927768468856812,-0.05522330850362778
264,-0.0,0.0,0.0,0.0,0.0,0.0,0.09800619632005692,-0.003067961661145091,0.11044661700725555,-1.477223515510559,-0.14112623035907745,0.004601942375302315,-0.003067961661145091,-0.18100973963737488,0.36201947927474976,-0.16566991806030273,0.23316508531570435,-0.16260196268558502,0.7792622447013855,-0.2715145945549011,-0.8958447575569153,-0.05522330850362778
265,-0.0,0.0,0.0,0.0,0.0,0.0,0.09800619632005692,-0.003067961661145091,0.11044661700725555,-1.477223515510559,-0.14112623035907745,0.004601942375302315,-0.003067961661145091,-0.18254370987415314,0.3405437469482422,-0.14879614114761353,0.23316508531570435,-0.16413594782352448,0.7792622447013855,-0.2715145945549011,-0.8958447575569153,-0.05522330850362778
266,-0.0,0.0,0.0,0.0,0.0,0.0,0.09800619632005692,-0.003067961661145091,0.11044661700725555,-1.477223515510559,-0.14112623035907745,0.004601942375302315,-0.003067961661145091,-0.18561168015003204,0.3160000443458557,-0.13038836419582367,0.23316508531570435,-0.16413594782352448,0.7792622447013855,-0.2684466242790222,-0.8958447575569153,-0.05522330850362778
267,-0.0,0.0,0.0,0.0,0.0,0.0,0.09800619632005692,-0.003067961661145091,0.11044661700725555,-1.477223515510559,-0.14112623035907745,0.004601942375302315,-0.003067961661145091,-0.18867963552474976,0.2883884012699127,-0.10124272853136063,0.2377670258283615,-0.16566991806030273,0.7792622447013855,-0.2684466242790222,-0.8958447575569153,-0.05522330850362778
268,-0.0,0.0,0.0,0.0,0.0,0.0,0.09800619632005692,-0.003067961661145091,0.11044661700725555,-1.477223515510559,-0.14112623035907745,0.004601942375302315,-0.003067961661145091,-0.1871456503868103,0.26691266894340515,-0.0782330185174942,0.2377670258283615,-0.16413594782352448,0.7792622447013855,-0.2684466242790222,-0.8958447575569153,-0.05522330850362778
269,-0.0,0.0,0.0,0.0,0.0,0.0,0.09800619632005692,-0.003067961661145091,0.11044661700725555,-1.477223515510559,-0.14112623035907745,0.004601942375302315,-0.003067961661145091,-0.18561168015003204,0.24697090685367584,-0.05368932709097862,0.2346990555524826,-0.16260196268558502,0.7792622447013855,-0.2684466242790222,-0.8958447575569153,-0.05215534567832947
270,-0.0,0.0,0.0,0.0,0.0,0.0,0.09800619632005692,-0.003067961661145091,0.11044661700725555,-1.477223515510559,-0.14112623035907745,0.004601942375302315,-0.003067961661145091,-0.1840776950120926,0.23623304069042206,-0.041417479515075684,0.2208932340145111,-0.1564660370349884,0.7792622447013855,-0.2684466242790222,-0.8958447575569153,-0.05215534567832947
271,-0.0,0.0,0.0,0.0,0.0,0.0,0.09800619632005692,-0.003067961661145091,0.11044661700725555,-1.477223515510559,-0.14112623035907745,0.004601942375302315,-0.003067961661145091,-0.18867963552474976,0.2208932340145111,-0.023009711876511574,0.19481556117534637,-0.14726215600967407,0.7792622447013855,-0.27458256483078003,-0.8958447575569153,-0.05215534567832947
272,-0.0,0.0,0.0,0.0,0.0,0.0,0.09800619632005692,-0.003067961661145091,0.11044661700725555,-1.477223515510559,-0.14112623035907745,0.004601942375302315,-0.003067961661145091,-0.19941750168800354,0.2070874124765396,-0.01073786523193121,0.17640778422355652,-0.14572817087173462,0.7792622447013855,-0.27765053510665894,-0.8958447575569153,-0.05215534567832947
273,-0.0,0.0,0.0,0.0,0.0,0.0,0.09800619632005692,-0.003067961661145091,0.11044661700725555,-1.477223515510559,-0.14112623035907745,0.004601942375302315,-0.003067961661145091,-0.21629129350185394,0.1902136206626892,0.01073786523193121,0.1533980816602707,-0.14879614114761353,0.7792622447013855,-0.28378644585609436,-0.8958447575569153,-0.05215534567832947
274,-0.0,0.0,0.0,0.0,0.0,0.0,0.09800619632005692,-0.003067961661145091,0.11044661700725555,-1.477223515510559,-0.14112623035907745,0.004601942375302315,-0.003067961661145091,-0.22396118938922882,0.17487381398677826,0.03528155758976936,0.139592245221138,-0.15186409652233124,0.7792622447013855,-0.28685441613197327,-0.8958447575569153,-0.05215534567832947
275,-0.0,0.0,0.0,0.0,0.0,0.0,0.09800619632005692,-0.003067961661145091,0.11044661700725555,-1.477223515510559,-0.14112623035907745,0.004601942375302315,-0.003067961661145091,-0.2316311001777649,0.15186409652233124,0.07363107800483704,0.1089126393198967,-0.16260196268558502,0.7792622447013855,-0.29452431201934814,-0.8958447575569153,-0.05215534567832947
276,-0.0,0.0,0.0,0.0,0.0,0.0,0.09800619632005692,-0.003067961661145091,0.11044661700725555,-1.477223515510559,-0.14112623035907745,0.004601942375302315,-0.003067961661145091,-0.24390295147895813,0.13192234933376312,0.11504855751991272,0.09357282519340515,-0.16260196268558502,0.7792622447013855,-0.2991262674331665,-0.8958447575569153,-0.05215534567832947
277,-0.0,0.0,0.0,0.0,0.0,0.0,0.09800619632005692,-0.003067961661145091,0.11044661700725555,-1.477223515510559,-0.14112623035907745,0.004601942375302315,-0.003067961661145091,-0.2546408176422119,0.11504855751991272,0.15800002217292786,0.08283495903015137,-0.16260196268558502,0.7792622447013855,-0.302194207906723,-0.8958447575569153,-0.04908738657832146
278,-0.0,0.0,0.0,0.0,0.0,0.0,0.09800619632005692,-0.003067961661145091,0.11044661700725555,-1.477223515510559,-0.14112623035907745,0.004601942375302315,-0.003067961661145091,-0.26384469866752625,0.09970875084400177,0.2040194422006607,0.05368932709097862,-0.16260196268558502,0.7792622447013855,-0.30526217818260193,-0.8958447575569153,-0.04908738657832146
279,-0.0,0.0,0.0,0.0,0.0,0.0,0.09800619632005692,-0.003067961661145091,0.11044661700725555,-1.477223515510559,-0.14112623035907745,0.004601942375302315,-0.003067961661145091,-0.2715145945549011,0.0920388475060463,0.24083498120307922,0.032213594764471054,-0.16566991806030273,0.7792622447013855,-0.3129320740699768,-0.8958447575569153,-0.04908738657832146
280,-0.0,0.0,0.0,0.0,0.0,0.0,0.09800619632005692,-0.003067961661145091,0.11044661700725555,-1.477223515510559,-0.14112623035907745,0.004601942375302315,-0.003067961661145091,-0.2761165499687195,0.08436894416809082,0.26998060941696167,0.015339807607233524,-0.16413594782352448,0.7792622447013855,-0.3160000443458557,-0.8958447575569153,-0.04908738657832146
281,-0.0,0.0,0.0,0.0,0.0,0.0,0.09800619632005692,-0.003067961661145091,0.11044661700725555,-1.477223515510559,-0.14112623035907745,0.004601942375302315,-0.003067961661145091,-0.279184490442276,0.06596117466688156,0.3160000443458557,-0.0015339808305725455,-0.17180584371089935,0.7792622447013855,-0.3160000443458557,-0.8958447575569153,-0.04908738657832146
282,-0.0,0.0,0.0,0.0,0.0,0.0,0.09800619632005692,-0.003067961661145091,0.11044661700725555,-1.477223515510559,-0.14112623035907745,0.004601942375302315,-0.003067961661145091,-0.279184490442276,0.04295146092772484,0.3635534346103668,-0.019941750913858414,-0.17180584371089935,0.7792622447013855,-0.3160000443458557,-0.8958447575569153,-0.04908738657832146
283,-0.0,0.0,0.0,0.0,0.0,0.0,0.09800619632005692,-0.003067961661145091,0.11044661700725555,-1.477223515510559,-0.14112623035907745,0.004601942375302315,-0.003067961661145091,-0.28071847558021545,0.029145635664463043,0.401902973651886,-0.04295146092772484,-0.16413594782352448,0.7792622447013855,-0.3160000443458557,-0.8958447575569153,-0.04908738657832146
284,-0.0,0.0,0.0,0.0,0.0,0.0,0.09800619632005692,-0.003067961661145091,0.11044661700725555,-1.477223515510559,-0.14112623035907745,0.004601942375302315,-0.003067961661145091,-0.2822524607181549,0.007669903803616762,0.452524334192276,-0.05675728991627693,-0.15186409652233124,0.7792622447013855,-0.3160000443458557,-0.8958447575569153,-0.04908738657832146
285,-0.0,0.0,0.0,0.0,0.0,0.0,0.09800619632005692,-0.003067961661145091,0.11044661700725555,-1.477223515510559,-0.14112623035907745,0.004601942375302315,-0.003067961661145091,-0.2822524607181549,-0.01073786523193121,0.503145694732666,-0.0782330185174942,-0.14726215600967407,0.7792622447013855,-0.3160000443458557,-0.8958447575569153,-0.04908738657832146
286,-0.0,0.0,0.0,0.0,0.0,0.0,0.09800619632005692,-0.003067961661145091,0.11044661700725555,-1.477223515510559,-0.14112623035907745,0.004601942375302315,-0.003067961661145091,-0.2853204309940338,-0.02147573046386242,0.5399612188339233,-0.09817477315664291,-0.1426602154970169,0.7792622447013855,-0.3160000443458557,-0.8958447575569153,-0.04908738657832146
287,-0.0,0.0,0.0,0.0,0.0,0.0,0.09800619632005692,-0.003067961661145091,0.11044661700725555,-1.477223515510559,-0.14112623035907745,0.004601942375302315,-0.003067961661145091,-0.28378644585609436,-0.03374757617712021,0.5706408619880676,-0.11965049803256989,-0.14726215600967407,0.7792622447013855,-0.31446605920791626,-0.8958447575569153,-0.04908738657832146
288,-0.0,0.0,0.0,0.0,0.0,0.0,0.09800619632005692,-0.003067961661145091,0.11044661700725555,-1.477223515510559,-0.14112623035907745,0.004601942375302315,-0.003067961661145091,-0.28071847558021545,-0.05675728991627693,0.6105243563652039,-0.1533980816602707,-0.1533980816602707,0.7792622447013855,-0.3067961633205414,-0.8958447575569153,-0.04908738657832146
289,-0.0,0.0,0.0,0.0,0.0,0.0,0.09800619632005692,-0.003067961661145091,0.11044661700725555,-1.477223515510559,-0.14112623035907745,0.004601942375302315,-0.003067961661145091,-0.27765053510665894,-0.07976700365543365,0.6488738656044006,-0.18254370987415314,-0.16566991806030273,0.7792622447013855,-0.3067961633205414,-0.8958447575569153,-0.04908738657832146
290,-0.0,0.0,0.0,0.0,0.0,0.0,0.09800619632005692,-0.003067961661145091,0.11044661700725555,-1.477223515510559,-0.14112623035907745,0.004601942375302315,-0.003067961661145091,-0.26998060941696167,-0.1089126393198967,0.6933593153953552,-0.22396118938922882,-0.17180584371089935,0.7792622447013855,-0.30526217818260193,-0.8958447575569153,-0.04908738657832146
291,-0.0,0.0,0.0,0.0,0.0,0.0,0.09800619632005692,-0.003067961661145091,0.11044661700725555,-1.477223515510559,-0.14112623035907745,0.004601942375302315,-0.003067961661145091,-0.2592427432537079,-0.12885437905788422,0.7363107800483704,-0.2623107135295868,-0.1595340073108673,0.7792622447013855,-0.3037281930446625,-0.8958447575569153,-0.04908738657832146
292,-0.0,0.0,0.0,0.0,0.0,0.0,0.09800619632005692,-0.003067961661145091,0.11044661700725555,-1.477223515510559,-0.14112623035907745,0.004601942375302315,-0.003067961661145091,-0.24390295147895813,-0.15800002217292786,0.7976700067520142,-0.31446605920791626,-0.16413594782352448,0.7792622447013855,-0.29145634174346924,-0.8958447575569153,-0.04908738657832146
293,-0.0,0.0,0.0,0.0,0.0,0.0,0.09800619632005692,-0.003067961661145091,0.11044661700725555,-1.477223515510559,-0.14112623035907745,0.004601942375302315,-0.003067961661145091,-0.23623304069042206,-0.18561168015003204,0.8574952483177185,-0.3681553900241852,-0.17180584371089935,0.7792622447013855,-0.29145634174346924,-0.8958447575569153,-0.04908738657832146
294,-0.0,0.0,0.0,0.0,0.0,0.0,0.09800619632005692,-0.003067961661145091,0.11044661700725555,-1.477223515510559,-0.14112623035907745,0.004601942375302315,-0.003067961661145091,-0.23316508531570435,-0.20862138271331787,0.9111846089363098,-0.4141748249530792,-0.17947575449943542,0.7792622447013855,-0.29145634174346924,-0.8958447575569153,-0.04908738657832146
295,-0.0,0.0,0.0,0.0,0.0,0.0,0.09800619632005692,-0.003067961661145091,0.11044661700725555,-1.477223515510559,-0.14112623035907745,0.004601942375302315,-0.003067961661145091,-0.23316508531570435,-0.22856314480304718,0.9648739099502563,-0.45099034905433655,-0.1702718734741211,0.7792622447013855,-0.29145634174346924,-0.8943107724189758,-0.04908738657832146
296,-0.0,0.0,0.0,0.0,0.0,0.0,0.09800619632005692,-0.003067961661145091,0.11044661700725555,-1.477223515510559,-0.14112623035907745,0.004601942375302315,-0.003067961661145091,-0.22396118938922882,-0.24083498120307922,0.9970875382423401,-0.4586602449417114,-0.1702718734741211,0.7792622447013855,-0.2883884012699127,-0.8927768468856812,-0.04908738657832146
297,-0.0,0.0,0.0,0.0,0.0,0.0,0.09800619632005692,-0.003067961661145091,0.11044661700725555,-1.477223515510559,-0.14112623035907745,0.004601942375302315,-0.003067961661145091,-0.2147573083639145,-0.2592427432537079,1.035436987876892,-0.4693981111049652,-0.17487381398677826,0.7792622447013855,-0.2822524607181549,-0.8927768468856812,-0.04908738657832146
298,-0.0,0.0,0.0,0.0,0.0,0.0,0.09800619632005692,-0.003067961661145091,0.11044661700725555,-1.477223515510559,-0.14112623035907745,0.004601942375302315,-0.003067961661145091,-0.19634954631328583,-0.28378644585609436,1.0921943187713623,-0.4862719178199768,-0.19328157603740692,0.7792622447013855,-0.2822524607181549,-0.8927768468856812,-0.04908738657832146
299,-0.0,0.0,0.0,0.0,0.0,0.0,0.09800619632005692,-0.003067961661145091,0.11044661700725555,-1.477223515510559,-0.14112623035907745,0.004601942375302315,-0.003067961661145091,-0.19174760580062866,-0.3037281930446625,1.133611798286438,-0.5000777244567871,-0.20248545706272125,0.7792622447013855,-0.2822524607181549,-0.8927768468856812,-0.04908738657832146
300,-0.0,0.0,0.0,0.0,0.0,0.0,0.09800619632005692,-0.003067961661145091,0.11044661700725555,-1.477223515510559,-0.14112623035907745,0.004601942375302315,-0.003067961661145091,-0.19174760580062866,-0.31139808893203735,1.150485634803772,-0.5077476501464844,-0.20248545706272125,0.7792622447013855,-0.2822524607181549,-0.8881748914718628,-0.04908738657832146
301,-0.0,0.0,0.0,0.0,0.0,0.0,0.09800619632005692,-0.003067961661145091,0.11044661700725555,-1.477223515510559,-0.14112623035907745,0.004601942375302315,-0.003067961661145091,-0.20248545706272125,-0.31753402948379517,1.1581554412841797,-0.5138835906982422,-0.21015536785125732,0.7792622447013855,-0.28071847558021545,-0.8881748914718628,-0.04908738657832146
302,-0.0,0.0,0.0,0.0,0.0,0.0,0.09800619632005692,-0.003067961661145091,0.11044661700725555,-1.477223515510559,-0.14112623035907745,0.004601942375302315,-0.003067961661145091,-0.20555342733860016,-0.32827189564704895,1.179631233215332,-0.5230874419212341,-0.21168935298919678,0.7792622447013855,-0.28071847558021545,-0.8866409063339233,-0.04908738657832146
303,-0.0,0.0,0.0,0.0,0.0,0.0,0.09800619632005692,-0.003067961661145091,0.11044661700725555,-1.477223515510559,-0.14112623035907745,0.004601942375302315,-0.003067961661145091,-0.2070874124765396,-0.3405437469482422,1.1980390548706055,-0.5353593230247498,-0.22702915966510773,0.7792622447013855,-0.28071847558021545,-0.8866409063339233,-0.04908738657832146
304,-0.0,0.0,0.0,0.0,0.0,0.0,0.09800619632005692,-0.003067961661145091,0.11044661700725555,-1.477223515510559,-0.14112623035907745,0.004601942375302315,-0.003067961661145091,-0.2040194422006607,-0.3543495535850525,1.2210487127304077,-0.5445631742477417,-0.23316508531570435,0.7792622447013855,-0.28071847558021545,-0.8866409063339233,-0.04908738657832146
305,-0.0,0.0,0.0,0.0,0.0,0.0,0.09800619632005692,-0.003067961661145091,0.11044661700725555,-1.477223515510559,-0.14112623035907745,0.004601942375302315,-0.003067961661145091,-0.19941750168800354,-0.37275734543800354,1.2455923557281494,-0.5599029660224915,-0.2346990555524826,0.7792622447013855,-0.26998060941696167,-0.8866409063339233,-0.04908738657832146
306,-0.0,0.0,0.0,0.0,0.0,0.0,0.09800619632005692,-0.003067961661145091,0.11044661700725555,-1.477223515510559,-0.14112623035907745,0.004601942375302315,-0.003067961661145091,-0.19634954631328583,-0.3804272413253784,1.2532622814178467,-0.5721748471260071,-0.2346990555524826,0.7792622447013855,-0.26998060941696167,-0.882038950920105,-0.04908738657832146
307,-0.0,0.0,0.0,0.0,0.0,0.0,0.09800619632005692,-0.003067961661145091,0.11044661700725555,-1.477223515510559,-0.14112623035907745,0.004601942375302315,-0.003067961661145091,-0.19481556117534637,-0.3880971372127533,1.2624661922454834,-0.575242817401886,-0.2346990555524826,0.7792622447013855,-0.2684466242790222,-0.8805049657821655,-0.04908738657832146
308,-0.0,0.0,0.0,0.0,0.0,0.0,0.09800619632005692,-0.003067961661145091,0.11044661700725555,-1.477223515510559,-0.14112623035907745,0.004601942375302315,-0.003067961661145091,-0.19481556117534637,-0.401902973651886,1.2824078798294067,-0.5859806537628174,-0.2454369217157364,0.7792622447013855,-0.2684466242790222,-0.8805049657821655,-0.04908738657832146
309,-0.0,0.0,0.0,0.0,0.0,0.0,0.09800619632005692,-0.003067961661145091,0.11044661700725555,-1.477223515510559,-0.14112623035907745,0.004601942375302315,-0.003067961661145091,-0.19634954631328583,-0.40343695878982544,1.287009835243225,-0.5921165943145752,-0.24697090685367584,0.7792622447013855,-0.2684466242790222,-0.8805049657821655,-0.04908738657832146
310,-0.0,0.0,0.0,0.0,0.0,0.0,0.09800619632005692,-0.003067961661145091,0.11044661700725555,-1.477223515510559,-0.14112623035907745,0.004601942375302315,-0.003067961661145091,-0.1978835165500641,-0.40343695878982544,1.2793400287628174,-0.5967185497283936,-0.24697090685367584,0.7792622447013855,-0.2684466242790222,-0.8805049657821655,-0.04908738657832146
311,-0.0,0.0,0.0,0.0,0.0,0.0,0.09800619632005692,-0.003067961661145091,0.11044661700725555,-1.477223515510559,-0.14112623035907745,0.004601942375302315,-0.003067961661145091,-0.200951486825943,-0.40343695878982544,1.257864236831665,-0.5967185497283936,-0.24697090685367584,0.7792622447013855,-0.2684466242790222,-0.8759030103683472,-0.04908738657832146
312,-0.0,0.0,0.0,0.0,0.0,0.0,0.09800619632005692,-0.003067961661145091,0.11044661700725555,-1.477223515510559,-0.14112623035907745,0.004601942375302315,-0.003067961661145091,-0.20248545706272125,-0.3973010182380676,1.2333205938339233,-0.5967185497283936,-0.24697090685367584,0.7792622447013855,-0.2684466242790222,-0.8713011145591736,-0.04908738657832146
313,-0.0,0.0,0.0,0.0,0.0,0.0,0.09800619632005692,-0.003067961661145091,0.11044661700725555,-1.477223515510559,-0.14112623035907745,0.004601942375302315,-0.003067961661145091,-0.20555342733860016,-0.3773592710494995,1.1903691291809082,-0.5997864603996277,-0.24236896634101868,0.7792622447013855,-0.2684466242790222,-0.8713011145591736,-0.04908738657832146
314,-0.0,0.0,0.0,0.0,0.0,0.0,0.09800619632005692,-0.003067961661145091,0.11044661700725555,-1.477223515510559,-0.14112623035907745,0.004601942375302315,-0.003067961661145091,-0.2070874124765396,-0.35128161311149597,1.1351457834243774,-0.6028544306755066,-0.24236896634101868,0.7792622447013855,-0.26384469866752625,-0.8697671294212341,-0.04908738657832146
315,-0.0,0.0,0.0,0.0,0.0,0.0,0.09800619632005692,-0.003067961661145091,0.11044661700725555,-1.477223515510559,-0.14112623035907745,0.004601942375302315,-0.003067961661145091,-0.2070874124765396,-0.3374757766723633,1.0998642444610596,-0.604388415813446,-0.25770875811576843,0.7792622447013855,-0.2623107135295868,-0.8666991591453552,-0.04908738657832146
316,-0.0,0.0,0.0,0.0,0.0,0.0,0.09800619632005692,-0.003067961661145091,0.11044661700725555,-1.477223515510559,-0.14112623035907745,0.004601942375302315,-0.003067961661145091,-0.2040194422006607,-0.33594179153442383,1.0860583782196045,-0.6135923266410828,-0.251572847366333,0.7792622447013855,-0.26077672839164734,-0.8651651740074158,-0.04908738657832146
317,-0.0,0.0,0.0,0.0,0.0,0.0,0.09800619632005692,-0.003067961661145091,0.11044661700725555,-1.477223515510559,-0.14112623035907745,0.004601942375302315,-0.003067961661145091,-0.2040194422006607,-0.33594179153442383,1.084524393081665,-0.6273981332778931,-0.251572847366333,0.7792622447013855,-0.26077672839164734,-0.8651651740074158,-0.04908738657832146
318,-0.0,0.0,0.0,0.0,0.0,0.0,0.09800619632005692,-0.003067961661145091,0.11044661700725555,-1.477223515510559,-0.14112623035907745,0.004601942375302315,-0.003067961661145091,-0.2040194422006607,-0.33594179153442383,1.0814564228057861,-0.6273981332778931,-0.25310683250427246,0.7792622447013855,-0.26077672839164734,-0.8651651740074158,-0.04908738657832146
319,-0.0,0.0,0.0,0.0,0.0,0.0,0.09800619632005692,-0.003067961661145091,0.11044661700725555,-1.477223515510559,-0.14112623035907745,0.004601942375302315,-0.003067961661145091,-0.2040194422006607,-0.33133983612060547,1.0645827054977417,-0.6258641481399536,-0.2592427432537079,0.7792622447013855,-0.26077672839164734,-0.8651651740074158,-0.04908738657832146
320,-0.0,0.0,0.0,0.0,0.0,0.0,0.09800619632005692,-0.003067961661145091,0.11044661700725555,-1.477223515510559,-0.14112623035907745,0.004601942375302315,-0.003067961661145091,-0.20555342733860016,-0.3206019699573517,1.0492428541183472,-0.5844466686248779,-0.2715145945549011,0.777728259563446,-0.26077672839164734,-0.8651651740074158,-0.04908738657832146
321,-0.0,0.0,0.0,0.0,0.0,0.0,0.09800619632005692,-0.003067961661145091,0.11044661700725555,-1.477223515510559,-0.14112623035907745,0.004601942375302315,-0.003067961661145091,-0.21168935298919678,-0.3206019699573517,1.0446408987045288,-0.5506991147994995,-0.2454369217157364,0.7255728840827942,-0.26077672839164734,-0.8636311888694763,-0.04908738657832146
322,-0.0,0.0,0.0,0.0,0.0,0.0,0.09800619632005692,-0.003067961661145091,0.11044661700725555,-1.477223515510559,-0.14112623035907745,0.004601942375302315,-0.003067961661145091,-0.21629129350185394,-0.3206019699573517,1.0446408987045288,-0.5476311445236206,-0.22702915966510773,0.6688156127929688,-0.26077672839164734,-0.8636311888694763,-0.04908738657832146
323,-0.0,0.0,0.0,0.0,0.0,0.0,0.09800619632005692,-0.003067961661145091,0.11044661700725555,-1.477223515510559,-0.14112623035907745,0.004601942375302315,-0.003067961661145091,-0.2208932340145111,-0.3206019699573517,1.0446408987045288,-0.5476311445236206,-0.2316311001777649,0.604388415813446,-0.26077672839164734,-0.8636311888694763,-0.04908738657832146
324,-0.0,0.0,0.0,0.0,0.0,0.0,0.09800619632005692,-0.003067961661145091,0.11044661700725555,-1.477223515510559,-0.14112623035907745,0.004601942375302315,-0.003067961661145091,-0.2208932340145111,-0.3206019699573517,1.0446408987045288,-0.552233099937439,-0.2377670258283615,0.5399612188339233,-0.26077672839164734,-0.8636311888694763,-0.04908738657832146
325,-0.0,0.0,0.0,0.0,0.0,0.0,0.09800619632005692,-0.003067961661145091,0.11044661700725555,-1.477223515510559,-0.14112623035907745,0.004601942375302315,-0.003067961661145091,-0.2208932340145111,-0.3206019699573517,1.0446408987045288,-0.5614369511604309,-0.24236896634101868,0.4908738434314728,-0.26077672839164734,-0.8636311888694763,-0.04908738657832146
326,-0.0,0.0,0.0,0.0,0.0,0.0,0.09800619632005692,-0.003067961661145091,0.11044661700725555,-1.477223515510559,-0.14112623035907745,0.004601942375302315,-0.003067961661145091,-0.21629129350185394,-0.3206019699573517,1.0446408987045288,-0.5675728917121887,-0.24390295147895813,0.45099034905433655,-0.26077672839164734,-0.8636311888694763,-0.04908738657832146
327,-0.0,0.0,0.0,0.0,0.0,0.0,0.09800619632005692,-0.003067961661145091,0.11044661700725555,-1.477223515510559,-0.14112623035907745,0.004601942375302315,-0.003067961661145091,-0.21322332322597504,-0.3206019699573517,1.0446408987045288,-0.5660389065742493,-0.24390295147895813,0.424912691116333,-0.26077672839164734,-0.8636311888694763,-0.04908738657832146
328,-0.0,0.0,0.0,0.0,0.0,0.0,0.09800619632005692,-0.003067961661145091,0.11044661700725555,-1.477223515510559,-0.14112623035907745,0.004601942375302315,-0.003067961661145091,-0.21015536785125732,-0.3206019699573517,1.0431069135665894,-0.5660389065742493,-0.2454369217157364,0.41264083981513977,-0.26077672839164734,-0.8636311888694763,-0.04908738657832146
329,-0.0,0.0,0.0,0.0,0.0,0.0,0.09800619632005692,-0.003067961661145091,0.11044661700725555,-1.477223515510559,-0.14112623035907745,0.004601942375302315,-0.003067961661145091,-0.21015536785125732,-0.3190680146217346,1.0431069135665894,-0.5660389065742493,-0.25310683250427246,0.4049709141254425,-0.26077672839164734,-0.8636311888694763,-0.04908738657832146
330,-0.0,0.0,0.0,0.0,0.0,0.0,0.09800619632005692,-0.003067961661145091,0.11044661700725555,-1.477223515510559,-0.14112623035907745,0.004601942375302315,-0.003067961661145091,-0.21015536785125732,-0.3190680146217346,1.0369709730148315,-0.5660389065742493,-0.25310683250427246,0.4049709141254425,-0.26077672839164734,-0.8636311888694763,-0.04908738657832146
331,-0.0,0.0,0.0,0.0,0.0,0.0,0.09800619632005692,-0.003067961661145091,0.11044661700725555,-1.477223515510559,-0.14112623035907745,0.004601942375302315,-0.003067961661145091,-0.21015536785125732,-0.3190680146217346,1.035436987876892,-0.5660389065742493,-0.25310683250427246,0.4049709141254425,-0.26077672839164734,-0.8636311888694763,-0.04908738657832146
332,-0.0,0.0,0.0,0.0,0.0,0.0,0.09800619632005692,-0.003067961661145091,0.11044661700725555,-1.477223515510559,-0.14112623035907745,0.004601942375302315,-0.003067961661145091,-0.21168935298919678,-0.3129320740699768,1.0293011665344238,-0.5660389065742493,-0.25310683250427246,0.4049709141254425,-0.26077672839164734,-0.8636311888694763,-0.04908738657832146
333,-0.0,0.0,0.0,0.0,0.0,0.0,0.09800619632005692,-0.003067961661145091,0.11044661700725555,-1.477223515510559,-0.14112623035907745,0.004601942375302315,-0.003067961661145091,-0.21168935298919678,-0.3037281930446625,1.009359359741211,-0.558368980884552,-0.23623304069042206,0.4049709141254425,-0.26077672839164734,-0.8636311888694763,-0.04908738657832146
334,-0.0,0.0,0.0,0.0,0.0,0.0,0.09800619632005692,-0.003067961661145091,0.11044661700725555,-1.477223515510559,-0.14112623035907745,0.004601942375302315,-0.003067961661145091,-0.21168935298919678,-0.28685441613197327,0.9786797165870667,-0.5414952039718628,-0.2040194422006607,0.4049709141254425,-0.26077672839164734,-0.8636311888694763,-0.04908738657832146
335,-0.0,0.0,0.0,0.0,0.0,0.0,0.09800619632005692,-0.003067961661145091,0.11044661700725555,-1.477223515510559,-0.14112623035907745,0.004601942375302315,-0.003067961661145091,-0.21322332322597504,-0.2546408176422119,0.9157865047454834,-0.5200194716453552,-0.1672039031982422,0.4049709141254425,-0.26077672839164734,-0.8636311888694763,-0.04908738657832146
336,-0.0,0.0,0.0,0.0,0.0,0.0,0.09800619632005692,-0.003067961661145091,0.11044661700725555,-1.477223515510559,-0.14112623035907745,0.004601942375302315,-0.003067961661145091,-0.21322332322597504,-0.22396118938922882,0.855961263179779,-0.49547579884529114,-0.1227184608578682,0.4049709141254425,-0.26077672839164734,-0.859029233455658,-0.04908738657832146
337,-0.0,0.0,0.0,0.0,0.0,0.0,0.09800619632005692,-0.003067961661145091,0.11044661700725555,-1.477223515510559,-0.14112623035907745,0.004601942375302315,-0.003067961661145091,-0.21322332322597504,-0.19481556117534637,0.7869321703910828,-0.46479618549346924,-0.08130098134279251,0.4049709141254425,-0.26077672839164734,-0.859029233455658,-0.04908738657832146
338,-0.0,0.0,0.0,0.0,0.0,0.0,0.09800619632005692,-0.003067961661145091,0.11044661700725555,-1.477223515510559,-0.14112623035907745,0.004601942375302315,-0.003067961661145091,-0.21322332322597504,-0.1564660370349884,0.6933593153953552,-0.4264466464519501,-0.023009711876511574,0.4049709141254425,-0.26077672839164734,-0.859029233455658,-0.04908738657832146
339,-0.0,0.0,0.0,0.0,0.0,0.0,0.09800619632005692,-0.003067961661145091,0.11044661700725555,-1.477223515510559,-0.14112623035907745,0.004601942375302315,-0.003067961661145091,-0.21168935298919678,-0.12885437905788422,0.6120583415031433,-0.40343695878982544,0.01073786523193121,0.4049709141254425,-0.26077672839164734,-0.8544272780418396,-0.04908738657832146
340,-0.0,0.0,0.0,0.0,0.0,0.0,0.09800619632005692,-0.003067961661145091,0.11044661700725555,-1.477223515510559,-0.14112623035907745,0.004601942375302315,-0.003067961661145091,-0.200951486825943,-0.10431069135665894,0.5491651296615601,-0.3880971372127533,0.03988350182771683,0.4049709141254425,-0.26077672839164734,-0.8513593077659607,-0.04908738657832146
341,-0.0,0.0,0.0,0.0,0.0,0.0,0.09800619632005692,-0.003067961661145091,0.11044661700725555,-1.477223515510559,-0.14112623035907745,0.004601942375302315,-0.003067961661145091,-0.1871456503868103,-0.07056311517953873,0.475534051656723,-0.3666214048862457,0.07363107800483704,0.4049709141254425,-0.26077672839164734,-0.8467574119567871,-0.04908738657832146
342,-0.0,0.0,0.0,0.0,0.0,0.0,0.09800619632005692,-0.003067961661145091,0.11044661700725555,-1.477223515510559,-0.14112623035907745,0.004601942375302315,-0.003067961661145091,-0.16566991806030273,-0.03528155758976936,0.3911651074886322,-0.3374757766723633,0.0951068103313446,0.4049709141254425,-0.26077672839164734,-0.8452234268188477,-0.04908738657832146
343,-0.0,0.0,0.0,0.0,0.0,0.0,0.09800619632005692,-0.003067961661145091,0.11044661700725555,-1.477223515510559,-0.14112623035907745,0.004601942375302315,-0.003067961661145091,-0.15186409652233124,-0.007669903803616762,0.3190680146217346,-0.30066022276878357,0.11504855751991272,0.4049709141254425,-0.2592427432537079,-0.8421554565429688,-0.04908738657832146
344,-0.0,0.0,0.0,0.0,0.0,0.0,0.09800619632005692,-0.003067961661145091,0.11044661700725555,-1.477223515510559,-0.14112623035907745,0.004601942375302315,-0.003067961661145091,-0.14112623035907745,0.02454369328916073,0.23316508531570435,-0.24697090685367584,0.12118448317050934,0.4049709141254425,-0.2592427432537079,-0.8406214714050293,-0.04908738657832146
345,-0.0,0.0,0.0,0.0,0.0,0.0,0.09800619632005692,-0.003067961661145091,0.11044661700725555,-1.477223515510559,-0.14112623035907745,0.004601942375302315,-0.003067961661145091,-0.13499030470848083,0.05522330850362778,0.14572817087173462,-0.18561168015003204,0.11965049803256989,0.4049709141254425,-0.2592427432537079,-0.8375535011291504,-0.05062136426568031
346,-0.0,0.0,0.0,0.0,0.0,0.0,0.09800619632005692,-0.003067961661145091,0.11044661700725555,-1.477223515510559,-0.14112623035907745,0.004601942375302315,-0.003067961661145091,-0.12885437905788422,0.08283495903015137,0.07209710031747818,-0.14879614114761353,0.13805827498435974,0.4049709141254425,-0.2592427432537079,-0.8375535011291504,-0.05062136426568031
347,-0.0,0.0,0.0,0.0,0.0,0.0,0.09800619632005692,-0.003067961661145091,0.11044661700725555,-1.477223515510559,-0.14112623035907745,0.004601942375302315,-0.003067961661145091,-0.11658254265785217,0.11504855751991272,-0.007669903803616762,-0.12425244599580765,0.14879614114761353,0.4049709141254425,-0.2592427432537079,-0.8375535011291504,-0.05675728991627693
348,-0.0,0.0,0.0,0.0,0.0,0.0,0.09800619632005692,-0.003067961661145091,0.11044661700725555,-1.477223515510559,-0.14112623035907745,0.004601942375302315,-0.003067961661145091,-0.0951068103313446,0.14572817087173462,-0.07363107800483704,-0.08436894416809082,0.15186409652233124,0.4049709141254425,-0.2592427432537079,-0.8375535011291504,-0.05675728991627693
349,-0.0,0.0,0.0,0.0,0.0,0.0,0.09800619632005692,-0.003067961661145091,0.11044661700725555,-1.477223515510559,-0.14112623035907745,0.004601942375302315,-0.003067961661145091,-0.08743690699338913,0.16873788833618164,-0.12425244599580765,-0.04908738657832146,0.14572817087173462,0.4049709141254425,-0.2592427432537079,-0.8375535011291504,-0.058291271328926086
350,-0.0,0.0,0.0,0.0,0.0,0.0,0.09800619632005692,-0.003067961661145091,0.11044661700725555,-1.477223515510559,-0.14112623035907745,0.004601942375302315,-0.003067961661145091,-0.07976700365543365,0.1978835165500641,-0.17794176936149597,-0.003067961661145091,0.1257864236831665,0.4049709141254425,-0.25617480278015137,-0.8375535011291504,-0.058291271328926086
351,-0.0,0.0,0.0,0.0,0.0,0.0,0.09800619632005692,-0.003067961661145091,0.11044661700725555,-1.477223515510559,-0.14112623035907745,0.004601942375302315,-0.003067961661145091,-0.07976700365543365,0.2208932340145111,-0.21935924887657166,0.03528155758976936,0.11351457983255386,0.4049709141254425,-0.251572847366333,-0.8375535011291504,-0.058291271328926086
352,-0.0,0.0,0.0,0.0,0.0,0.0,0.09800619632005692,-0.003067961661145091,0.11044661700725555,-1.477223515510559,-0.14112623035907745,0.004601942375302315,-0.003067961661145091,-0.07669904083013535,0.2454369217157364,-0.25770875811576843,0.08590292185544968,0.07516505569219589,0.4049709141254425,-0.251572847366333,-0.8375535011291504,-0.058291271328926086
353,-0.0,0.0,0.0,0.0,0.0,0.0,0.09800619632005692,-0.003067961661145091,0.11044661700725555,-1.477223515510559,-0.14112623035907745,0.004601942375302315,-0.003067961661145091,-0.06749515235424042,0.26691266894340515,-0.30526217818260193,0.16873788833618164,0.019941750913858414,0.4049709141254425,-0.251572847366333,-0.8375535011291504,-0.058291271328926086
354,-0.0,0.0,0.0,0.0,0.0,0.0,0.09800619632005692,-0.003067961661145091,0.11044661700725555,-1.477223515510559,-0.14112623035907745,0.004601942375302315,-0.003067961661145091,-0.05215534567832947,0.279184490442276,-0.3405437469482422,0.24236896634101868,-0.03681553900241852,0.4049709141254425,-0.251572847366333,-0.8375535011291504,-0.058291271328926086
355,-0.0,0.0,0.0,0.0,0.0,0.0,0.09800619632005692,-0.003067961661145091,0.11044661700725555,-1.477223515510559,-0.14112623035907745,0.004601942375302315,-0.003067961661145091,-0.05215534567832947,0.28685441613197327,-0.3681553900241852,0.2960582971572876,-0.07516505569219589,0.4049709141254425,-0.251572847366333,-0.8375535011291504,-0.058291271328926086
356,-0.0,0.0,0.0,0.0,0.0,0.0,0.09800619632005692,-0.003067961661145091,0.11044661700725555,-1.477223515510559,-0.14112623035907745,0.004601942375302315,-0.003067961661145091,-0.05368932709097862,0.2929903268814087,-0.39269909262657166,0.3466796576976776,-0.1089126393198967,0.4049709141254425,-0.251572847366333,-0.8375535011291504,-0.058291271328926086
357,-0.0,0.0,0.0,0.0,0.0,0.0,0.09800619632005692,-0.003067961661145091,0.11044661700725555,-1.477223515510559,-0.14112623035907745,0.004601942375302315,-0.003067961661145091,-0.0613592304289341,0.2991262674331665,-0.4080388844013214,0.4111068546772003,-0.1672039031982422,0.4049709141254425,-0.25003886222839355,-0.8375535011291504,-0.058291271328926086
358,-0.0,0.0,0.0,0.0,0.0,0.0,0.09800619632005692,-0.003067961661145091,0.11044661700725555,-1.477223515510559,-0.14112623035907745,0.004601942375302315,-0.003067961661145091,-0.06289321184158325,0.3037281930446625,-0.4111068546772003,0.46479618549346924,-0.23623304069042206,0.4049709141254425,-0.2454369217157364,-0.8375535011291504,-0.058291271328926086
359,-0.0,0.0,0.0,0.0,0.0,0.0,0.09800619632005692,-0.003067961661145091,0.11044661700725555,-1.477223515510559,-0.14112623035907745,0.004601942375302315,-0.003067961661145091,-0.06289321184158325,0.3098641335964203,-0.424912691116333,0.5184854865074158,-0.2929903268814087,0.4049709141254425,-0.24390295147895813,-0.8375535011291504,-0.058291271328926086
360,-0.0,0.0,0.0,0.0,0.0,0.0,0.09800619632005692,-0.003067961661145091,0.11044661700725555,-1.477223515510559,-0.14112623035907745,0.004601942375302315,-0.003067961661145091,-0.0613592304289341,0.3160000443458557,-0.44025248289108276,0.5399612188339233,-0.31139808893203735,0.4049709141254425,-0.24390295147895813,-0.8375535011291504,-0.058291271328926086
361,-0.0,0.0,0.0,0.0,0.0,0.0,0.09800619632005692,-0.003067961661145091,0.11044661700725555,-1.477223515510559,-0.14112623035907745,0.004601942375302315,-0.003067961661145091,-0.04908738657832146,0.3206019699573517,-0.46786412596702576,0.5414952039718628,-0.2960582971572876,0.4049709141254425,-0.24390295147895813,-0.8375535011291504,-0.058291271328926086
362,-0.0,0.0,0.0,0.0,0.0,0.0,0.09800619632005692,-0.003067961661145091,0.11044661700725555,-1.477223515510559,-0.14112623035907745,0.004601942375302315,-0.003067961661145091,-0.03374757617712021,0.33133983612060547,-0.5000777244567871,0.5338253378868103,-0.25617480278015137,0.4049709141254425,-0.24390295147895813,-0.8375535011291504,-0.058291271328926086
363,-0.0,0.0,0.0,0.0,0.0,0.0,0.09800619632005692,-0.003067961661145091,0.11044661700725555,-1.477223515510559,-0.14112623035907745,0.004601942375302315,-0.003067961661145091,-0.023009711876511574,0.34514567255973816,-0.5246214270591736,0.5108156204223633,-0.22702915966510773,0.4049709141254425,-0.24390295147895813,-0.8375535011291504,-0.058291271328926086
364,-0.0,0.0,0.0,0.0,0.0,0.0,0.09800619632005692,-0.003067961661145091,0.11044661700725555,-1.477223515510559,-0.14112623035907745,0.004601942375302315,-0.003067961661145091,-0.02147573046386242,0.35895150899887085,-0.558368980884552,0.45405831933021545,-0.17947575449943542,0.4049709141254425,-0.24390295147895813,-0.8375535011291504,-0.058291271328926086
365,-0.0,0.0,0.0,0.0,0.0,0.0,0.09800619632005692,-0.003067961661145091,0.11044661700725555,-1.477223515510559,-0.14112623035907745,0.004601942375302315,-0.003067961661145091,-0.02454369328916073,0.37582528591156006,-0.5905826091766357,0.3681553900241852,-0.10584467649459839,0.4049709141254425,-0.24390295147895813,-0.832951545715332,-0.058291271328926086
366,-0.0,0.0,0.0,0.0,0.0,0.0,0.09800619632005692,-0.003067961661145091,0.11044661700725555,-1.477223515510559,-0.14112623035907745,0.004601942375302315,-0.003067961661145091,-0.01840776950120926,0.3942330479621887,-0.6320000886917114,0.26077672839164734,-0.007669903803616762,0.4049709141254425,-0.24236896634101868,-0.8314175605773926,-0.058291271328926086
367,-0.0,0.0,0.0,0.0,0.0,0.0,0.09800619632005692,-0.003067961661145091,0.11044661700725555,-1.477223515510559,-0.14112623035907745,0.004601942375302315,-0.003067961661145091,-0.00920388475060463,0.4080388844013214,-0.6642136573791504,0.15800002217292786,0.08130098134279251,0.4049709141254425,-0.24236896634101868,-0.8314175605773926,-0.058291271328926086
368,-0.0,0.0,0.0,0.0,0.0,0.0,0.09800619632005692,-0.003067961661145091,0.11044661700725555,-1.477223515510559,-0.14112623035907745,0.004601942375302315,-0.003067961661145091,0.003067961661145091,0.42031073570251465,-0.7010292410850525,0.05675728991627693,0.16873788833618164,0.4049709141254425,-0.24236896634101868,-0.8314175605773926,-0.058291271328926086
369,-0.0,0.0,0.0,0.0,0.0,0.0,0.09800619632005692,-0.003067961661145091,0.11044661700725555,-1.477223515510559,-0.14112623035907745,0.004601942375302315,-0.003067961661145091,0.003067961661145091,0.42337870597839355,-0.7194370031356812,-0.012271846644580364,0.22549517452716827,0.4049709141254425,-0.24390295147895813,-0.826815664768219,-0.058291271328926086
370,-0.0,0.0,0.0,0.0,0.0,0.0,0.09800619632005692,-0.003067961661145091,0.11044661700725555,-1.477223515510559,-0.14112623035907745,0.004601942375302315,-0.003067961661145091,-0.004601942375302315,0.4279806315898895,-0.7271068692207336,-0.03988350182771683,0.24083498120307922,0.4049709141254425,-0.24697090685367584,-0.826815664768219,-0.058291271328926086
371,-0.0,0.0,0.0,0.0,0.0,0.0,0.09800619632005692,-0.003067961661145091,0.11044661700725555,-1.477223515510559,-0.14112623035907745,0.004601942375302315,-0.003067961661145091,-0.006135923322290182,0.4356505572795868,-0.7347767949104309,-0.03681553900241852,0.22396118938922882,0.4049709141254425,-0.24697090685367584,-0.826815664768219,-0.058291271328926086
372,-0.0,0.0,0.0,0.0,0.0,0.0,0.09800619632005692,-0.003067961661145091,0.11044661700725555,-1.477223515510559,-0.14112623035907745,0.004601942375302315,-0.003067961661145091,-0.003067961661145091,0.4417864680290222,-0.7363107800483704,0.0015339808305725455,0.18100973963737488,0.4049709141254425,-0.24697090685367584,-0.826815664768219,-0.058291271328926086
373,-0.0,0.0,0.0,0.0,0.0,0.0,0.09800619632005692,-0.003067961661145091,0.11044661700725555,-1.477223515510559,-0.14112623035907745,0.004601942375302315,-0.003067961661145091,0.003067961661145091,0.44332045316696167,-0.7363107800483704,0.041417479515075684,0.14419420063495636,0.4049709141254425,-0.24697090685367584,-0.826815664768219,-0.058291271328926086
374,-0.0,0.0,0.0,0.0,0.0,0.0,0.09800619632005692,-0.003067961661145091,0.11044661700725555,-1.477223515510559,-0.14112623035907745,0.004601942375302315,-0.003067961661145091,0.007669903803616762,0.4463884234428406,-0.7485826015472412,0.06902913749217987,0.1227184608578682,0.4049709141254425,-0.24697090685367584,-0.826815664768219,-0.058291271328926086
375,-0.0,0.0,0.0,0.0,0.0,0.0,0.09800619632005692,-0.003067961661145091,0.11044661700725555,-1.477223515510559,-0.14112623035907745,0.004601942375302315,-0.003067961661145091,0.00920388475060463,0.4463884234428406,-0.7623884677886963,0.08436894416809082,0.11198059469461441,0.4049709141254425,-0.24697090685367584,-0.826815664768219,-0.058291271328926086
376,-0.0,0.0,0.0,0.0,0.0,0.0,0.09800619632005692,-0.003067961661145091,0.11044661700725555,-1.477223515510559,-0.14112623035907745,0.004601942375302315,-0.003067961661145091,0.02147573046386242,0.4463884234428406,-0.777728259563446,0.11044661700725555,0.08590292185544968,0.4049709141254425,-0.24697090685367584,-0.826815664768219,-0.058291271328926086
377,-0.0,0.0,0.0,0.0,0.0,0.0,0.09800619632005692,-0.003067961661145091,0.11044661700725555,-1.477223515510559,-0.14112623035907745,0.004601942375302315,-0.003067961661145091,0.032213594764471054,0.44792237877845764,-0.7853981852531433,0.13192234933376312,0.06749515235424042,0.4049709141254425,-0.24697090685367584,-0.826815664768219,-0.058291271328926086
378,-0.0,0.0,0.0,0.0,0.0,0.0,0.09800619632005692,-0.003067961661145091,0.11044661700725555,-1.477223515510559,-0.14112623035907745,0.004601942375302315,-0.003067961661145091,0.03528155758976936,0.45099034905433655,-0.7946020364761353,0.13192234933376312,0.05982524901628494,0.4049709141254425,-0.24697090685367584,-0.826815664768219,-0.058291271328926086
379,-0.0,0.0,0.0,0.0,0.0,0.0,0.09800619632005692,-0.003067961661145091,0.11044661700725555,-1.477223515510559,-0.14112623035907745,0.004601942375302315,-0.003067961661145091,0.02761165425181389,0.45099034905433655,-0.803805947303772,0.13192234933376312,0.05675728991627693,0.4049709141254425,-0.24390295147895813,-0.826815664768219,-0.05368932709097862
380,-0.0,0.0,0.0,0.0,0.0,0.0,0.09800619632005692,-0.003067961661145091,0.11044661700725555,-1.477223515510559,-0.14112623035907745,0.004601942375302315,-0.003067961661145091,0.023009711876511574,0.45099034905433655,-0.8130097985267639,0.13192234933376312,0.05675728991627693,0.4049709141254425,-0.24236896634101868,-0.826815664768219,-0.05215534567832947
381,-0.0,0.0,0.0,0.0,0.0,0.0,0.09800619632005692,-0.003067961661145091,0.11044661700725555,-1.477223515510559,-0.14112623035907745,0.004601942375302315,-0.003067961661145091,0.023009711876511574,0.45099034905433655,-0.8130097985267639,0.13805827498435974,0.058291271328926086,0.4049709141254425,-0.24236896634101868,-0.8222137093544006,-0.05215534567832947
382,-0.0,0.0,0.0,0.0,0.0,0.0,0.09800619632005692,-0.003067961661145091,0.11044661700725555,-1.477223515510559,-0.14112623035907745,0.004601942375302315,-0.003067961661145091,0.026077672839164734,0.45099034905433655,-0.8130097985267639,0.15033011138439178,0.05522330850362778,0.4049709141254425,-0.24236896634101868,-0.8206797242164612,-0.05215534567832947
383,-0.0,0.0,0.0,0.0,0.0,0.0,0.09800619632005692,-0.003067961661145091,0.11044661700725555,-1.477223515510559,-0.14112623035907745,0.004601942375302315,-0.003067961661145091,0.029145635664463043,0.4555923044681549,-0.8130097985267639,0.1595340073108673,0.0475534051656723,0.4049709141254425,-0.24236896634101868,-0.8206797242164612,-0.05215534567832947
384,-0.0,0.0,0.0,0.0,0.0,0.0,0.09800619632005692,-0.003067961661145091,0.11044661700725555,-1.477223515510559,-0.14112623035907745,0.004601942375302315,-0.003067961661145091,0.03067961521446705,0.45712628960609436,-0.8130097985267639,0.17640778422355652,0.03681553900241852,0.4049709141254425,-0.24236896634101868,-0.8206797242164612,-0.05215534567832947
385,-0.0,0.0,0.0,0.0,0.0,0.0,0.09800619632005692,-0.003067961661145091,0.11044661700725555,-1.477223515510559,-0.14112623035907745,0.004601942375302315,-0.003067961661145091,0.032213594764471054,0.4601942300796509,-0.8130097985267639,0.1902136206626892,0.03681553900241852,0.4049709141254425,-0.24236896634101868,-0.8206797242164612,-0.05215534567832947
386,-0.0,0.0,0.0,0.0,0.0,0.0,0.09800619632005692,-0.003067961661145091,0.11044661700725555,-1.477223515510559,-0.14112623035907745,0.004601942375302315,-0.003067961661145091,0.029145635664463043,0.4601942300796509,-0.8130097985267639,0.21168935298919678,0.03528155758976936,0.4049709141254425,-0.24236896634101868,-0.8206797242164612,-0.05215534567832947
387,-0.0,0.0,0.0,0.0,0.0,0.0,0.09800619632005692,-0.003067961661145091,0.11044661700725555,-1.477223515510559,-0.14112623035907745,0.004601942375302315,-0.003067961661145091,0.03067961521446705,0.4601942300796509,-0.8053399324417114,0.22396118938922882,0.026077672839164734,0.4049709141254425,-0.24236896634101868,-0.8206797242164612,-0.05215534567832947
388,-0.0,0.0,0.0,0.0,0.0,0.0,0.09800619632005692,-0.003067961661145091,0.11044661700725555,-1.477223515510559,-0.14112623035907745,0.004601942375302315,-0.003067961661145091,0.03067961521446705,0.4586602449417114,-0.7946020364761353,0.24390295147895813,0.00920388475060463,0.4049709141254425,-0.24236896634101868,-0.8160777688026428,-0.05215534567832947
389,-0.0,0.0,0.0,0.0,0.0,0.0,0.09800619632005692,-0.003067961661145091,0.11044661700725555,-1.477223515510559,-0.14112623035907745,0.004601942375302315,-0.003067961661145091,0.029145635664463043,0.4586602449417114,-0.7884660959243774,0.2684466242790222,-0.006135923322290182,0.4049709141254425,-0.24236896634101868,-0.8145437836647034,-0.05215534567832947
390,-0.0,0.0,0.0,0.0,0.0,0.0,0.09800619632005692,-0.003067961661145091,0.11044661700725555,-1.477223515510559,-0.14112623035907745,0.004601942375302315,-0.003067961661145091,0.029145635664463043,0.45712628960609436,-0.7884660959243774,0.2899223566055298,-0.019941750913858414,0.4049709141254425,-0.24236896634101868,-0.8145437836647034,-0.04601942375302315
391,-0.0,0.0,0.0,0.0,0.0,0.0,0.09800619632005692,-0.003067961661145091,0.11044661700725555,-1.477223515510559,-0.14112623035907745,0.004601942375302315,-0.003067961661145091,0.029145635664463043,0.45405831933021545,-0.7884660959243774,0.2960582971572876,-0.02147573046386242,0.4049709141254425,-0.24236896634101868,-0.8145437836647034,-0.04601942375302315
392,-0.0,0.0,0.0,0.0,0.0,0.0,0.09800619632005692,-0.003067961661145091,0.11044661700725555,-1.477223515510559,-0.14112623035907745,0.004601942375302315,-0.003067961661145091,0.029145635664463043,0.45099034905433655,-0.7884660959243774,0.2960582971572876,0.016873788088560104,0.4049709141254425,-0.24236896634101868,-0.8145437836647034,-0.04601942375302315
393,-0.0,0.0,0.0,0.0,0.0,0.0,0.09800619632005692,-0.003067961661145091,0.11044661700725555,-1.477223515510559,-0.14112623035907745,0.004601942375302315,-0.003067961661145091,0.029145635664463043,0.4463884234428406,-0.7884660959243774,0.2960582971572876,0.06442718952894211,0.4049709141254425,-0.24236896634101868,-0.8145437836647034,-0.04601942375302315
394,-0.0,0.0,0.0,0.0,0.0,0.0,0.09800619632005692,-0.003067961661145091,0.11044661700725555,-1.477223515510559,-0.14112623035907745,0.004601942375302315,-0.003067961661145091,0.03067961521446705,0.4463884234428406,-0.7884660959243774,0.2991262674331665,0.08283495903015137,0.4049709141254425,-0.24236896634101868,-0.8145437836647034,-0.04601942375302315
395,-0.0,0.0,0.0,0.0,0.0,0.0,0.09800619632005692,-0.003067961661145091,0.11044661700725555,-1.477223515510559,-0.14112623035907745,0.004601942375302315,-0.003067961661145091,0.029145635664463043,0.4463884234428406,-0.7900000810623169,0.34207770228385925,0.11965049803256989,0.4049709141254425,-0.24236896634101868,-0.8145437836647034,-0.04601942375302315
396,-0.0,0.0,0.0,0.0,0.0,0.0,0.09800619632005692,-0.003067961661145091,0.11044661700725555,-1.477223515510559,-0.14112623035907745,0.004601942375302315,-0.003067961661145091,0.029145635664463043,0.4463884234428406,-0.7900000810623169,0.3911651074886322,0.1426602154970169,0.4049709141254425,-0.24236896634101868,-0.8145437836647034,-0.04601942375302315
397,-0.0,0.0,0.0,0.0,0.0,0.0,0.09800619632005692,-0.003067961661145091,0.11044661700725555,-1.477223515510559,-0.14112623035907745,0.004601942375302315,-0.003067961661145091,0.02761165425181389,0.4463884234428406,-0.7900000810623169,0.4157087802886963,0.14572817087173462,0.4049709141254425,-0.24236896634101868,-0.8145437836647034,-0.04295146092772484
398,-0.0,0.0,0.0,0.0,0.0,0.0,0.09800619632005692,-0.003067961661145091,0.11044661700725555,-1.477223515510559,-0.14112623035907745,0.004601942375302315,-0.003067961661145091,0.02761165425181389,0.4463884234428406,-0.7900000810623169,0.41724276542663574,0.14572817087173462,0.4049709141254425,-0.24236896634101868,-0.8114758133888245,-0.04295146092772484
399,-0.0,0.0,0.0,0.0,0.0,0.0,0.09800619632005692,-0.003067961661145091,0.11044661700725555,-1.477223515510559,-0.14112623035907745,0.004601942375302315,-0.003067961661145091,0.029145635664463043,0.4448544383049011,-0.7915340662002563,0.41724276542663574,0.14572817087173462,0.4049709141254425,-0.24236896634101868,-0.8114758133888245,-0.04295146092772484
400,-0.0,0.0,0.0,0.0,0.0,0.0,0.09800619632005692,-0.003067961661145091,0.11044661700725555,-1.477223515510559,-0.14112623035907745,0.004601942375302315,-0.003067961661145091,0.029145635664463043,0.4448544383049011,-0.7915340662002563,0.41724276542663574,0.14572817087173462,0.4049709141254425,-0.24236896634101868,-0.8114758133888245,-0.04295146092772484
401,-0.0,0.0,0.0,0.0,0.0,0.0,0.09800619632005692,-0.003067961661145091,0.11044661700725555,-1.477223515510559,-0.14112623035907745,0.004601942375302315,-0.003067961661145091,0.029145635664463043,0.4448544383049011,-0.7915340662002563,0.41724276542663574,0.14572817087173462,0.4049709141254425,-0.24236896634101868,-0.8114758133888245,-0.04295146092772484
402,-0.0,0.0,0.0,0.0,0.0,0.0,0.09800619632005692,-0.003067961661145091,0.11044661700725555,-1.477223515510559,-0.14112623035907745,0.004601942375302315,-0.003067961661145091,0.029145635664463043,0.4448544383049011,-0.7915340662002563,0.41724276542663574,0.14572817087173462,0.4049709141254425,-0.24083498120307922,-0.8084079027175903,-0.04295146092772484
403,-0.0,0.0,0.0,0.0,0.0,0.0,0.09800619632005692,-0.003067961661145091,0.11044661700725555,-1.477223515510559,-0.14112623035907745,0.004601942375302315,-0.003067961661145091,0.029145635664463043,0.4448544383049011,-0.7915340662002563,0.41724276542663574,0.14572817087173462,0.4049709141254425,-0.23623304069042206,-0.8084079027175903,-0.04295146092772484
404,-0.0,0.0,0.0,0.0,0.0,0.0,0.09800619632005692,-0.003067961661145091,0.11044661700725555,-1.477223515510559,-0.14112623035907745,0.004601942375302315,-0.003067961661145091,0.029145635664463043,0.4448544383049011,-0.7915340662002563,0.41724276542663574,0.14572817087173462,0.4049709141254425,-0.23623304069042206,-0.8084079027175903,-0.04295146092772484
405,-0.0,0.0,0.0,0.0,0.0,0.0,0.09800619632005692,-0.003067961661145091,0.11044661700725555,-1.477223515510559,-0.14112623035907745,0.004601942375302315,-0.003067961661145091,0.029145635664463043,0.4448544383049011,-0.7915340662002563,0.41724276542663574,0.14572817087173462,0.4049709141254425,-0.23623304069042206,-0.8084079027175903,-0.04295146092772484
406,-0.0,0.0,0.0,0.0,0.0,0.0,0.09800619632005692,-0.003067961661145091,0.11044661700725555,-1.477223515510559,-0.14112623035907745,0.004601942375302315,-0.003067961661145091,0.029145635664463043,0.4448544383049011,-0.7915340662002563,0.41724276542663574,0.14572817087173462,0.4049709141254425,-0.23623304069042206,-0.8084079027175903,-0.04295146092772484
407,-0.0,0.0,0.0,0.0,0.0,0.0,0.09800619632005692,-0.003067961661145091,0.11044661700725555,-1.477223515510559,-0.14112623035907745,0.004601942375302315,-0.003067961661145091,0.029145635664463043,0.4448544383049011,-0.7915340662002563,0.41724276542663574,0.14572817087173462,0.4049709141254425,-0.23623304069042206,-0.8084079027175903,-0.04295146092772484
408,-0.0,0.0,0.0,0.0,0.0,0.0,0.09800619632005692,-0.003067961661145091,0.11044661700725555,-1.477223515510559,-0.14112623035907745,0.004601942375302315,-0.003067961661145091,0.029145635664463043,0.4448544383049011,-0.7915340662002563,0.41724276542663574,0.14572817087173462,0.4049709141254425,-0.23623304069042206,-0.8084079027175903,-0.04295146092772484
409,-0.0,0.0,0.0,0.0,0.0,0.0,0.09800619632005692,-0.003067961661145091,0.11044661700725555,-1.477223515510559,-0.14112623035907745,0.004601942375302315,-0.003067961661145091,0.029145635664463043,0.4448544383049011,-0.7915340662002563,0.41724276542663574,0.14572817087173462,0.4049709141254425,-0.23623304069042206,-0.8084079027175903,-0.04295146092772484
